25.06	 1981	 9	 1	 0	 0	 0.000000
 24.83	 1981	 9	 2	 0	 0	 0.000000
 24.41	 1981	 9	 3	 0	 0	 0.000000
 24.31	 1981	 9	 4	 0	 0	 0.000000
 24.3	 1981	 9	 5	 0	 0	 0.000000
 24.6	 1981	 9	 6	 0	 0	 0.000000
 24.43	 1981	 9	 7	 0	 0	 0.000000
 24.41	 1981	 9	 8	 0	 0	 0.000000
 24.54	 1981	 9	 9	 0	 0	 0.000000
 24.12	 1981	 9	 10	 0	 0	 0.000000
 23.72	 1981	 9	 11	 0	 0	 0.000000
 23.64	 1981	 9	 12	 0	 0	 0.000000
 23.57	 1981	 9	 13	 0	 0	 0.000000
 23.08	 1981	 9	 14	 0	 0	 0.000000
 23.08	 1981	 9	 15	 0	 0	 0.000000
 23.22	 1981	 9	 16	 0	 0	 0.000000
 23.07	 1981	 9	 17	 0	 0	 0.000000
 22.5	 1981	 9	 18	 0	 0	 0.000000
 22.48	 1981	 9	 19	 0	 0	 0.000000
 22.66	 1981	 9	 20	 0	 0	 0.000000
 22.86	 1981	 9	 21	 0	 0	 0.000000
 22.79	 1981	 9	 22	 0	 0	 0.000000
 22.63	 1981	 9	 23	 0	 0	 0.000000
 22.81	 1981	 9	 24	 0	 0	 0.000000
 22.37	 1981	 9	 25	 0	 0	 0.000000
 22.25	 1981	 9	 26	 0	 0	 0.000000
 22.6	 1981	 9	 27	 0	 0	 0.000000
 22.62	 1981	 9	 28	 0	 0	 0.000000
 22.42	 1981	 9	 29	 0	 0	 0.000000
 22.42	 1981	 9	 30	 0	 0	 0.000000
 22.68	 1981	 10	 1	 0	 0	 0.000000
 22.38	 1981	 10	 2	 0	 0	 0.000000
 22.12	 1981	 10	 3	 0	 0	 0.000000
 21.27	 1981	 10	 4	 0	 0	 0.000000
 21.57	 1981	 10	 5	 0	 0	 0.000000
 22.14	 1981	 10	 6	 0	 0	 0.000000
 21.82	 1981	 10	 7	 0	 0	 0.000000
 21.47	 1981	 10	 8	 0	 0	 0.000000
 21.65	 1981	 10	 9	 0	 0	 0.000000
 21.84	 1981	 10	 10	 0	 0	 0.000000
 21.74	 1981	 10	 11	 0	 0	 0.000000
 21.53	 1981	 10	 12	 0	 0	 0.000000
 21.45	 1981	 10	 13	 0	 0	 0.000000
 21.27	 1981	 10	 14	 0	 0	 0.000000
 20.89	 1981	 10	 15	 0	 0	 0.000000
 20.92	 1981	 10	 16	 0	 0	 0.000000
 20.57	 1981	 10	 17	 0	 0	 0.000000
 19.94	 1981	 10	 18	 0	 0	 0.000000
 19.87	 1981	 10	 19	 0	 0	 0.000000
 19.88	 1981	 10	 20	 0	 0	 0.000000
 19.32	 1981	 10	 21	 0	 0	 0.000000
 20.07	 1981	 10	 22	 0	 0	 0.000000
 20.35	 1981	 10	 23	 0	 0	 0.000000
 20.18	 1981	 10	 24	 0	 0	 0.000000
 19.98	 1981	 10	 25	 0	 0	 0.000000
 19.73	 1981	 10	 26	 0	 0	 0.000000
 19.21	 1981	 10	 27	 0	 0	 0.000000
 18.95	 1981	 10	 28	 0	 0	 0.000000
 17.99	 1981	 10	 29	 0	 0	 0.000000
 17.79	 1981	 10	 30	 0	 0	 0.000000
 18.03	 1981	 10	 31	 0	 0	 0.000000
 18.01	 1981	 11	 1	 0	 0	 0.000000
 17.81	 1981	 11	 2	 0	 0	 0.000000
 17.71	 1981	 11	 3	 0	 0	 0.000000
 17.46	 1981	 11	 4	 0	 0	 0.000000
 17.36	 1981	 11	 5	 0	 0	 0.000000
 17.7	 1981	 11	 6	 0	 0	 0.000000
 17.86	 1981	 11	 7	 0	 0	 0.000000
 17.64	 1981	 11	 8	 0	 0	 0.000000
 17.57	 1981	 11	 9	 0	 0	 0.000000
 17.58	 1981	 11	 10	 0	 0	 0.000000
 17.39	 1981	 11	 11	 0	 0	 0.000000
 17.19	 1981	 11	 12	 0	 0	 0.000000
 16.98	 1981	 11	 13	 0	 0	 0.000000
 16.61	 1981	 11	 14	 0	 0	 0.000000
 16.55	 1981	 11	 15	 0	 0	 0.000000
 16.27	 1981	 11	 16	 0	 0	 0.000000
 15.76	 1981	 11	 17	 0	 0	 0.000000
 15.4	 1981	 11	 18	 0	 0	 0.000000
 15.1	 1981	 11	 19	 0	 0	 0.000000
 14.47	 1981	 11	 20	 0	 0	 0.000000
 14.16	 1981	 11	 21	 0	 0	 0.000000
 14.03	 1981	 11	 22	 0	 0	 0.000000
 13.9	 1981	 11	 23	 0	 0	 0.000000
 14.43	 1981	 11	 24	 0	 0	 0.000000
 14.64	 1981	 11	 25	 0	 0	 0.000000
 15.01	 1981	 11	 26	 0	 0	 0.000000
 14.94	 1981	 11	 27	 0	 0	 0.000000
 14.78	 1981	 11	 28	 0	 0	 0.000000
 14.7	 1981	 11	 29	 0	 0	 0.000000
 14.67	 1981	 11	 30	 0	 0	 0.000000
 14.63	 1981	 12	 1	 0	 0	 0.000000
 13.38	 1981	 12	 2	 0	 0	 0.000000
 13.38	 1981	 12	 3	 0	 0	 0.000000
 13.37	 1981	 12	 4	 0	 0	 0.000000
 13.21	 1981	 12	 5	 0	 0	 0.000000
 13.37	 1981	 12	 6	 0	 0	 0.000000
 13.41	 1981	 12	 7	 0	 0	 0.000000
 13.44	 1981	 12	 8	 0	 0	 0.000000
 13.35	 1981	 12	 9	 0	 0	 0.000000
 13.37	 1981	 12	 10	 0	 0	 0.000000
 13.44	 1981	 12	 11	 0	 0	 0.000000
 13.32	 1981	 12	 12	 0	 0	 0.000000
 13.16	 1981	 12	 13	 0	 0	 0.000000
 13.04	 1981	 12	 14	 0	 0	 0.000000
 12.89	 1981	 12	 15	 0	 0	 0.000000
 12.72	 1981	 12	 16	 0	 0	 0.000000
 12.61	 1981	 12	 17	 0	 0	 0.000000
 12.65	 1981	 12	 18	 0	 0	 0.000000
 12.69	 1981	 12	 19	 0	 0	 0.000000
 12.68	 1981	 12	 20	 0	 0	 0.000000
 12.34	 1981	 12	 21	 0	 0	 0.000000
 12.69	 1981	 12	 22	 0	 0	 0.000000
 12.79	 1981	 12	 23	 0	 0	 0.000000
 12.79	 1981	 12	 24	 0	 0	 0.000000
 12.54	 1981	 12	 25	 0	 0	 0.000000
 12.44	 1981	 12	 26	 0	 0	 0.000000
 12.4	 1981	 12	 27	 0	 0	 0.000000
 12.29	 1981	 12	 28	 0	 0	 0.000000
 12.21	 1981	 12	 29	 0	 0	 0.000000
 12.12	 1981	 12	 30	 0	 0	 0.000000
 11.91	 1981	 12	 31	 0	 0	 0.000000
 11.97	 1982	 1	 1	 0	 0	 0.000000
 11.95	 1982	 1	 2	 0	 0	 0.000000
 11.88	 1982	 1	 3	 0	 0	 0.000000
 11.68	 1982	 1	 4	 0	 0	 0.000000
 11.75	 1982	 1	 5	 0	 0	 0.000000
 11.77	 1982	 1	 6	 0	 0	 0.000000
 11.48	 1982	 1	 7	 0	 0	 0.000000
 11.33	 1982	 1	 8	 0	 0	 0.000000
 11.2	 1982	 1	 9	 0	 0	 0.000000
 11.07	 1982	 1	 10	 0	 0	 0.000000
 10.41	 1982	 1	 11	 0	 0	 0.000000
 10.35	 1982	 1	 12	 0	 0	 0.000000
 10.17	 1982	 1	 13	 0	 0	 0.000000
 10.04	 1982	 1	 14	 0	 0	 0.000000
 10.24	 1982	 1	 15	 0	 0	 0.000000
 9.87	 1982	 1	 16	 0	 0	 0.000000
 9.61	 1982	 1	 17	 0	 0	 0.000000
 9.67	 1982	 1	 18	 0	 0	 0.000000
 10	 1982	 1	 19	 0	 0	 0.000000
 10.38	 1982	 1	 20	 0	 0	 0.000000
 10.45	 1982	 1	 21	 0	 0	 0.000000
 10.32	 1982	 1	 22	 0	 0	 0.000000
 10.26	 1982	 1	 23	 0	 0	 0.000000
 10.43	 1982	 1	 24	 0	 0	 0.000000
 10.4	 1982	 1	 25	 0	 0	 0.000000
 10.33	 1982	 1	 26	 0	 0	 0.000000
 10.56	 1982	 1	 27	 0	 0	 0.000000
 10.5	 1982	 1	 28	 0	 0	 0.000000
 10.45	 1982	 1	 29	 0	 0	 0.000000
 10.23	 1982	 1	 30	 0	 0	 0.000000
 10.19	 1982	 1	 31	 0	 0	 0.000000
 10.13	 1982	 2	 1	 0	 0	 0.000000
 10.07	 1982	 2	 2	 0	 0	 0.000000
 10.01	 1982	 2	 3	 0	 0	 0.000000
 9.66	 1982	 2	 4	 0	 0	 0.000000
 9.77	 1982	 2	 5	 0	 0	 0.000000
 9.75	 1982	 2	 6	 0	 0	 0.000000
 9.6	 1982	 2	 7	 0	 0	 0.000000
 9.51	 1982	 2	 8	 0	 0	 0.000000
 9.37	 1982	 2	 9	 0	 0	 0.000000
 9.18	 1982	 2	 10	 0	 0	 0.000000
 8.91	 1982	 2	 11	 0	 0	 0.000000
 8.69	 1982	 2	 12	 0	 0	 0.000000
 8.66	 1982	 2	 13	 0	 0	 0.000000
 8.6	 1982	 2	 14	 0	 0	 0.000000
 8.76	 1982	 2	 15	 0	 0	 0.000000
 8.9	 1982	 2	 16	 0	 0	 0.000000
 9.07	 1982	 2	 17	 0	 0	 0.000000
 8.74	 1982	 2	 18	 0	 0	 0.000000
 9.17	 1982	 2	 19	 0	 0	 0.000000
 9.61	 1982	 2	 20	 0	 0	 0.000000
 9.62	 1982	 2	 21	 0	 0	 0.000000
 9.78	 1982	 2	 22	 0	 0	 0.000000
 9.58	 1982	 2	 23	 0	 0	 0.000000
 9.25	 1982	 2	 24	 0	 0	 0.000000
 8.52	 1982	 2	 25	 0	 0	 0.000000
 8.7	 1982	 2	 26	 0	 0	 0.000000
 8.8	 1982	 2	 27	 0	 0	 0.000000
 8.76	 1982	 2	 28	 0	 0	 0.000000
 8.74	 1982	 3	 1	 0	 0	 0.000000
 9.25	 1982	 3	 2	 0	 0	 0.000000
 9.24	 1982	 3	 3	 0	 0	 0.000000
 9.43	 1982	 3	 4	 0	 0	 0.000000
 9.64	 1982	 3	 5	 0	 0	 0.000000
 9.61	 1982	 3	 6	 0	 0	 0.000000
 9.59	 1982	 3	 7	 0	 0	 0.000000
 9.46	 1982	 3	 8	 0	 0	 0.000000
 9.43	 1982	 3	 9	 0	 0	 0.000000
 9.23	 1982	 3	 10	 0	 0	 0.000000
 9.21	 1982	 3	 11	 0	 0	 0.000000
 9.4	 1982	 3	 12	 0	 0	 0.000000
 9.69	 1982	 3	 13	 0	 0	 0.000000
 9.93	 1982	 3	 14	 0	 0	 0.000000
 10.39	 1982	 3	 15	 0	 0	 0.000000
 10.14	 1982	 3	 16	 0	 0	 0.000000
 9.74	 1982	 3	 17	 0	 0	 0.000000
 9.71	 1982	 3	 18	 0	 0	 0.000000
 9.66	 1982	 3	 19	 0	 0	 0.000000
 9.54	 1982	 3	 20	 0	 0	 0.000000
 9.53	 1982	 3	 21	 0	 0	 0.000000
 9.62	 1982	 3	 22	 0	 0	 0.000000
 9.42	 1982	 3	 23	 0	 0	 0.000000
 9.28	 1982	 3	 24	 0	 0	 0.000000
 9.13	 1982	 3	 25	 0	 0	 0.000000
 8.96	 1982	 3	 26	 0	 0	 0.000000
 8.81	 1982	 3	 27	 0	 0	 0.000000
 8.98	 1982	 3	 28	 0	 0	 0.000000
 9.29	 1982	 3	 29	 0	 0	 0.000000
 9.33	 1982	 3	 30	 0	 0	 0.000000
 8.64	 1982	 3	 31	 0	 0	 0.000000
 8.59	 1982	 4	 1	 0	 0	 0.000000
 8.82	 1982	 4	 2	 0	 0	 0.000000
 8.86	 1982	 4	 3	 0	 0	 0.000000
 8.94	 1982	 4	 4	 0	 0	 0.000000
 9.02	 1982	 4	 5	 0	 0	 0.000000
 7.75	 1982	 4	 6	 0	 0	 0.000000
 6.74	 1982	 4	 7	 0	 0	 0.000000
 8.39	 1982	 4	 8	 0	 0	 0.000000
 9.63	 1982	 4	 9	 0	 0	 0.000000
 10.09	 1982	 4	 10	 0	 0	 0.000000
 10.38	 1982	 4	 11	 0	 0	 0.000000
 10.41	 1982	 4	 12	 0	 0	 0.000000
 10.37	 1982	 4	 13	 0	 0	 0.000000
 10.49	 1982	 4	 14	 0	 0	 0.000000
 11.63	 1982	 4	 15	 0	 0	 0.000000
 12.6	 1982	 4	 16	 0	 0	 0.000000
 13.36	 1982	 4	 17	 0	 0	 0.000000
 14.11	 1982	 4	 18	 0	 0	 0.000000
 14.77	 1982	 4	 19	 0	 0	 0.000000
 14.73	 1982	 4	 20	 0	 0	 0.000000
 14.69	 1982	 4	 21	 0	 0	 0.000000
 14.74	 1982	 4	 22	 0	 0	 0.000000
 14.75	 1982	 4	 23	 0	 0	 0.000000
 14.69	 1982	 4	 24	 0	 0	 0.000000
 14.35	 1982	 4	 25	 0	 0	 0.000000
 13.49	 1982	 4	 26	 0	 0	 0.000000
 13.12	 1982	 4	 27	 0	 0	 0.000000
 13.08	 1982	 4	 28	 0	 0	 0.000000
 13.11	 1982	 4	 29	 0	 0	 0.000000
 13.14	 1982	 4	 30	 0	 0	 0.000000
 13.03	 1982	 5	 1	 0	 0	 0.000000
 12.71	 1982	 5	 2	 0	 0	 0.000000
 12.1	 1982	 5	 3	 0	 0	 0.000000
 12.72	 1982	 5	 4	 0	 0	 0.000000
 12.79	 1982	 5	 5	 0	 0	 0.000000
 13.24	 1982	 5	 6	 0	 0	 0.000000
 13.77	 1982	 5	 7	 0	 0	 0.000000
 14.22	 1982	 5	 8	 0	 0	 0.000000
 14.29	 1982	 5	 9	 0	 0	 0.000000
 13.59	 1982	 5	 10	 0	 0	 0.000000
 14.6	 1982	 5	 11	 0	 0	 0.000000
 14.89	 1982	 5	 12	 0	 0	 0.000000
 14.86	 1982	 5	 13	 0	 0	 0.000000
 15.05	 1982	 5	 14	 0	 0	 0.000000
 14.89	 1982	 5	 15	 0	 0	 0.000000
 14.88	 1982	 5	 16	 0	 0	 0.000000
 14.99	 1982	 5	 17	 0	 0	 0.000000
 15.31	 1982	 5	 18	 0	 0	 0.000000
 15.55	 1982	 5	 19	 0	 0	 0.000000
 16.49	 1982	 5	 20	 0	 0	 0.000000
 16.86	 1982	 5	 21	 0	 0	 0.000000
 17.29	 1982	 5	 22	 0	 0	 0.000000
 17.97	 1982	 5	 23	 0	 0	 0.000000
 19.38	 1982	 5	 24	 0	 0	 0.000000
 19.37	 1982	 5	 25	 0	 0	 0.000000
 19.43	 1982	 5	 26	 0	 0	 0.000000
 19.58	 1982	 5	 27	 0	 0	 0.000000
 19.73	 1982	 5	 28	 0	 0	 0.000000
 19.91	 1982	 5	 29	 0	 0	 0.000000
 20.17	 1982	 5	 30	 0	 0	 0.000000
 20.33	 1982	 5	 31	 0	 0	 0.000000
 20.06	 1982	 6	 1	 0	 0	 0.000000
 19.99	 1982	 6	 2	 0	 0	 0.000000
 19.53	 1982	 6	 3	 0	 0	 0.000000
 19.14	 1982	 6	 4	 0	 0	 0.000000
 19.42	 1982	 6	 5	 0	 0	 0.000000
 20.18	 1982	 6	 6	 0	 0	 0.000000
 20.07	 1982	 6	 7	 0	 0	 0.000000
 20.04	 1982	 6	 8	 0	 0	 0.000000
 20.22	 1982	 6	 9	 0	 0	 0.000000
 20.33	 1982	 6	 10	 0	 0	 0.000000
 20	 1982	 6	 11	 0	 0	 0.000000
 20.04	 1982	 6	 12	 0	 0	 0.000000
 20.09	 1982	 6	 13	 0	 0	 0.000000
 20.28	 1982	 6	 14	 0	 0	 0.000000
 20.21	 1982	 6	 15	 0	 0	 0.000000
 19.34	 1982	 6	 16	 0	 0	 0.000000
 18.85	 1982	 6	 17	 0	 0	 0.000000
 18.26	 1982	 6	 18	 0	 0	 0.000000
 18.61	 1982	 6	 19	 0	 0	 0.000000
 18.97	 1982	 6	 20	 0	 0	 0.000000
 19.23	 1982	 6	 21	 0	 0	 0.000000
 19.71	 1982	 6	 22	 0	 0	 0.000000
 20.49	 1982	 6	 23	 0	 0	 0.000000
 21.35	 1982	 6	 24	 0	 0	 0.000000
 21.51	 1982	 6	 25	 0	 0	 0.000000
 21.28	 1982	 6	 26	 0	 0	 0.000000
 21.29	 1982	 6	 27	 0	 0	 0.000000
 21.47	 1982	 6	 28	 0	 0	 0.000000
 21.57	 1982	 6	 29	 0	 0	 0.000000
 21.64	 1982	 6	 30	 0	 0	 0.000000
 22.45	 1982	 7	 1	 0	 0	 0.000000
 22.56	 1982	 7	 2	 0	 0	 0.000000
 21.5	 1982	 7	 3	 0	 0	 0.000000
 21.48	 1982	 7	 4	 0	 0	 0.000000
 21.63	 1982	 7	 5	 0	 0	 0.000000
 21.51	 1982	 7	 6	 0	 0	 0.000000
 21.87	 1982	 7	 7	 0	 0	 0.000000
 21.69	 1982	 7	 8	 0	 0	 0.000000
 21.34	 1982	 7	 9	 0	 0	 0.000000
 20.86	 1982	 7	 10	 0	 0	 0.000000
 20.69	 1982	 7	 11	 0	 0	 0.000000
 21.37	 1982	 7	 12	 0	 0	 0.000000
 22.22	 1982	 7	 13	 0	 0	 0.000000
 22.19	 1982	 7	 14	 0	 0	 0.000000
 22.28	 1982	 7	 15	 0	 0	 0.000000
 22.64	 1982	 7	 16	 0	 0	 0.000000
 23.06	 1982	 7	 17	 0	 0	 0.000000
 23.44	 1982	 7	 18	 0	 0	 0.000000
 23.83	 1982	 7	 19	 0	 0	 0.000000
 24.16	 1982	 7	 20	 0	 0	 0.000000
 24.18	 1982	 7	 21	 0	 0	 0.000000
 24.39	 1982	 7	 22	 0	 0	 0.000000
 24.38	 1982	 7	 23	 0	 0	 0.000000
 24.35	 1982	 7	 24	 0	 0	 0.000000
 24.43	 1982	 7	 25	 0	 0	 0.000000
 24.67	 1982	 7	 26	 0	 0	 0.000000
 24.68	 1982	 7	 27	 0	 0	 0.000000
 24.97	 1982	 7	 28	 0	 0	 0.000000
 24.79	 1982	 7	 29	 0	 0	 0.000000
 23.89	 1982	 7	 30	 0	 0	 0.000000
 23.75	 1982	 7	 31	 0	 0	 0.000000
 23.48	 1982	 8	 1	 0	 0	 0.000000
 23.35	 1982	 8	 2	 0	 0	 0.000000
 22.66	 1982	 8	 3	 0	 0	 0.000000
 22.16	 1982	 8	 4	 0	 0	 0.000000
 22.16	 1982	 8	 5	 0	 0	 0.000000
 22.35	 1982	 8	 6	 0	 0	 0.000000
 22.61	 1982	 8	 7	 0	 0	 0.000000
 22.65	 1982	 8	 8	 0	 0	 0.000000
 22.32	 1982	 8	 9	 0	 0	 0.000000
 22.35	 1982	 8	 10	 0	 0	 0.000000
 22.57	 1982	 8	 11	 0	 0	 0.000000
 22.9	 1982	 8	 12	 0	 0	 0.000000
 22.98	 1982	 8	 13	 0	 0	 0.000000
 22.86	 1982	 8	 14	 0	 0	 0.000000
 23.1	 1982	 8	 15	 0	 0	 0.000000
 23.63	 1982	 8	 16	 0	 0	 0.000000
 23.51	 1982	 8	 17	 0	 0	 0.000000
 23.75	 1982	 8	 18	 0	 0	 0.000000
 24.35	 1982	 8	 19	 0	 0	 0.000000
 24.03	 1982	 8	 20	 0	 0	 0.000000
 24.28	 1982	 8	 21	 0	 0	 0.000000
 24.68	 1982	 8	 22	 0	 0	 0.000000
 24.74	 1982	 8	 23	 0	 0	 0.000000
 25.09	 1982	 8	 24	 0	 0	 0.000000
 25.48	 1982	 8	 25	 0	 0	 0.000000
 25.67	 1982	 8	 26	 0	 0	 0.000000
 25.67	 1982	 8	 27	 0	 0	 0.000000
 25.15	 1982	 8	 28	 0	 0	 0.000000
 24.95	 1982	 8	 29	 0	 0	 0.000000
 24.98	 1982	 8	 30	 0	 0	 0.000000
 25.31	 1982	 8	 31	 0	 0	 0.000000
 25.44	 1982	 9	 1	 0	 0	 0.000000
 25.73	 1982	 9	 2	 0	 0	 0.000000
 25.7	 1982	 9	 3	 0	 0	 0.000000
 25.71	 1982	 9	 4	 0	 0	 0.000000
 24.76	 1982	 9	 5	 0	 0	 0.000000
 24.31	 1982	 9	 6	 0	 0	 0.000000
 23.5	 1982	 9	 7	 0	 0	 0.000000
 23.51	 1982	 9	 8	 0	 0	 0.000000
 24.35	 1982	 9	 9	 0	 0	 0.000000
 24.49	 1982	 9	 10	 0	 0	 0.000000
 24.17	 1982	 9	 11	 0	 0	 0.000000
 24.25	 1982	 9	 12	 0	 0	 0.000000
 24.29	 1982	 9	 13	 0	 0	 0.000000
 24.15	 1982	 9	 14	 0	 0	 0.000000
 23.85	 1982	 9	 15	 0	 0	 0.000000
 23.71	 1982	 9	 16	 0	 0	 0.000000
 23.55	 1982	 9	 17	 0	 0	 0.000000
 23.25	 1982	 9	 18	 0	 0	 0.000000
 23.05	 1982	 9	 19	 0	 0	 0.000000
 22.9	 1982	 9	 20	 0	 0	 0.000000
 22.75	 1982	 9	 21	 0	 0	 0.000000
 22.69	 1982	 9	 22	 0	 0	 0.000000
 22.6	 1982	 9	 23	 0	 0	 0.000000
 22.65	 1982	 9	 24	 0	 0	 0.000000
 22.7	 1982	 9	 25	 0	 0	 0.000000
 22.6	 1982	 9	 26	 0	 0	 0.000000
 22.69	 1982	 9	 27	 0	 0	 0.000000
 22.58	 1982	 9	 28	 0	 0	 0.000000
 22.57	 1982	 9	 29	 0	 0	 0.000000
 21.79	 1982	 9	 30	 0	 0	 0.000000
 21.81	 1982	 10	 1	 0	 0	 0.000000
 21.68	 1982	 10	 2	 0	 0	 0.000000
 21.56	 1982	 10	 3	 0	 0	 0.000000
 21.29	 1982	 10	 4	 0	 0	 0.000000
 21.21	 1982	 10	 5	 0	 0	 0.000000
 21.21	 1982	 10	 6	 0	 0	 0.000000
 21.17	 1982	 10	 7	 0	 0	 0.000000
 21.03	 1982	 10	 8	 0	 0	 0.000000
 20.94	 1982	 10	 9	 0	 0	 0.000000
 20.61	 1982	 10	 10	 0	 0	 0.000000
 20.49	 1982	 10	 11	 0	 0	 0.000000
 20.3	 1982	 10	 12	 0	 0	 0.000000
 20.29	 1982	 10	 13	 0	 0	 0.000000
 20.89	 1982	 10	 14	 0	 0	 0.000000
 20.8	 1982	 10	 15	 0	 0	 0.000000
 20.49	 1982	 10	 16	 0	 0	 0.000000
 20.2	 1982	 10	 17	 0	 0	 0.000000
 20.21	 1982	 10	 18	 0	 0	 0.000000
 19.65	 1982	 10	 19	 0	 0	 0.000000
 19.44	 1982	 10	 20	 0	 0	 0.000000
 19.43	 1982	 10	 21	 0	 0	 0.000000
 20.03	 1982	 10	 22	 0	 0	 0.000000
 19.74	 1982	 10	 23	 0	 0	 0.000000
 19.59	 1982	 10	 24	 0	 0	 0.000000
 19.24	 1982	 10	 25	 0	 0	 0.000000
 19	 1982	 10	 26	 0	 0	 0.000000
 18.83	 1982	 10	 27	 0	 0	 0.000000
 18.25	 1982	 10	 28	 0	 0	 0.000000
 17.96	 1982	 10	 29	 0	 0	 0.000000
 17.92	 1982	 10	 30	 0	 0	 0.000000
 17.98	 1982	 10	 31	 0	 0	 0.000000
 18.02	 1982	 11	 1	 0	 0	 0.000000
 18.04	 1982	 11	 2	 0	 0	 0.000000
 17.79	 1982	 11	 3	 0	 0	 0.000000
 17.8	 1982	 11	 4	 0	 0	 0.000000
 17.86	 1982	 11	 5	 0	 0	 0.000000
 17.42	 1982	 11	 6	 0	 0	 0.000000
 15.82	 1982	 11	 7	 0	 0	 0.000000
 15.71	 1982	 11	 8	 0	 0	 0.000000
 15.67	 1982	 11	 9	 0	 0	 0.000000
 15.65	 1982	 11	 10	 0	 0	 0.000000
 15.69	 1982	 11	 11	 0	 0	 0.000000
 15.88	 1982	 11	 12	 0	 0	 0.000000
 15.86	 1982	 11	 13	 0	 0	 0.000000
 15.45	 1982	 11	 14	 0	 0	 0.000000
 15.05	 1982	 11	 15	 0	 0	 0.000000
 14.99	 1982	 11	 16	 0	 0	 0.000000
 15.26	 1982	 11	 17	 0	 0	 0.000000
 14.78	 1982	 11	 18	 0	 0	 0.000000
 14.59	 1982	 11	 19	 0	 0	 0.000000
 14.43	 1982	 11	 20	 0	 0	 0.000000
 14.25	 1982	 11	 21	 0	 0	 0.000000
 14.04	 1982	 11	 22	 0	 0	 0.000000
 13.98	 1982	 11	 23	 0	 0	 0.000000
 14.25	 1982	 11	 24	 0	 0	 0.000000
 14.29	 1982	 11	 25	 0	 0	 0.000000
 14.04	 1982	 11	 26	 0	 0	 0.000000
 13.8	 1982	 11	 27	 0	 0	 0.000000
 13.83	 1982	 11	 28	 0	 0	 0.000000
 13.9	 1982	 11	 29	 0	 0	 0.000000
 13.45	 1982	 11	 30	 0	 0	 0.000000
 13.51	 1982	 12	 1	 0	 0	 0.000000
 13.34	 1982	 12	 2	 0	 0	 0.000000
 12.51	 1982	 12	 3	 0	 0	 0.000000
 12.09	 1982	 12	 4	 0	 0	 0.000000
 12.06	 1982	 12	 5	 0	 0	 0.000000
 12.41	 1982	 12	 6	 0	 0	 0.000000
 12.48	 1982	 12	 7	 0	 0	 0.000000
 12.49	 1982	 12	 8	 0	 0	 0.000000
 12.52	 1982	 12	 9	 0	 0	 0.000000
 12.56	 1982	 12	 10	 0	 0	 0.000000
 12.41	 1982	 12	 11	 0	 0	 0.000000
 12.68	 1982	 12	 12	 0	 0	 0.000000
 12.58	 1982	 12	 13	 0	 0	 0.000000
 12.53	 1982	 12	 14	 0	 0	 0.000000
 12.38	 1982	 12	 15	 0	 0	 0.000000
 10.89	 1982	 12	 16	 0	 0	 0.000000
 10.21	 1982	 12	 17	 0	 0	 0.000000
 10.3	 1982	 12	 18	 0	 0	 0.000000
 10.89	 1982	 12	 19	 0	 0	 0.000000
 11.46	 1982	 12	 20	 0	 0	 0.000000
 11.43	 1982	 12	 21	 0	 0	 0.000000
 11.11	 1982	 12	 22	 0	 0	 0.000000
 11.14	 1982	 12	 23	 0	 0	 0.000000
 11	 1982	 12	 24	 0	 0	 0.000000
 11.08	 1982	 12	 25	 0	 0	 0.000000
 11.12	 1982	 12	 26	 0	 0	 0.000000
 11.06	 1982	 12	 27	 0	 0	 0.000000
 11.11	 1982	 12	 28	 0	 0	 0.000000
 11.06	 1982	 12	 29	 0	 0	 0.000000
 11.04	 1982	 12	 30	 0	 0	 0.000000
 10.98	 1982	 12	 31	 0	 0	 0.000000
 10.53	 1983	 1	 1	 0	 0	 0.000000
 10.36	 1983	 1	 2	 0	 0	 0.000000
 10.32	 1983	 1	 3	 0	 0	 0.000000
 10.17	 1983	 1	 4	 0	 0	 0.000000
 9.87	 1983	 1	 5	 0	 0	 0.000000
 9.83	 1983	 1	 6	 0	 0	 0.000000
 9.78	 1983	 1	 7	 0	 0	 0.000000
 9.73	 1983	 1	 8	 0	 0	 0.000000
 9.63	 1983	 1	 9	 0	 0	 0.000000
 9.77	 1983	 1	 10	 0	 0	 0.000000
 9.73	 1983	 1	 11	 0	 0	 0.000000
 9.26	 1983	 1	 12	 0	 0	 0.000000
 9.29	 1983	 1	 13	 0	 0	 0.000000
 9.54	 1983	 1	 14	 0	 0	 0.000000
 9.55	 1983	 1	 15	 0	 0	 0.000000
 9.53	 1983	 1	 16	 0	 0	 0.000000
 9.14	 1983	 1	 17	 0	 0	 0.000000
 9.17	 1983	 1	 18	 0	 0	 0.000000
 9.18	 1983	 1	 19	 0	 0	 0.000000
 9.17	 1983	 1	 20	 0	 0	 0.000000
 9.16	 1983	 1	 21	 0	 0	 0.000000
 9.15	 1983	 1	 22	 0	 0	 0.000000
 9.14	 1983	 1	 23	 0	 0	 0.000000
 8.6	 1983	 1	 24	 0	 0	 0.000000
 8.56	 1983	 1	 25	 0	 0	 0.000000
 8.73	 1983	 1	 26	 0	 0	 0.000000
 8.82	 1983	 1	 27	 0	 0	 0.000000
 8.88	 1983	 1	 28	 0	 0	 0.000000
 8.87	 1983	 1	 29	 0	 0	 0.000000
 8.84	 1983	 1	 30	 0	 0	 0.000000
 8.81	 1983	 1	 31	 0	 0	 0.000000
 8.74	 1983	 2	 1	 0	 0	 0.000000
 9.31	 1983	 2	 2	 0	 0	 0.000000
 9.27	 1983	 2	 3	 0	 0	 0.000000
 9.22	 1983	 2	 4	 0	 0	 0.000000
 9.19	 1983	 2	 5	 0	 0	 0.000000
 9.28	 1983	 2	 6	 0	 0	 0.000000
 9.37	 1983	 2	 7	 0	 0	 0.000000
 9.43	 1983	 2	 8	 0	 0	 0.000000
 9.15	 1983	 2	 9	 0	 0	 0.000000
 8.53	 1983	 2	 10	 0	 0	 0.000000
 7.77	 1983	 2	 11	 0	 0	 0.000000
 7.84	 1983	 2	 12	 0	 0	 0.000000
 8.39	 1983	 2	 13	 0	 0	 0.000000
 8.29	 1983	 2	 14	 0	 0	 0.000000
 8.77	 1983	 2	 15	 0	 0	 0.000000
 8.67	 1983	 2	 16	 0	 0	 0.000000
 8.66	 1983	 2	 17	 0	 0	 0.000000
 8.26	 1983	 2	 18	 0	 0	 0.000000
 8.29	 1983	 2	 19	 0	 0	 0.000000
 8.2	 1983	 2	 20	 0	 0	 0.000000
 8.19	 1983	 2	 21	 0	 0	 0.000000
 8.24	 1983	 2	 22	 0	 0	 0.000000
 8.25	 1983	 2	 23	 0	 0	 0.000000
 8.59	 1983	 2	 24	 0	 0	 0.000000
 8.69	 1983	 2	 25	 0	 0	 0.000000
 8.71	 1983	 2	 26	 0	 0	 0.000000
 8.73	 1983	 2	 27	 0	 0	 0.000000
 9.01	 1983	 2	 28	 0	 0	 0.000000
 9.06	 1983	 3	 1	 0	 0	 0.000000
 8.9	 1983	 3	 2	 0	 0	 0.000000
 8.85	 1983	 3	 3	 0	 0	 0.000000
 8.82	 1983	 3	 4	 0	 0	 0.000000
 8.75	 1983	 3	 5	 0	 0	 0.000000
 8.79	 1983	 3	 6	 0	 0	 0.000000
 8.77	 1983	 3	 7	 0	 0	 0.000000
 8.65	 1983	 3	 8	 0	 0	 0.000000
 8.56	 1983	 3	 9	 0	 0	 0.000000
 8.48	 1983	 3	 10	 0	 0	 0.000000
 8.18	 1983	 3	 11	 0	 0	 0.000000
 8.19	 1983	 3	 12	 0	 0	 0.000000
 8.26	 1983	 3	 13	 0	 0	 0.000000
 8.04	 1983	 3	 14	 0	 0	 0.000000
 7.82	 1983	 3	 15	 0	 0	 0.000000
 8.6	 1983	 3	 16	 0	 0	 0.000000
 8.48	 1983	 3	 17	 0	 0	 0.000000
 8.4	 1983	 3	 18	 0	 0	 0.000000
 8.35	 1983	 3	 19	 0	 0	 0.000000
 8.41	 1983	 3	 20	 0	 0	 0.000000
 8.48	 1983	 3	 21	 0	 0	 0.000000
 9.38	 1983	 3	 22	 0	 0	 0.000000
 9.42	 1983	 3	 23	 0	 0	 0.000000
 9.71	 1983	 3	 24	 0	 0	 0.000000
 9.88	 1983	 3	 25	 0	 0	 0.000000
 10.02	 1983	 3	 26	 0	 0	 0.000000
 9.91	 1983	 3	 27	 0	 0	 0.000000
 9.99	 1983	 3	 28	 0	 0	 0.000000
 9.75	 1983	 3	 29	 0	 0	 0.000000
 9.62	 1983	 3	 30	 0	 0	 0.000000
 9.75	 1983	 3	 31	 0	 0	 0.000000
 9.83	 1983	 4	 1	 0	 0	 0.000000
 9.91	 1983	 4	 2	 0	 0	 0.000000
 10.68	 1983	 4	 3	 0	 0	 0.000000
 10.86	 1983	 4	 4	 0	 0	 0.000000
 10.95	 1983	 4	 5	 0	 0	 0.000000
 10.6	 1983	 4	 6	 0	 0	 0.000000
 10.63	 1983	 4	 7	 0	 0	 0.000000
 10.68	 1983	 4	 8	 0	 0	 0.000000
 10.62	 1983	 4	 9	 0	 0	 0.000000
 10.8	 1983	 4	 10	 0	 0	 0.000000
 13.16	 1983	 4	 11	 0	 0	 0.000000
 13.3	 1983	 4	 12	 0	 0	 0.000000
 13.23	 1983	 4	 13	 0	 0	 0.000000
 13.64	 1983	 4	 14	 0	 0	 0.000000
 13.67	 1983	 4	 15	 0	 0	 0.000000
 13.72	 1983	 4	 16	 0	 0	 0.000000
 13.69	 1983	 4	 17	 0	 0	 0.000000
 11.26	 1983	 4	 18	 0	 0	 0.000000
 10.59	 1983	 4	 19	 0	 0	 0.000000
 11.28	 1983	 4	 20	 0	 0	 0.000000
 11.83	 1983	 4	 21	 0	 0	 0.000000
 12.27	 1983	 4	 22	 0	 0	 0.000000
 12.46	 1983	 4	 23	 0	 0	 0.000000
 12.58	 1983	 4	 24	 0	 0	 0.000000
 13.24	 1983	 4	 25	 0	 0	 0.000000
 13.48	 1983	 4	 26	 0	 0	 0.000000
 14	 1983	 4	 27	 0	 0	 0.000000
 14.04	 1983	 4	 28	 0	 0	 0.000000
 14.02	 1983	 4	 29	 0	 0	 0.000000
 14.08	 1983	 4	 30	 0	 0	 0.000000
 13.99	 1983	 5	 1	 0	 0	 0.000000
 14.14	 1983	 5	 2	 0	 0	 0.000000
 14.38	 1983	 5	 3	 0	 0	 0.000000
 14.12	 1983	 5	 4	 0	 0	 0.000000
 14.39	 1983	 5	 5	 0	 0	 0.000000
 14.22	 1983	 5	 6	 0	 0	 0.000000
 14.16	 1983	 5	 7	 0	 0	 0.000000
 14.18	 1983	 5	 8	 0	 0	 0.000000
 14.38	 1983	 5	 9	 0	 0	 0.000000
 14.13	 1983	 5	 10	 0	 0	 0.000000
 14.54	 1983	 5	 11	 0	 0	 0.000000
 15.11	 1983	 5	 12	 0	 0	 0.000000
 15.21	 1983	 5	 13	 0	 0	 0.000000
 15.64	 1983	 5	 14	 0	 0	 0.000000
 15.65	 1983	 5	 15	 0	 0	 0.000000
 15.49	 1983	 5	 16	 0	 0	 0.000000
 15.71	 1983	 5	 17	 0	 0	 0.000000
 16.29	 1983	 5	 18	 0	 0	 0.000000
 16.85	 1983	 5	 19	 0	 0	 0.000000
 16.7	 1983	 5	 20	 0	 0	 0.000000
 17.36	 1983	 5	 21	 0	 0	 0.000000
 17.48	 1983	 5	 22	 0	 0	 0.000000
 18.02	 1983	 5	 23	 0	 0	 0.000000
 18.73	 1983	 5	 24	 0	 0	 0.000000
 19.7	 1983	 5	 25	 0	 0	 0.000000
 20.01	 1983	 5	 26	 0	 0	 0.000000
 19.68	 1983	 5	 27	 0	 0	 0.000000
 20.2	 1983	 5	 28	 0	 0	 0.000000
 20.8	 1983	 5	 29	 0	 0	 0.000000
 21.21	 1983	 5	 30	 0	 0	 0.000000
 21.28	 1983	 5	 31	 0	 0	 0.000000
 21.49	 1983	 6	 1	 0	 0	 0.000000
 20.08	 1983	 6	 2	 0	 0	 0.000000
 19.46	 1983	 6	 3	 0	 0	 0.000000
 20.19	 1983	 6	 4	 0	 0	 0.000000
 20.27	 1983	 6	 5	 0	 0	 0.000000
 20.23	 1983	 6	 6	 0	 0	 0.000000
 19.42	 1983	 6	 7	 0	 0	 0.000000
 18.69	 1983	 6	 8	 0	 0	 0.000000
 19.02	 1983	 6	 9	 0	 0	 0.000000
 19.41	 1983	 6	 10	 0	 0	 0.000000
 19.73	 1983	 6	 11	 0	 0	 0.000000
 20.27	 1983	 6	 12	 0	 0	 0.000000
 20.98	 1983	 6	 13	 0	 0	 0.000000
 21.32	 1983	 6	 14	 0	 0	 0.000000
 21.2	 1983	 6	 15	 0	 0	 0.000000
 21.51	 1983	 6	 16	 0	 0	 0.000000
 21.56	 1983	 6	 17	 0	 0	 0.000000
 22.51	 1983	 6	 18	 0	 0	 0.000000
 23.05	 1983	 6	 19	 0	 0	 0.000000
 22.14	 1983	 6	 20	 0	 0	 0.000000
 21.86	 1983	 6	 21	 0	 0	 0.000000
 21.79	 1983	 6	 22	 0	 0	 0.000000
 22.74	 1983	 6	 23	 0	 0	 0.000000
 22.84	 1983	 6	 24	 0	 0	 0.000000
 21.93	 1983	 6	 25	 0	 0	 0.000000
 21.2	 1983	 6	 26	 0	 0	 0.000000
 21.55	 1983	 6	 27	 0	 0	 0.000000
 21.84	 1983	 6	 28	 0	 0	 0.000000
 22.06	 1983	 6	 29	 0	 0	 0.000000
 22.78	 1983	 6	 30	 0	 0	 0.000000
 23.84	 1983	 7	 1	 0	 0	 0.000000
 24.16	 1983	 7	 2	 0	 0	 0.000000
 23.95	 1983	 7	 3	 0	 0	 0.000000
 24.22	 1983	 7	 4	 0	 0	 0.000000
 23.97	 1983	 7	 5	 0	 0	 0.000000
 22.97	 1983	 7	 6	 0	 0	 0.000000
 23.43	 1983	 7	 7	 0	 0	 0.000000
 23.58	 1983	 7	 8	 0	 0	 0.000000
 23.77	 1983	 7	 9	 0	 0	 0.000000
 24.74	 1983	 7	 10	 0	 0	 0.000000
 24.91	 1983	 7	 11	 0	 0	 0.000000
 24.77	 1983	 7	 12	 0	 0	 0.000000
 24.76	 1983	 7	 13	 0	 0	 0.000000
 25.1	 1983	 7	 14	 0	 0	 0.000000
 25.31	 1983	 7	 15	 0	 0	 0.000000
 25.42	 1983	 7	 16	 0	 0	 0.000000
 25.75	 1983	 7	 17	 0	 0	 0.000000
 25.81	 1983	 7	 18	 0	 0	 0.000000
 26.59	 1983	 7	 19	 0	 0	 0.000000
 26.44	 1983	 7	 20	 0	 0	 0.000000
 26.33	 1983	 7	 21	 0	 0	 0.000000
 25.93	 1983	 7	 22	 0	 0	 0.000000
 25.07	 1983	 7	 23	 0	 0	 0.000000
 24.98	 1983	 7	 24	 0	 0	 0.000000
 25.4	 1983	 7	 25	 0	 0	 0.000000
 25.38	 1983	 7	 26	 0	 0	 0.000000
 25.2	 1983	 7	 27	 0	 0	 0.000000
 23.35	 1983	 7	 28	 0	 0	 0.000000
 22.73	 1983	 7	 29	 0	 0	 0.000000
 23.78	 1983	 7	 30	 0	 0	 0.000000
 24.02	 1983	 7	 31	 0	 0	 0.000000
 23.79	 1983	 8	 1	 0	 0	 0.000000
 24.08	 1983	 8	 2	 0	 0	 0.000000
 24.39	 1983	 8	 3	 0	 0	 0.000000
 24.24	 1983	 8	 4	 0	 0	 0.000000
 24	 1983	 8	 5	 0	 0	 0.000000
 23.93	 1983	 8	 6	 0	 0	 0.000000
 24.41	 1983	 8	 7	 0	 0	 0.000000
 24.67	 1983	 8	 8	 0	 0	 0.000000
 24.71	 1983	 8	 9	 0	 0	 0.000000
 24.49	 1983	 8	 10	 0	 0	 0.000000
 24.22	 1983	 8	 11	 0	 0	 0.000000
 24.36	 1983	 8	 12	 0	 0	 0.000000
 24.63	 1983	 8	 13	 0	 0	 0.000000
 24.71	 1983	 8	 14	 0	 0	 0.000000
 24.36	 1983	 8	 15	 0	 0	 0.000000
 23.96	 1983	 8	 16	 0	 0	 0.000000
 23.88	 1983	 8	 17	 0	 0	 0.000000
 23.32	 1983	 8	 18	 0	 0	 0.000000
 23.36	 1983	 8	 19	 0	 0	 0.000000
 23.35	 1983	 8	 20	 0	 0	 0.000000
 23.31	 1983	 8	 21	 0	 0	 0.000000
 23.27	 1983	 8	 22	 0	 0	 0.000000
 23.21	 1983	 8	 23	 0	 0	 0.000000
 23.57	 1983	 8	 24	 0	 0	 0.000000
 23.26	 1983	 8	 25	 0	 0	 0.000000
 23.41	 1983	 8	 26	 0	 0	 0.000000
 23.69	 1983	 8	 27	 0	 0	 0.000000
 23.83	 1983	 8	 28	 0	 0	 0.000000
 23.8	 1983	 8	 29	 0	 0	 0.000000
 23.83	 1983	 8	 30	 0	 0	 0.000000
 23.75	 1983	 8	 31	 0	 0	 0.000000
 23.41	 1983	 9	 1	 0	 0	 0.000000
 23.48	 1983	 9	 2	 0	 0	 0.000000
 23.59	 1983	 9	 3	 0	 0	 0.000000
 23.57	 1983	 9	 4	 0	 0	 0.000000
 23.61	 1983	 9	 5	 0	 0	 0.000000
 23.66	 1983	 9	 6	 0	 0	 0.000000
 23.71	 1983	 9	 7	 0	 0	 0.000000
 23.92	 1983	 9	 8	 0	 0	 0.000000
 23.58	 1983	 9	 9	 0	 0	 0.000000
 23.34	 1983	 9	 10	 0	 0	 0.000000
 23.23	 1983	 9	 11	 0	 0	 0.000000
 23.14	 1983	 9	 12	 0	 0	 0.000000
 23.12	 1983	 9	 13	 0	 0	 0.000000
 22.9	 1983	 9	 14	 0	 0	 0.000000
 22.75	 1983	 9	 15	 0	 0	 0.000000
 23.15	 1983	 9	 16	 0	 0	 0.000000
 23.3	 1983	 9	 17	 0	 0	 0.000000
 23.24	 1983	 9	 18	 0	 0	 0.000000
 23.25	 1983	 9	 19	 0	 0	 0.000000
 23	 1983	 9	 20	 0	 0	 0.000000
 22.9	 1983	 9	 21	 0	 0	 0.000000
 22.78	 1983	 9	 22	 0	 0	 0.000000
 22.65	 1983	 9	 23	 0	 0	 0.000000
 22.52	 1983	 9	 24	 0	 0	 0.000000
 22.4	 1983	 9	 25	 0	 0	 0.000000
 22.26	 1983	 9	 26	 0	 0	 0.000000
 22.13	 1983	 9	 27	 0	 0	 0.000000
 21.34	 1983	 9	 28	 0	 0	 0.000000
 21.17	 1983	 9	 29	 0	 0	 0.000000
 21.04	 1983	 9	 30	 0	 0	 0.000000
 21.06	 1983	 10	 1	 0	 0	 0.000000
 21	 1983	 10	 2	 0	 0	 0.000000
 20.8	 1983	 10	 3	 0	 0	 0.000000
 20.25	 1983	 10	 4	 0	 0	 0.000000
 19.87	 1983	 10	 5	 0	 0	 0.000000
 20.37	 1983	 10	 6	 0	 0	 0.000000
 20.64	 1983	 10	 7	 0	 0	 0.000000
 20.59	 1983	 10	 8	 0	 0	 0.000000
 20.34	 1983	 10	 9	 0	 0	 0.000000
 20.1	 1983	 10	 10	 0	 0	 0.000000
 19.12	 1983	 10	 11	 0	 0	 0.000000
 19.33	 1983	 10	 12	 0	 0	 0.000000
 19.37	 1983	 10	 13	 0	 0	 0.000000
 19.22	 1983	 10	 14	 0	 0	 0.000000
 19.19	 1983	 10	 15	 0	 0	 0.000000
 19.33	 1983	 10	 16	 0	 0	 0.000000
 19.28	 1983	 10	 17	 0	 0	 0.000000
 19.05	 1983	 10	 18	 0	 0	 0.000000
 18.81	 1983	 10	 19	 0	 0	 0.000000
 18.77	 1983	 10	 20	 0	 0	 0.000000
 18.74	 1983	 10	 21	 0	 0	 0.000000
 18.71	 1983	 10	 22	 0	 0	 0.000000
 18.55	 1983	 10	 23	 0	 0	 0.000000
 18.44	 1983	 10	 24	 0	 0	 0.000000
 18.3	 1983	 10	 25	 0	 0	 0.000000
 18.38	 1983	 10	 26	 0	 0	 0.000000
 17.97	 1983	 10	 27	 0	 0	 0.000000
 17.99	 1983	 10	 28	 0	 0	 0.000000
 17.58	 1983	 10	 29	 0	 0	 0.000000
 17.39	 1983	 10	 30	 0	 0	 0.000000
 17.35	 1983	 10	 31	 0	 0	 0.000000
 17.33	 1983	 11	 1	 0	 0	 0.000000
 17.32	 1983	 11	 2	 0	 0	 0.000000
 17.11	 1983	 11	 3	 0	 0	 0.000000
 17.19	 1983	 11	 4	 0	 0	 0.000000
 17.91	 1983	 11	 5	 0	 0	 0.000000
 18.07	 1983	 11	 6	 0	 0	 0.000000
 17.73	 1983	 11	 7	 0	 0	 0.000000
 17.16	 1983	 11	 8	 0	 0	 0.000000
 16.66	 1983	 11	 9	 0	 0	 0.000000
 16.5	 1983	 11	 10	 0	 0	 0.000000
 16.37	 1983	 11	 11	 0	 0	 0.000000
 16.23	 1983	 11	 12	 0	 0	 0.000000
 15.99	 1983	 11	 13	 0	 0	 0.000000
 15.48	 1983	 11	 14	 0	 0	 0.000000
 15.62	 1983	 11	 15	 0	 0	 0.000000
 15.24	 1983	 11	 16	 0	 0	 0.000000
 15.11	 1983	 11	 17	 0	 0	 0.000000
 15	 1983	 11	 18	 0	 0	 0.000000
 14.74	 1983	 11	 19	 0	 0	 0.000000
 14.49	 1983	 11	 20	 0	 0	 0.000000
 14.95	 1983	 11	 21	 0	 0	 0.000000
 14.93	 1983	 11	 22	 0	 0	 0.000000
 14.56	 1983	 11	 23	 0	 0	 0.000000
 13.86	 1983	 11	 24	 0	 0	 0.000000
 13.67	 1983	 11	 25	 0	 0	 0.000000
 13.3	 1983	 11	 26	 0	 0	 0.000000
 13.32	 1983	 11	 27	 0	 0	 0.000000
 13.64	 1983	 11	 28	 0	 0	 0.000000
 13.72	 1983	 11	 29	 0	 0	 0.000000
 13.57	 1983	 11	 30	 0	 0	 0.000000
 13.18	 1983	 12	 1	 0	 0	 0.000000
 13.12	 1983	 12	 2	 0	 0	 0.000000
 12.89	 1983	 12	 3	 0	 0	 0.000000
 12.87	 1983	 12	 4	 0	 0	 0.000000
 12.73	 1983	 12	 5	 0	 0	 0.000000
 12.45	 1983	 12	 6	 0	 0	 0.000000
 12.4	 1983	 12	 7	 0	 0	 0.000000
 12.31	 1983	 12	 8	 0	 0	 0.000000
 12.01	 1983	 12	 9	 0	 0	 0.000000
 11.88	 1983	 12	 10	 0	 0	 0.000000
 11.86	 1983	 12	 11	 0	 0	 0.000000
 11.94	 1983	 12	 12	 0	 0	 0.000000
 11.69	 1983	 12	 13	 0	 0	 0.000000
 11.81	 1983	 12	 14	 0	 0	 0.000000
 11.92	 1983	 12	 15	 0	 0	 0.000000
 12.54	 1983	 12	 16	 0	 0	 0.000000
 12.59	 1983	 12	 17	 0	 0	 0.000000
 12.78	 1983	 12	 18	 0	 0	 0.000000
 12.36	 1983	 12	 19	 0	 0	 0.000000
 12.02	 1983	 12	 20	 0	 0	 0.000000
 12.1	 1983	 12	 21	 0	 0	 0.000000
 12.09	 1983	 12	 22	 0	 0	 0.000000
 11.69	 1983	 12	 23	 0	 0	 0.000000
 11.49	 1983	 12	 24	 0	 0	 0.000000
 11.02	 1983	 12	 25	 0	 0	 0.000000
 10.56	 1983	 12	 26	 0	 0	 0.000000
 10.31	 1983	 12	 27	 0	 0	 0.000000
 10.27	 1983	 12	 28	 0	 0	 0.000000
 11.15	 1983	 12	 29	 0	 0	 0.000000
 11.48	 1983	 12	 30	 0	 0	 0.000000
 11.15	 1983	 12	 31	 0	 0	 0.000000
 11.03	 1984	 1	 1	 0	 0	 0.000000
 10.88	 1984	 1	 2	 0	 0	 0.000000
 10.8	 1984	 1	 3	 0	 0	 0.000000
 10.87	 1984	 1	 4	 0	 0	 0.000000
 10.9	 1984	 1	 5	 0	 0	 0.000000
 10.91	 1984	 1	 6	 0	 0	 0.000000
 10.46	 1984	 1	 7	 0	 0	 0.000000
 10.41	 1984	 1	 8	 0	 0	 0.000000
 10.22	 1984	 1	 9	 0	 0	 0.000000
 10.34	 1984	 1	 10	 0	 0	 0.000000
 10.35	 1984	 1	 11	 0	 0	 0.000000
 10.17	 1984	 1	 12	 0	 0	 0.000000
 10.06	 1984	 1	 13	 0	 0	 0.000000
 9.98	 1984	 1	 14	 0	 0	 0.000000
 9.69	 1984	 1	 15	 0	 0	 0.000000
 9.9	 1984	 1	 16	 0	 0	 0.000000
 10.12	 1984	 1	 17	 0	 0	 0.000000
 10.16	 1984	 1	 18	 0	 0	 0.000000
 9.94	 1984	 1	 19	 0	 0	 0.000000
 9.61	 1984	 1	 20	 0	 0	 0.000000
 9.41	 1984	 1	 21	 0	 0	 0.000000
 9.56	 1984	 1	 22	 0	 0	 0.000000
 10.12	 1984	 1	 23	 0	 0	 0.000000
 10	 1984	 1	 24	 0	 0	 0.000000
 9.7	 1984	 1	 25	 0	 0	 0.000000
 9.67	 1984	 1	 26	 0	 0	 0.000000
 9.59	 1984	 1	 27	 0	 0	 0.000000
 9.53	 1984	 1	 28	 0	 0	 0.000000
 9.49	 1984	 1	 29	 0	 0	 0.000000
 9.53	 1984	 1	 30	 0	 0	 0.000000
 9.72	 1984	 1	 31	 0	 0	 0.000000
 9.57	 1984	 2	 1	 0	 0	 0.000000
 9.47	 1984	 2	 2	 0	 0	 0.000000
 9.82	 1984	 2	 3	 0	 0	 0.000000
 9.92	 1984	 2	 4	 0	 0	 0.000000
 9.58	 1984	 2	 5	 0	 0	 0.000000
 9.54	 1984	 2	 6	 0	 0	 0.000000
 9.47	 1984	 2	 7	 0	 0	 0.000000
 9.43	 1984	 2	 8	 0	 0	 0.000000
 9.36	 1984	 2	 9	 0	 0	 0.000000
 10.13	 1984	 2	 10	 0	 0	 0.000000
 10.35	 1984	 2	 11	 0	 0	 0.000000
 10.25	 1984	 2	 12	 0	 0	 0.000000
 9.66	 1984	 2	 13	 0	 0	 0.000000
 9.37	 1984	 2	 14	 0	 0	 0.000000
 9.22	 1984	 2	 15	 0	 0	 0.000000
 9.19	 1984	 2	 16	 0	 0	 0.000000
 9.01	 1984	 2	 17	 0	 0	 0.000000
 8.83	 1984	 2	 18	 0	 0	 0.000000
 8.41	 1984	 2	 19	 0	 0	 0.000000
 8.38	 1984	 2	 20	 0	 0	 0.000000
 8.36	 1984	 2	 21	 0	 0	 0.000000
 8.35	 1984	 2	 22	 0	 0	 0.000000
 8.34	 1984	 2	 23	 0	 0	 0.000000
 9.46	 1984	 2	 24	 0	 0	 0.000000
 9.57	 1984	 2	 25	 0	 0	 0.000000
 9.87	 1984	 2	 26	 0	 0	 0.000000
 9.9	 1984	 2	 27	 0	 0	 0.000000
 9.74	 1984	 2	 28	 0	 0	 0.000000
 9.64	 1984	 2	 29	 0	 0	 0.000000
 9.67	 1984	 3	 1	 0	 0	 0.000000
 8.32	 1984	 3	 2	 0	 0	 0.000000
 7.14	 1984	 3	 3	 0	 0	 0.000000
 6.98	 1984	 3	 4	 0	 0	 0.000000
 7.48	 1984	 3	 5	 0	 0	 0.000000
 8.05	 1984	 3	 6	 0	 0	 0.000000
 8.69	 1984	 3	 7	 0	 0	 0.000000
 9.17	 1984	 3	 8	 0	 0	 0.000000
 9.22	 1984	 3	 9	 0	 0	 0.000000
 8.88	 1984	 3	 10	 0	 0	 0.000000
 8.76	 1984	 3	 11	 0	 0	 0.000000
 8.59	 1984	 3	 12	 0	 0	 0.000000
 8.29	 1984	 3	 13	 0	 0	 0.000000
 8.21	 1984	 3	 14	 0	 0	 0.000000
 8.32	 1984	 3	 15	 0	 0	 0.000000
 8.78	 1984	 3	 16	 0	 0	 0.000000
 9.24	 1984	 3	 17	 0	 0	 0.000000
 9.36	 1984	 3	 18	 0	 0	 0.000000
 9.11	 1984	 3	 19	 0	 0	 0.000000
 9.01	 1984	 3	 20	 0	 0	 0.000000
 9.12	 1984	 3	 21	 0	 0	 0.000000
 8.99	 1984	 3	 22	 0	 0	 0.000000
 9.07	 1984	 3	 23	 0	 0	 0.000000
 9.16	 1984	 3	 24	 0	 0	 0.000000
 9.24	 1984	 3	 25	 0	 0	 0.000000
 10.35	 1984	 3	 26	 0	 0	 0.000000
 10.49	 1984	 3	 27	 0	 0	 0.000000
 10.56	 1984	 3	 28	 0	 0	 0.000000
 11.28	 1984	 3	 29	 0	 0	 0.000000
 11.04	 1984	 3	 30	 0	 0	 0.000000
 10.84	 1984	 3	 31	 0	 0	 0.000000
 10.79	 1984	 4	 1	 0	 0	 0.000000
 10	 1984	 4	 2	 0	 0	 0.000000
 10.15	 1984	 4	 3	 0	 0	 0.000000
 10.87	 1984	 4	 4	 0	 0	 0.000000
 11.12	 1984	 4	 5	 0	 0	 0.000000
 11.19	 1984	 4	 6	 0	 0	 0.000000
 11.15	 1984	 4	 7	 0	 0	 0.000000
 11.5	 1984	 4	 8	 0	 0	 0.000000
 11.75	 1984	 4	 9	 0	 0	 0.000000
 11.81	 1984	 4	 10	 0	 0	 0.000000
 11.76	 1984	 4	 11	 0	 0	 0.000000
 12.23	 1984	 4	 12	 0	 0	 0.000000
 12.61	 1984	 4	 13	 0	 0	 0.000000
 12.74	 1984	 4	 14	 0	 0	 0.000000
 12.82	 1984	 4	 15	 0	 0	 0.000000
 12.92	 1984	 4	 16	 0	 0	 0.000000
 12.93	 1984	 4	 17	 0	 0	 0.000000
 13.15	 1984	 4	 18	 0	 0	 0.000000
 13.4	 1984	 4	 19	 0	 0	 0.000000
 13.48	 1984	 4	 20	 0	 0	 0.000000
 13.61	 1984	 4	 21	 0	 0	 0.000000
 13.72	 1984	 4	 22	 0	 0	 0.000000
 13.83	 1984	 4	 23	 0	 0	 0.000000
 12.75	 1984	 4	 24	 0	 0	 0.000000
 12.77	 1984	 4	 25	 0	 0	 0.000000
 12.66	 1984	 4	 26	 0	 0	 0.000000
 12.25	 1984	 4	 27	 0	 0	 0.000000
 12.2	 1984	 4	 28	 0	 0	 0.000000
 12.35	 1984	 4	 29	 0	 0	 0.000000
 12.24	 1984	 4	 30	 0	 0	 0.000000
 12.14	 1984	 5	 1	 0	 0	 0.000000
 12.58	 1984	 5	 2	 0	 0	 0.000000
 12.94	 1984	 5	 3	 0	 0	 0.000000
 12.95	 1984	 5	 4	 0	 0	 0.000000
 14.13	 1984	 5	 5	 0	 0	 0.000000
 14.06	 1984	 5	 6	 0	 0	 0.000000
 13.98	 1984	 5	 7	 0	 0	 0.000000
 14.02	 1984	 5	 8	 0	 0	 0.000000
 13.52	 1984	 5	 9	 0	 0	 0.000000
 13.28	 1984	 5	 10	 0	 0	 0.000000
 12.69	 1984	 5	 11	 0	 0	 0.000000
 12.57	 1984	 5	 12	 0	 0	 0.000000
 12.78	 1984	 5	 13	 0	 0	 0.000000
 13.23	 1984	 5	 14	 0	 0	 0.000000
 14.02	 1984	 5	 15	 0	 0	 0.000000
 13.28	 1984	 5	 16	 0	 0	 0.000000
 13.24	 1984	 5	 17	 0	 0	 0.000000
 14.8	 1984	 5	 18	 0	 0	 0.000000
 15.59	 1984	 5	 19	 0	 0	 0.000000
 15.37	 1984	 5	 20	 0	 0	 0.000000
 18.33	 1984	 5	 21	 0	 0	 0.000000
 19.04	 1984	 5	 22	 0	 0	 0.000000
 18.45	 1984	 5	 23	 0	 0	 0.000000
 18.48	 1984	 5	 24	 0	 0	 0.000000
 18.17	 1984	 5	 25	 0	 0	 0.000000
 18.2	 1984	 5	 26	 0	 0	 0.000000
 18.27	 1984	 5	 27	 0	 0	 0.000000
 18.44	 1984	 5	 28	 0	 0	 0.000000
 17.8	 1984	 5	 29	 0	 0	 0.000000
 18.4	 1984	 5	 30	 0	 0	 0.000000
 19.41	 1984	 5	 31	 0	 0	 0.000000
 19.11	 1984	 6	 1	 0	 0	 0.000000
 19.3	 1984	 6	 2	 0	 0	 0.000000
 19.3	 1984	 6	 3	 0	 0	 0.000000
 19.45	 1984	 6	 4	 0	 0	 0.000000
 19.61	 1984	 6	 5	 0	 0	 0.000000
 19.77	 1984	 6	 6	 0	 0	 0.000000
 21.68	 1984	 6	 7	 0	 0	 0.000000
 21.56	 1984	 6	 8	 0	 0	 0.000000
 21.28	 1984	 6	 9	 0	 0	 0.000000
 20.95	 1984	 6	 10	 0	 0	 0.000000
 20.59	 1984	 6	 11	 0	 0	 0.000000
 20.81	 1984	 6	 12	 0	 0	 0.000000
 20.53	 1984	 6	 13	 0	 0	 0.000000
 20.14	 1984	 6	 14	 0	 0	 0.000000
 19.99	 1984	 6	 15	 0	 0	 0.000000
 20.32	 1984	 6	 16	 0	 0	 0.000000
 20.1	 1984	 6	 17	 0	 0	 0.000000
 20.3	 1984	 6	 18	 0	 0	 0.000000
 20.9	 1984	 6	 19	 0	 0	 0.000000
 20.94	 1984	 6	 20	 0	 0	 0.000000
 19.71	 1984	 6	 21	 0	 0	 0.000000
 19.26	 1984	 6	 22	 0	 0	 0.000000
 19.84	 1984	 6	 23	 0	 0	 0.000000
 20.41	 1984	 6	 24	 0	 0	 0.000000
 20.99	 1984	 6	 25	 0	 0	 0.000000
 21.73	 1984	 6	 26	 0	 0	 0.000000
 21.98	 1984	 6	 27	 0	 0	 0.000000
 20.84	 1984	 6	 28	 0	 0	 0.000000
 20.7	 1984	 6	 29	 0	 0	 0.000000
 21.14	 1984	 6	 30	 0	 0	 0.000000
 21.22	 1984	 7	 1	 0	 0	 0.000000
 21.21	 1984	 7	 2	 0	 0	 0.000000
 21.55	 1984	 7	 3	 0	 0	 0.000000
 21.8	 1984	 7	 4	 0	 0	 0.000000
 21.77	 1984	 7	 5	 0	 0	 0.000000
 21.7	 1984	 7	 6	 0	 0	 0.000000
 21.77	 1984	 7	 7	 0	 0	 0.000000
 21.76	 1984	 7	 8	 0	 0	 0.000000
 21.77	 1984	 7	 9	 0	 0	 0.000000
 22.41	 1984	 7	 10	 0	 0	 0.000000
 22.53	 1984	 7	 11	 0	 0	 0.000000
 22.48	 1984	 7	 12	 0	 0	 0.000000
 22.51	 1984	 7	 13	 0	 0	 0.000000
 22.56	 1984	 7	 14	 0	 0	 0.000000
 22.42	 1984	 7	 15	 0	 0	 0.000000
 22.53	 1984	 7	 16	 0	 0	 0.000000
 22.67	 1984	 7	 17	 0	 0	 0.000000
 23.1	 1984	 7	 18	 0	 0	 0.000000
 23.14	 1984	 7	 19	 0	 0	 0.000000
 23.34	 1984	 7	 20	 0	 0	 0.000000
 23.47	 1984	 7	 21	 0	 0	 0.000000
 23.5	 1984	 7	 22	 0	 0	 0.000000
 23.49	 1984	 7	 23	 0	 0	 0.000000
 23.6	 1984	 7	 24	 0	 0	 0.000000
 23.79	 1984	 7	 25	 0	 0	 0.000000
 24.14	 1984	 7	 26	 0	 0	 0.000000
 24.31	 1984	 7	 27	 0	 0	 0.000000
 24.35	 1984	 7	 28	 0	 0	 0.000000
 24.3	 1984	 7	 29	 0	 0	 0.000000
 24.37	 1984	 7	 30	 0	 0	 0.000000
 24.42	 1984	 7	 31	 0	 0	 0.000000
 23.77	 1984	 8	 1	 0	 0	 0.000000
 23.4	 1984	 8	 2	 0	 0	 0.000000
 23.69	 1984	 8	 3	 0	 0	 0.000000
 23.82	 1984	 8	 4	 0	 0	 0.000000
 23.42	 1984	 8	 5	 0	 0	 0.000000
 22.93	 1984	 8	 6	 0	 0	 0.000000
 22.9	 1984	 8	 7	 0	 0	 0.000000
 22.8	 1984	 8	 8	 0	 0	 0.000000
 22.76	 1984	 8	 9	 0	 0	 0.000000
 22.67	 1984	 8	 10	 0	 0	 0.000000
 22.87	 1984	 8	 11	 0	 0	 0.000000
 22.87	 1984	 8	 12	 0	 0	 0.000000
 22.79	 1984	 8	 13	 0	 0	 0.000000
 22.66	 1984	 8	 14	 0	 0	 0.000000
 22.93	 1984	 8	 15	 0	 0	 0.000000
 23.16	 1984	 8	 16	 0	 0	 0.000000
 23.06	 1984	 8	 17	 0	 0	 0.000000
 23.19	 1984	 8	 18	 0	 0	 0.000000
 23.21	 1984	 8	 19	 0	 0	 0.000000
 23.18	 1984	 8	 20	 0	 0	 0.000000
 23.12	 1984	 8	 21	 0	 0	 0.000000
 23.14	 1984	 8	 22	 0	 0	 0.000000
 23.46	 1984	 8	 23	 0	 0	 0.000000
 23.52	 1984	 8	 24	 0	 0	 0.000000
 23.47	 1984	 8	 25	 0	 0	 0.000000
 23.28	 1984	 8	 26	 0	 0	 0.000000
 23.35	 1984	 8	 27	 0	 0	 0.000000
 23.25	 1984	 8	 28	 0	 0	 0.000000
 22.89	 1984	 8	 29	 0	 0	 0.000000
 22.99	 1984	 8	 30	 0	 0	 0.000000
 23.46	 1984	 8	 31	 0	 0	 0.000000
 23.54	 1984	 9	 1	 0	 0	 0.000000
 22.72	 1984	 9	 2	 0	 0	 0.000000
 22.5	 1984	 9	 3	 0	 0	 0.000000
 22.64	 1984	 9	 4	 0	 0	 0.000000
 22.86	 1984	 9	 5	 0	 0	 0.000000
 23.09	 1984	 9	 6	 0	 0	 0.000000
 22.88	 1984	 9	 7	 0	 0	 0.000000
 23.11	 1984	 9	 8	 0	 0	 0.000000
 23.02	 1984	 9	 9	 0	 0	 0.000000
 22.8	 1984	 9	 10	 0	 0	 0.000000
 22.94	 1984	 9	 11	 0	 0	 0.000000
 23.12	 1984	 9	 12	 0	 0	 0.000000
 23.05	 1984	 9	 13	 0	 0	 0.000000
 22.92	 1984	 9	 14	 0	 0	 0.000000
 23.26	 1984	 9	 15	 0	 0	 0.000000
 23.43	 1984	 9	 16	 0	 0	 0.000000
 23.38	 1984	 9	 17	 0	 0	 0.000000
 22.92	 1984	 9	 18	 0	 0	 0.000000
 22.92	 1984	 9	 19	 0	 0	 0.000000
 22.96	 1984	 9	 20	 0	 0	 0.000000
 23.35	 1984	 9	 21	 0	 0	 0.000000
 23.66	 1984	 9	 22	 0	 0	 0.000000
 23.35	 1984	 9	 23	 0	 0	 0.000000
 23.36	 1984	 9	 24	 0	 0	 0.000000
 23.24	 1984	 9	 25	 0	 0	 0.000000
 22.51	 1984	 9	 26	 0	 0	 0.000000
 22.12	 1984	 9	 27	 0	 0	 0.000000
 22.76	 1984	 9	 28	 0	 0	 0.000000
 22.92	 1984	 9	 29	 0	 0	 0.000000
 23.19	 1984	 9	 30	 0	 0	 0.000000
 22.82	 1984	 10	 1	 0	 0	 0.000000
 22.58	 1984	 10	 2	 0	 0	 0.000000
 22.64	 1984	 10	 3	 0	 0	 0.000000
 22.84	 1984	 10	 4	 0	 0	 0.000000
 23.12	 1984	 10	 5	 0	 0	 0.000000
 23.07	 1984	 10	 6	 0	 0	 0.000000
 22.77	 1984	 10	 7	 0	 0	 0.000000
 22.63	 1984	 10	 8	 0	 0	 0.000000
 22.01	 1984	 10	 9	 0	 0	 0.000000
 21.74	 1984	 10	 10	 0	 0	 0.000000
 21.76	 1984	 10	 11	 0	 0	 0.000000
 21.77	 1984	 10	 12	 0	 0	 0.000000
 20.88	 1984	 10	 13	 0	 0	 0.000000
 20.51	 1984	 10	 14	 0	 0	 0.000000
 20.5	 1984	 10	 15	 0	 0	 0.000000
 20.09	 1984	 10	 16	 0	 0	 0.000000
 19.84	 1984	 10	 17	 0	 0	 0.000000
 17.87	 1984	 10	 18	 0	 0	 0.000000
 17.77	 1984	 10	 19	 0	 0	 0.000000
 17.82	 1984	 10	 20	 0	 0	 0.000000
 18.1	 1984	 10	 21	 0	 0	 0.000000
 17.94	 1984	 10	 22	 0	 0	 0.000000
 18.24	 1984	 10	 23	 0	 0	 0.000000
 18.56	 1984	 10	 24	 0	 0	 0.000000
 18.72	 1984	 10	 25	 0	 0	 0.000000
 18.89	 1984	 10	 26	 0	 0	 0.000000
 19.18	 1984	 10	 27	 0	 0	 0.000000
 18.96	 1984	 10	 28	 0	 0	 0.000000
 18.57	 1984	 10	 29	 0	 0	 0.000000
 18.34	 1984	 10	 30	 0	 0	 0.000000
 18.42	 1984	 10	 31	 0	 0	 0.000000
 18.45	 1984	 11	 1	 0	 0	 0.000000
 18.26	 1984	 11	 2	 0	 0	 0.000000
 18.35	 1984	 11	 3	 0	 0	 0.000000
 18.43	 1984	 11	 4	 0	 0	 0.000000
 17.93	 1984	 11	 5	 0	 0	 0.000000
 17.67	 1984	 11	 6	 0	 0	 0.000000
 17.46	 1984	 11	 7	 0	 0	 0.000000
 16.88	 1984	 11	 8	 0	 0	 0.000000
 16.76	 1984	 11	 9	 0	 0	 0.000000
 16.16	 1984	 11	 10	 0	 0	 0.000000
 15.97	 1984	 11	 11	 0	 0	 0.000000
 15.81	 1984	 11	 12	 0	 0	 0.000000
 15.65	 1984	 11	 13	 0	 0	 0.000000
 15.49	 1984	 11	 14	 0	 0	 0.000000
 15.32	 1984	 11	 15	 0	 0	 0.000000
 15.58	 1984	 11	 16	 0	 0	 0.000000
 15.61	 1984	 11	 17	 0	 0	 0.000000
 14.48	 1984	 11	 18	 0	 0	 0.000000
 14.23	 1984	 11	 19	 0	 0	 0.000000
 14.67	 1984	 11	 20	 0	 0	 0.000000
 13.8	 1984	 11	 21	 0	 0	 0.000000
 13.58	 1984	 11	 22	 0	 0	 0.000000
 13.6	 1984	 11	 23	 0	 0	 0.000000
 13.65	 1984	 11	 24	 0	 0	 0.000000
 14.27	 1984	 11	 25	 0	 0	 0.000000
 14.58	 1984	 11	 26	 0	 0	 0.000000
 14.5	 1984	 11	 27	 0	 0	 0.000000
 14.57	 1984	 11	 28	 0	 0	 0.000000
 14.86	 1984	 11	 29	 0	 0	 0.000000
 14.85	 1984	 11	 30	 0	 0	 0.000000
 14.46	 1984	 12	 1	 0	 0	 0.000000
 14.23	 1984	 12	 2	 0	 0	 0.000000
 14.28	 1984	 12	 3	 0	 0	 0.000000
 14.22	 1984	 12	 4	 0	 0	 0.000000
 13.99	 1984	 12	 5	 0	 0	 0.000000
 13.73	 1984	 12	 6	 0	 0	 0.000000
 13.51	 1984	 12	 7	 0	 0	 0.000000
 13.3	 1984	 12	 8	 0	 0	 0.000000
 13.52	 1984	 12	 9	 0	 0	 0.000000
 13.63	 1984	 12	 10	 0	 0	 0.000000
 13.5	 1984	 12	 11	 0	 0	 0.000000
 13.31	 1984	 12	 12	 0	 0	 0.000000
 13.2	 1984	 12	 13	 0	 0	 0.000000
 12.32	 1984	 12	 14	 0	 0	 0.000000
 11.96	 1984	 12	 15	 0	 0	 0.000000
 11.87	 1984	 12	 16	 0	 0	 0.000000
 11.7	 1984	 12	 17	 0	 0	 0.000000
 11.78	 1984	 12	 18	 0	 0	 0.000000
 11.62	 1984	 12	 19	 0	 0	 0.000000
 11.22	 1984	 12	 20	 0	 0	 0.000000
 10.87	 1984	 12	 21	 0	 0	 0.000000
 11.13	 1984	 12	 22	 0	 0	 0.000000
 10.75	 1984	 12	 23	 0	 0	 0.000000
 10.37	 1984	 12	 24	 0	 0	 0.000000
 10.47	 1984	 12	 25	 0	 0	 0.000000
 10.91	 1984	 12	 26	 0	 0	 0.000000
 10.69	 1984	 12	 27	 0	 0	 0.000000
 10.45	 1984	 12	 28	 0	 0	 0.000000
 10.43	 1984	 12	 29	 0	 0	 0.000000
 10.48	 1984	 12	 30	 0	 0	 0.000000
 10.45	 1984	 12	 31	 0	 0	 0.000000
 10.38	 1985	 1	 1	 0	 0	 0.000000
 9.92	 1985	 1	 2	 0	 0	 0.000000
 9.5	 1985	 1	 3	 0	 0	 0.000000
 9.43	 1985	 1	 4	 0	 0	 0.000000
 9.1	 1985	 1	 5	 0	 0	 0.000000
 9.21	 1985	 1	 6	 0	 0	 0.000000
 9.42	 1985	 1	 7	 0	 0	 0.000000
 9.63	 1985	 1	 8	 0	 0	 0.000000
 9.58	 1985	 1	 9	 0	 0	 0.000000
 9.28	 1985	 1	 10	 0	 0	 0.000000
 9.3	 1985	 1	 11	 0	 0	 0.000000
 9.43	 1985	 1	 12	 0	 0	 0.000000
 9.75	 1985	 1	 13	 0	 0	 0.000000
 9.9	 1985	 1	 14	 0	 0	 0.000000
 9.94	 1985	 1	 15	 0	 0	 0.000000
 9.75	 1985	 1	 16	 0	 0	 0.000000
 9.69	 1985	 1	 17	 0	 0	 0.000000
 9.61	 1985	 1	 18	 0	 0	 0.000000
 9.12	 1985	 1	 19	 0	 0	 0.000000
 9.08	 1985	 1	 20	 0	 0	 0.000000
 8.64	 1985	 1	 21	 0	 0	 0.000000
 9.29	 1985	 1	 22	 0	 0	 0.000000
 9.26	 1985	 1	 23	 0	 0	 0.000000
 9.24	 1985	 1	 24	 0	 0	 0.000000
 9.17	 1985	 1	 25	 0	 0	 0.000000
 9.12	 1985	 1	 26	 0	 0	 0.000000
 8.77	 1985	 1	 27	 0	 0	 0.000000
 8.83	 1985	 1	 28	 0	 0	 0.000000
 8.76	 1985	 1	 29	 0	 0	 0.000000
 8.61	 1985	 1	 30	 0	 0	 0.000000
 8.58	 1985	 1	 31	 0	 0	 0.000000
 8.63	 1985	 2	 1	 0	 0	 0.000000
 8.72	 1985	 2	 2	 0	 0	 0.000000
 8.67	 1985	 2	 3	 0	 0	 0.000000
 8.52	 1985	 2	 4	 0	 0	 0.000000
 8.48	 1985	 2	 5	 0	 0	 0.000000
 8.46	 1985	 2	 6	 0	 0	 0.000000
 8.53	 1985	 2	 7	 0	 0	 0.000000
 8.51	 1985	 2	 8	 0	 0	 0.000000
 8.46	 1985	 2	 9	 0	 0	 0.000000
 8.41	 1985	 2	 10	 0	 0	 0.000000
 8.15	 1985	 2	 11	 0	 0	 0.000000
 7.98	 1985	 2	 12	 0	 0	 0.000000
 7.95	 1985	 2	 13	 0	 0	 0.000000
 7.92	 1985	 2	 14	 0	 0	 0.000000
 7.9	 1985	 2	 15	 0	 0	 0.000000
 7.91	 1985	 2	 16	 0	 0	 0.000000
 7.86	 1985	 2	 17	 0	 0	 0.000000
 8.04	 1985	 2	 18	 0	 0	 0.000000
 8.08	 1985	 2	 19	 0	 0	 0.000000
 7.8	 1985	 2	 20	 0	 0	 0.000000
 7.36	 1985	 2	 21	 0	 0	 0.000000
 7	 1985	 2	 22	 0	 0	 0.000000
 6.85	 1985	 2	 23	 0	 0	 0.000000
 6.83	 1985	 2	 24	 0	 0	 0.000000
 6.9	 1985	 2	 25	 0	 0	 0.000000
 7.09	 1985	 2	 26	 0	 0	 0.000000
 7.04	 1985	 2	 27	 0	 0	 0.000000
 7.15	 1985	 2	 28	 0	 0	 0.000000
 7.22	 1985	 3	 1	 0	 0	 0.000000
 7.21	 1985	 3	 2	 0	 0	 0.000000
 7.27	 1985	 3	 3	 0	 0	 0.000000
 7.37	 1985	 3	 4	 0	 0	 0.000000
 7.56	 1985	 3	 5	 0	 0	 0.000000
 7.52	 1985	 3	 6	 0	 0	 0.000000
 7.55	 1985	 3	 7	 0	 0	 0.000000
 7.59	 1985	 3	 8	 0	 0	 0.000000
 7.42	 1985	 3	 9	 0	 0	 0.000000
 7.27	 1985	 3	 10	 0	 0	 0.000000
 7.22	 1985	 3	 11	 0	 0	 0.000000
 7.22	 1985	 3	 12	 0	 0	 0.000000
 7.48	 1985	 3	 13	 0	 0	 0.000000
 7.33	 1985	 3	 14	 0	 0	 0.000000
 7.33	 1985	 3	 15	 0	 0	 0.000000
 7.4	 1985	 3	 16	 0	 0	 0.000000
 7.7	 1985	 3	 17	 0	 0	 0.000000
 8.02	 1985	 3	 18	 0	 0	 0.000000
 8.39	 1985	 3	 19	 0	 0	 0.000000
 8.46	 1985	 3	 20	 0	 0	 0.000000
 8.89	 1985	 3	 21	 0	 0	 0.000000
 8.84	 1985	 3	 22	 0	 0	 0.000000
 8.79	 1985	 3	 23	 0	 0	 0.000000
 8.1	 1985	 3	 24	 0	 0	 0.000000
 7.77	 1985	 3	 25	 0	 0	 0.000000
 7.91	 1985	 3	 26	 0	 0	 0.000000
 7.69	 1985	 3	 27	 0	 0	 0.000000
 9.58	 1985	 3	 28	 0	 0	 0.000000
 9.56	 1985	 3	 29	 0	 0	 0.000000
 8.54	 1985	 3	 30	 0	 0	 0.000000
 7.86	 1985	 3	 31	 0	 0	 0.000000
 8.03	 1985	 4	 1	 0	 0	 0.000000
 8.19	 1985	 4	 2	 0	 0	 0.000000
 8.34	 1985	 4	 3	 0	 0	 0.000000
 8.49	 1985	 4	 4	 0	 0	 0.000000
 9.37	 1985	 4	 5	 0	 0	 0.000000
 9.62	 1985	 4	 6	 0	 0	 0.000000
 10.3	 1985	 4	 7	 0	 0	 0.000000
 10.43	 1985	 4	 8	 0	 0	 0.000000
 9.55	 1985	 4	 9	 0	 0	 0.000000
 9.26	 1985	 4	 10	 0	 0	 0.000000
 9.19	 1985	 4	 11	 0	 0	 0.000000
 9.24	 1985	 4	 12	 0	 0	 0.000000
 9.26	 1985	 4	 13	 0	 0	 0.000000
 9.26	 1985	 4	 14	 0	 0	 0.000000
 9.25	 1985	 4	 15	 0	 0	 0.000000
 8.52	 1985	 4	 16	 0	 0	 0.000000
 10.19	 1985	 4	 17	 0	 0	 0.000000
 10.2	 1985	 4	 18	 0	 0	 0.000000
 10.15	 1985	 4	 19	 0	 0	 0.000000
 10.03	 1985	 4	 20	 0	 0	 0.000000
 10.12	 1985	 4	 21	 0	 0	 0.000000
 10.53	 1985	 4	 22	 0	 0	 0.000000
 10.17	 1985	 4	 23	 0	 0	 0.000000
 11.82	 1985	 4	 24	 0	 0	 0.000000
 12.7	 1985	 4	 25	 0	 0	 0.000000
 12.1	 1985	 4	 26	 0	 0	 0.000000
 11.28	 1985	 4	 27	 0	 0	 0.000000
 11.15	 1985	 4	 28	 0	 0	 0.000000
 11.24	 1985	 4	 29	 0	 0	 0.000000
 11.63	 1985	 4	 30	 0	 0	 0.000000
 11.66	 1985	 5	 1	 0	 0	 0.000000
 11.74	 1985	 5	 2	 0	 0	 0.000000
 12.76	 1985	 5	 3	 0	 0	 0.000000
 12.93	 1985	 5	 4	 0	 0	 0.000000
 13.51	 1985	 5	 5	 0	 0	 0.000000
 14.04	 1985	 5	 6	 0	 0	 0.000000
 14.42	 1985	 5	 7	 0	 0	 0.000000
 14.82	 1985	 5	 8	 0	 0	 0.000000
 16.52	 1985	 5	 9	 0	 0	 0.000000
 16.54	 1985	 5	 10	 0	 0	 0.000000
 16.25	 1985	 5	 11	 0	 0	 0.000000
 16.21	 1985	 5	 12	 0	 0	 0.000000
 15.02	 1985	 5	 13	 0	 0	 0.000000
 14.77	 1985	 5	 14	 0	 0	 0.000000
 15.64	 1985	 5	 15	 0	 0	 0.000000
 17.28	 1985	 5	 16	 0	 0	 0.000000
 17.89	 1985	 5	 17	 0	 0	 0.000000
 18.07	 1985	 5	 18	 0	 0	 0.000000
 17.98	 1985	 5	 19	 0	 0	 0.000000
 18.04	 1985	 5	 20	 0	 0	 0.000000
 16.75	 1985	 5	 21	 0	 0	 0.000000
 17.16	 1985	 5	 22	 0	 0	 0.000000
 18.35	 1985	 5	 23	 0	 0	 0.000000
 18.97	 1985	 5	 24	 0	 0	 0.000000
 19.03	 1985	 5	 25	 0	 0	 0.000000
 18.67	 1985	 5	 26	 0	 0	 0.000000
 18.45	 1985	 5	 27	 0	 0	 0.000000
 18.26	 1985	 5	 28	 0	 0	 0.000000
 18.62	 1985	 5	 29	 0	 0	 0.000000
 18.82	 1985	 5	 30	 0	 0	 0.000000
 18.92	 1985	 5	 31	 0	 0	 0.000000
 19.12	 1985	 6	 1	 0	 0	 0.000000
 19.09	 1985	 6	 2	 0	 0	 0.000000
 19.66	 1985	 6	 3	 0	 0	 0.000000
 20.48	 1985	 6	 4	 0	 0	 0.000000
 20.65	 1985	 6	 5	 0	 0	 0.000000
 20.64	 1985	 6	 6	 0	 0	 0.000000
 20.69	 1985	 6	 7	 0	 0	 0.000000
 21.19	 1985	 6	 8	 0	 0	 0.000000
 21.29	 1985	 6	 9	 0	 0	 0.000000
 21.63	 1985	 6	 10	 0	 0	 0.000000
 21.49	 1985	 6	 11	 0	 0	 0.000000
 21.68	 1985	 6	 12	 0	 0	 0.000000
 21.44	 1985	 6	 13	 0	 0	 0.000000
 21.28	 1985	 6	 14	 0	 0	 0.000000
 21.95	 1985	 6	 15	 0	 0	 0.000000
 22.27	 1985	 6	 16	 0	 0	 0.000000
 21.61	 1985	 6	 17	 0	 0	 0.000000
 21.45	 1985	 6	 18	 0	 0	 0.000000
 21.46	 1985	 6	 19	 0	 0	 0.000000
 21.12	 1985	 6	 20	 0	 0	 0.000000
 21.07	 1985	 6	 21	 0	 0	 0.000000
 21.03	 1985	 6	 22	 0	 0	 0.000000
 21.13	 1985	 6	 23	 0	 0	 0.000000
 21.67	 1985	 6	 24	 0	 0	 0.000000
 21.86	 1985	 6	 25	 0	 0	 0.000000
 20.95	 1985	 6	 26	 0	 0	 0.000000
 21.29	 1985	 6	 27	 0	 0	 0.000000
 21.43	 1985	 6	 28	 0	 0	 0.000000
 21.65	 1985	 6	 29	 0	 0	 0.000000
 21.98	 1985	 6	 30	 0	 0	 0.000000
 22.49	 1985	 7	 1	 0	 0	 0.000000
 22.27	 1985	 7	 2	 0	 0	 0.000000
 22.42	 1985	 7	 3	 0	 0	 0.000000
 22.75	 1985	 7	 4	 0	 0	 0.000000
 23.04	 1985	 7	 5	 0	 0	 0.000000
 23.11	 1985	 7	 6	 0	 0	 0.000000
 22.98	 1985	 7	 7	 0	 0	 0.000000
 22.85	 1985	 7	 8	 0	 0	 0.000000
 22.76	 1985	 7	 9	 0	 0	 0.000000
 22.84	 1985	 7	 10	 0	 0	 0.000000
 22.91	 1985	 7	 11	 0	 0	 0.000000
 23.09	 1985	 7	 12	 0	 0	 0.000000
 23.72	 1985	 7	 13	 0	 0	 0.000000
 24.27	 1985	 7	 14	 0	 0	 0.000000
 23.92	 1985	 7	 15	 0	 0	 0.000000
 23.82	 1985	 7	 16	 0	 0	 0.000000
 23.72	 1985	 7	 17	 0	 0	 0.000000
 23.57	 1985	 7	 18	 0	 0	 0.000000
 23.43	 1985	 7	 19	 0	 0	 0.000000
 23.67	 1985	 7	 20	 0	 0	 0.000000
 23.68	 1985	 7	 21	 0	 0	 0.000000
 23.73	 1985	 7	 22	 0	 0	 0.000000
 23.33	 1985	 7	 23	 0	 0	 0.000000
 23.53	 1985	 7	 24	 0	 0	 0.000000
 23.56	 1985	 7	 25	 0	 0	 0.000000
 23.38	 1985	 7	 26	 0	 0	 0.000000
 23.47	 1985	 7	 27	 0	 0	 0.000000
 23.81	 1985	 7	 28	 0	 0	 0.000000
 24.12	 1985	 7	 29	 0	 0	 0.000000
 23.95	 1985	 7	 30	 0	 0	 0.000000
 23.97	 1985	 7	 31	 0	 0	 0.000000
 24.35	 1985	 8	 1	 0	 0	 0.000000
 25.05	 1985	 8	 2	 0	 0	 0.000000
 25.09	 1985	 8	 3	 0	 0	 0.000000
 24.98	 1985	 8	 4	 0	 0	 0.000000
 24.51	 1985	 8	 5	 0	 0	 0.000000
 24.34	 1985	 8	 6	 0	 0	 0.000000
 24.68	 1985	 8	 7	 0	 0	 0.000000
 25.2	 1985	 8	 8	 0	 0	 0.000000
 25.82	 1985	 8	 9	 0	 0	 0.000000
 25.99	 1985	 8	 10	 0	 0	 0.000000
 26.43	 1985	 8	 11	 0	 0	 0.000000
 26.4	 1985	 8	 12	 0	 0	 0.000000
 26.01	 1985	 8	 13	 0	 0	 0.000000
 25.85	 1985	 8	 14	 0	 0	 0.000000
 25.92	 1985	 8	 15	 0	 0	 0.000000
 26.03	 1985	 8	 16	 0	 0	 0.000000
 26.03	 1985	 8	 17	 0	 0	 0.000000
 26	 1985	 8	 18	 0	 0	 0.000000
 25.72	 1985	 8	 19	 0	 0	 0.000000
 25.21	 1985	 8	 20	 0	 0	 0.000000
 25.12	 1985	 8	 21	 0	 0	 0.000000
 24.87	 1985	 8	 22	 0	 0	 0.000000
 24.26	 1985	 8	 23	 0	 0	 0.000000
 24.39	 1985	 8	 24	 0	 0	 0.000000
 24.72	 1985	 8	 25	 0	 0	 0.000000
 24.71	 1985	 8	 26	 0	 0	 0.000000
 24.62	 1985	 8	 27	 0	 0	 0.000000
 24.67	 1985	 8	 28	 0	 0	 0.000000
 24.75	 1985	 8	 29	 0	 0	 0.000000
 24.68	 1985	 8	 30	 0	 0	 0.000000
 23.86	 1985	 8	 31	 0	 0	 0.000000
 24.82	 1985	 9	 1	 0	 0	 0.000000
 25.1	 1985	 9	 2	 0	 0	 0.000000
 24.8	 1985	 9	 3	 0	 0	 0.000000
 24.7	 1985	 9	 4	 0	 0	 0.000000
 24.75	 1985	 9	 5	 0	 0	 0.000000
 24.49	 1985	 9	 6	 0	 0	 0.000000
 24.21	 1985	 9	 7	 0	 0	 0.000000
 24.05	 1985	 9	 8	 0	 0	 0.000000
 23.88	 1985	 9	 9	 0	 0	 0.000000
 23.74	 1985	 9	 10	 0	 0	 0.000000
 23.71	 1985	 9	 11	 0	 0	 0.000000
 23.37	 1985	 9	 12	 0	 0	 0.000000
 23.57	 1985	 9	 13	 0	 0	 0.000000
 23.3	 1985	 9	 14	 0	 0	 0.000000
 23.14	 1985	 9	 15	 0	 0	 0.000000
 22.9	 1985	 9	 16	 0	 0	 0.000000
 22.97	 1985	 9	 17	 0	 0	 0.000000
 22.85	 1985	 9	 18	 0	 0	 0.000000
 22.64	 1985	 9	 19	 0	 0	 0.000000
 22.61	 1985	 9	 20	 0	 0	 0.000000
 22.09	 1985	 9	 21	 0	 0	 0.000000
 22.1	 1985	 9	 22	 0	 0	 0.000000
 22.42	 1985	 9	 23	 0	 0	 0.000000
 22.55	 1985	 9	 24	 0	 0	 0.000000
 22.35	 1985	 9	 25	 0	 0	 0.000000
 21.91	 1985	 9	 26	 0	 0	 0.000000
 21.86	 1985	 9	 27	 0	 0	 0.000000
 21.83	 1985	 9	 28	 0	 0	 0.000000
 21.6	 1985	 9	 29	 0	 0	 0.000000
 20.3	 1985	 9	 30	 0	 0	 0.000000
 20.06	 1985	 10	 1	 0	 0	 0.000000
 19.85	 1985	 10	 2	 0	 0	 0.000000
 19.65	 1985	 10	 3	 0	 0	 0.000000
 19.76	 1985	 10	 4	 0	 0	 0.000000
 20.16	 1985	 10	 5	 0	 0	 0.000000
 20.38	 1985	 10	 6	 0	 0	 0.000000
 20.16	 1985	 10	 7	 0	 0	 0.000000
 19.81	 1985	 10	 8	 0	 0	 0.000000
 19.73	 1985	 10	 9	 0	 0	 0.000000
 19.1	 1985	 10	 10	 0	 0	 0.000000
 19.23	 1985	 10	 11	 0	 0	 0.000000
 19.22	 1985	 10	 12	 0	 0	 0.000000
 18.71	 1985	 10	 13	 0	 0	 0.000000
 18.97	 1985	 10	 14	 0	 0	 0.000000
 19.29	 1985	 10	 15	 0	 0	 0.000000
 19.26	 1985	 10	 16	 0	 0	 0.000000
 18.92	 1985	 10	 17	 0	 0	 0.000000
 18.61	 1985	 10	 18	 0	 0	 0.000000
 18.13	 1985	 10	 19	 0	 0	 0.000000
 17.79	 1985	 10	 20	 0	 0	 0.000000
 17.86	 1985	 10	 21	 0	 0	 0.000000
 17.78	 1985	 10	 22	 0	 0	 0.000000
 17.84	 1985	 10	 23	 0	 0	 0.000000
 17.63	 1985	 10	 24	 0	 0	 0.000000
 17.15	 1985	 10	 25	 0	 0	 0.000000
 17.02	 1985	 10	 26	 0	 0	 0.000000
 16.95	 1985	 10	 27	 0	 0	 0.000000
 16.47	 1985	 10	 28	 0	 0	 0.000000
 16.03	 1985	 10	 29	 0	 0	 0.000000
 15.9	 1985	 10	 30	 0	 0	 0.000000
 16.08	 1985	 10	 31	 0	 0	 0.000000
 16.36	 1985	 11	 1	 0	 0	 0.000000
 16.41	 1985	 11	 2	 0	 0	 0.000000
 16.07	 1985	 11	 3	 0	 0	 0.000000
 15.95	 1985	 11	 4	 0	 0	 0.000000
 15.52	 1985	 11	 5	 0	 0	 0.000000
 15.47	 1985	 11	 6	 0	 0	 0.000000
 15.34	 1985	 11	 7	 0	 0	 0.000000
 15.2	 1985	 11	 8	 0	 0	 0.000000
 15.06	 1985	 11	 9	 0	 0	 0.000000
 15.31	 1985	 11	 10	 0	 0	 0.000000
 15.33	 1985	 11	 11	 0	 0	 0.000000
 15.39	 1985	 11	 12	 0	 0	 0.000000
 15.61	 1985	 11	 13	 0	 0	 0.000000
 15.78	 1985	 11	 14	 0	 0	 0.000000
 15.59	 1985	 11	 15	 0	 0	 0.000000
 15.5	 1985	 11	 16	 0	 0	 0.000000
 15.19	 1985	 11	 17	 0	 0	 0.000000
 15.06	 1985	 11	 18	 0	 0	 0.000000
 14.83	 1985	 11	 19	 0	 0	 0.000000
 14.61	 1985	 11	 20	 0	 0	 0.000000
 14.56	 1985	 11	 21	 0	 0	 0.000000
 14.63	 1985	 11	 22	 0	 0	 0.000000
 14.65	 1985	 11	 23	 0	 0	 0.000000
 14.35	 1985	 11	 24	 0	 0	 0.000000
 13.31	 1985	 11	 25	 0	 0	 0.000000
 12.94	 1985	 11	 26	 0	 0	 0.000000
 12.92	 1985	 11	 27	 0	 0	 0.000000
 13.2	 1985	 11	 28	 0	 0	 0.000000
 13.25	 1985	 11	 29	 0	 0	 0.000000
 12.92	 1985	 11	 30	 0	 0	 0.000000
 12.94	 1985	 12	 1	 0	 0	 0.000000
 12.7	 1985	 12	 2	 0	 0	 0.000000
 12.41	 1985	 12	 3	 0	 0	 0.000000
 12.37	 1985	 12	 4	 0	 0	 0.000000
 12.29	 1985	 12	 5	 0	 0	 0.000000
 12.79	 1985	 12	 6	 0	 0	 0.000000
 12.73	 1985	 12	 7	 0	 0	 0.000000
 12.69	 1985	 12	 8	 0	 0	 0.000000
 12.74	 1985	 12	 9	 0	 0	 0.000000
 12.7	 1985	 12	 10	 0	 0	 0.000000
 12.65	 1985	 12	 11	 0	 0	 0.000000
 12.23	 1985	 12	 12	 0	 0	 0.000000
 11.95	 1985	 12	 13	 0	 0	 0.000000
 11.92	 1985	 12	 14	 0	 0	 0.000000
 11.92	 1985	 12	 15	 0	 0	 0.000000
 11.87	 1985	 12	 16	 0	 0	 0.000000
 11.8	 1985	 12	 17	 0	 0	 0.000000
 11.77	 1985	 12	 18	 0	 0	 0.000000
 11.39	 1985	 12	 19	 0	 0	 0.000000
 11.31	 1985	 12	 20	 0	 0	 0.000000
 11	 1985	 12	 21	 0	 0	 0.000000
 10.72	 1985	 12	 22	 0	 0	 0.000000
 10.76	 1985	 12	 23	 0	 0	 0.000000
 10.78	 1985	 12	 24	 0	 0	 0.000000
 10.94	 1985	 12	 25	 0	 0	 0.000000
 10.82	 1985	 12	 26	 0	 0	 0.000000
 10.81	 1985	 12	 27	 0	 0	 0.000000
 11	 1985	 12	 28	 0	 0	 0.000000
 11.01	 1985	 12	 29	 0	 0	 0.000000
 11.02	 1985	 12	 30	 0	 0	 0.000000
 10.79	 1985	 12	 31	 0	 0	 0.000000
 10.83	 1986	 1	 1	 0	 0	 0.000000
 10.79	 1986	 1	 2	 0	 0	 0.000000
 10.63	 1986	 1	 3	 0	 0	 0.000000
 10.26	 1986	 1	 4	 0	 0	 0.000000
 10.17	 1986	 1	 5	 0	 0	 0.000000
 10.18	 1986	 1	 6	 0	 0	 0.000000
 10.15	 1986	 1	 7	 0	 0	 0.000000
 10.1	 1986	 1	 8	 0	 0	 0.000000
 10.72	 1986	 1	 9	 0	 0	 0.000000
 11.01	 1986	 1	 10	 0	 0	 0.000000
 10.98	 1986	 1	 11	 0	 0	 0.000000
 10.7	 1986	 1	 12	 0	 0	 0.000000
 10.14	 1986	 1	 13	 0	 0	 0.000000
 10.1	 1986	 1	 14	 0	 0	 0.000000
 10.1	 1986	 1	 15	 0	 0	 0.000000
 10.08	 1986	 1	 16	 0	 0	 0.000000
 10.02	 1986	 1	 17	 0	 0	 0.000000
 9.39	 1986	 1	 18	 0	 0	 0.000000
 9.39	 1986	 1	 19	 0	 0	 0.000000
 9.38	 1986	 1	 20	 0	 0	 0.000000
 9.01	 1986	 1	 21	 0	 0	 0.000000
 9.06	 1986	 1	 22	 0	 0	 0.000000
 9.33	 1986	 1	 23	 0	 0	 0.000000
 9.53	 1986	 1	 24	 0	 0	 0.000000
 9.69	 1986	 1	 25	 0	 0	 0.000000
 9.51	 1986	 1	 26	 0	 0	 0.000000
 9.32	 1986	 1	 27	 0	 0	 0.000000
 9.15	 1986	 1	 28	 0	 0	 0.000000
 8.86	 1986	 1	 29	 0	 0	 0.000000
 8.77	 1986	 1	 30	 0	 0	 0.000000
 8.74	 1986	 1	 31	 0	 0	 0.000000
 8.95	 1986	 2	 1	 0	 0	 0.000000
 9.1	 1986	 2	 2	 0	 0	 0.000000
 8.86	 1986	 2	 3	 0	 0	 0.000000
 8.86	 1986	 2	 4	 0	 0	 0.000000
 8.78	 1986	 2	 5	 0	 0	 0.000000
 8.34	 1986	 2	 6	 0	 0	 0.000000
 8.27	 1986	 2	 7	 0	 0	 0.000000
 7.6	 1986	 2	 8	 0	 0	 0.000000
 7.23	 1986	 2	 9	 0	 0	 0.000000
 7.6	 1986	 2	 10	 0	 0	 0.000000
 8.35	 1986	 2	 11	 0	 0	 0.000000
 8.53	 1986	 2	 12	 0	 0	 0.000000
 8.34	 1986	 2	 13	 0	 0	 0.000000
 8	 1986	 2	 14	 0	 0	 0.000000
 8	 1986	 2	 15	 0	 0	 0.000000
 7.94	 1986	 2	 16	 0	 0	 0.000000
 7.98	 1986	 2	 17	 0	 0	 0.000000
 7.97	 1986	 2	 18	 0	 0	 0.000000
 7.62	 1986	 2	 19	 0	 0	 0.000000
 7.32	 1986	 2	 20	 0	 0	 0.000000
 7.29	 1986	 2	 21	 0	 0	 0.000000
 7.74	 1986	 2	 22	 0	 0	 0.000000
 7.97	 1986	 2	 23	 0	 0	 0.000000
 8.03	 1986	 2	 24	 0	 0	 0.000000
 7.95	 1986	 2	 25	 0	 0	 0.000000
 7.96	 1986	 2	 26	 0	 0	 0.000000
 7.99	 1986	 2	 27	 0	 0	 0.000000
 8.06	 1986	 2	 28	 0	 0	 0.000000
 8.04	 1986	 3	 1	 0	 0	 0.000000
 8.23	 1986	 3	 2	 0	 0	 0.000000
 8.21	 1986	 3	 3	 0	 0	 0.000000
 8.12	 1986	 3	 4	 0	 0	 0.000000
 8.14	 1986	 3	 5	 0	 0	 0.000000
 8.2	 1986	 3	 6	 0	 0	 0.000000
 8.49	 1986	 3	 7	 0	 0	 0.000000
 8.74	 1986	 3	 8	 0	 0	 0.000000
 8.72	 1986	 3	 9	 0	 0	 0.000000
 8.7	 1986	 3	 10	 0	 0	 0.000000
 9.06	 1986	 3	 11	 0	 0	 0.000000
 9.08	 1986	 3	 12	 0	 0	 0.000000
 8.99	 1986	 3	 13	 0	 0	 0.000000
 8.93	 1986	 3	 14	 0	 0	 0.000000
 8.36	 1986	 3	 15	 0	 0	 0.000000
 8.33	 1986	 3	 16	 0	 0	 0.000000
 8.45	 1986	 3	 17	 0	 0	 0.000000
 8.43	 1986	 3	 18	 0	 0	 0.000000
 8.43	 1986	 3	 19	 0	 0	 0.000000
 8.45	 1986	 3	 20	 0	 0	 0.000000
 8.67	 1986	 3	 21	 0	 0	 0.000000
 8.79	 1986	 3	 22	 0	 0	 0.000000
 8.87	 1986	 3	 23	 0	 0	 0.000000
 8.87	 1986	 3	 24	 0	 0	 0.000000
 8.84	 1986	 3	 25	 0	 0	 0.000000
 9.28	 1986	 3	 26	 0	 0	 0.000000
 9.69	 1986	 3	 27	 0	 0	 0.000000
 10.41	 1986	 3	 28	 0	 0	 0.000000
 10.84	 1986	 3	 29	 0	 0	 0.000000
 10.9	 1986	 3	 30	 0	 0	 0.000000
 10.81	 1986	 3	 31	 0	 0	 0.000000
 11.05	 1986	 4	 1	 0	 0	 0.000000
 11.17	 1986	 4	 2	 0	 0	 0.000000
 11.69	 1986	 4	 3	 0	 0	 0.000000
 11.56	 1986	 4	 4	 0	 0	 0.000000
 11.22	 1986	 4	 5	 0	 0	 0.000000
 11.61	 1986	 4	 6	 0	 0	 0.000000
 11.83	 1986	 4	 7	 0	 0	 0.000000
 11.8	 1986	 4	 8	 0	 0	 0.000000
 11.48	 1986	 4	 9	 0	 0	 0.000000
 10.84	 1986	 4	 10	 0	 0	 0.000000
 12.38	 1986	 4	 11	 0	 0	 0.000000
 12.3	 1986	 4	 12	 0	 0	 0.000000
 11.97	 1986	 4	 13	 0	 0	 0.000000
 11.86	 1986	 4	 14	 0	 0	 0.000000
 11.36	 1986	 4	 15	 0	 0	 0.000000
 11.5	 1986	 4	 16	 0	 0	 0.000000
 12.14	 1986	 4	 17	 0	 0	 0.000000
 12.53	 1986	 4	 18	 0	 0	 0.000000
 13.11	 1986	 4	 19	 0	 0	 0.000000
 12.86	 1986	 4	 20	 0	 0	 0.000000
 11.66	 1986	 4	 21	 0	 0	 0.000000
 11.64	 1986	 4	 22	 0	 0	 0.000000
 11.78	 1986	 4	 23	 0	 0	 0.000000
 11.84	 1986	 4	 24	 0	 0	 0.000000
 12.88	 1986	 4	 25	 0	 0	 0.000000
 13.06	 1986	 4	 26	 0	 0	 0.000000
 13.07	 1986	 4	 27	 0	 0	 0.000000
 13.54	 1986	 4	 28	 0	 0	 0.000000
 14.94	 1986	 4	 29	 0	 0	 0.000000
 15.17	 1986	 4	 30	 0	 0	 0.000000
 15.46	 1986	 5	 1	 0	 0	 0.000000
 15.66	 1986	 5	 2	 0	 0	 0.000000
 15.72	 1986	 5	 3	 0	 0	 0.000000
 15.88	 1986	 5	 4	 0	 0	 0.000000
 14.76	 1986	 5	 5	 0	 0	 0.000000
 14.37	 1986	 5	 6	 0	 0	 0.000000
 14.05	 1986	 5	 7	 0	 0	 0.000000
 13.96	 1986	 5	 8	 0	 0	 0.000000
 14.12	 1986	 5	 9	 0	 0	 0.000000
 14.03	 1986	 5	 10	 0	 0	 0.000000
 14.1	 1986	 5	 11	 0	 0	 0.000000
 14.09	 1986	 5	 12	 0	 0	 0.000000
 14.27	 1986	 5	 13	 0	 0	 0.000000
 14.1	 1986	 5	 14	 0	 0	 0.000000
 14.18	 1986	 5	 15	 0	 0	 0.000000
 16.02	 1986	 5	 16	 0	 0	 0.000000
 16.4	 1986	 5	 17	 0	 0	 0.000000
 16.76	 1986	 5	 18	 0	 0	 0.000000
 16.48	 1986	 5	 19	 0	 0	 0.000000
 16.33	 1986	 5	 20	 0	 0	 0.000000
 16.06	 1986	 5	 21	 0	 0	 0.000000
 15.94	 1986	 5	 22	 0	 0	 0.000000
 16.16	 1986	 5	 23	 0	 0	 0.000000
 16.03	 1986	 5	 24	 0	 0	 0.000000
 16	 1986	 5	 25	 0	 0	 0.000000
 16.96	 1986	 5	 26	 0	 0	 0.000000
 17.33	 1986	 5	 27	 0	 0	 0.000000
 17.72	 1986	 5	 28	 0	 0	 0.000000
 17.91	 1986	 5	 29	 0	 0	 0.000000
 17.74	 1986	 5	 30	 0	 0	 0.000000
 18.24	 1986	 5	 31	 0	 0	 0.000000
 18.55	 1986	 6	 1	 0	 0	 0.000000
 19.33	 1986	 6	 2	 0	 0	 0.000000
 20.14	 1986	 6	 3	 0	 0	 0.000000
 19.89	 1986	 6	 4	 0	 0	 0.000000
 20.07	 1986	 6	 5	 0	 0	 0.000000
 20.61	 1986	 6	 6	 0	 0	 0.000000
 21.23	 1986	 6	 7	 0	 0	 0.000000
 21.64	 1986	 6	 8	 0	 0	 0.000000
 21.34	 1986	 6	 9	 0	 0	 0.000000
 21.5	 1986	 6	 10	 0	 0	 0.000000
 21.61	 1986	 6	 11	 0	 0	 0.000000
 21.66	 1986	 6	 12	 0	 0	 0.000000
 22.27	 1986	 6	 13	 0	 0	 0.000000
 22.46	 1986	 6	 14	 0	 0	 0.000000
 22.6	 1986	 6	 15	 0	 0	 0.000000
 22.89	 1986	 6	 16	 0	 0	 0.000000
 23.64	 1986	 6	 17	 0	 0	 0.000000
 23.29	 1986	 6	 18	 0	 0	 0.000000
 22.63	 1986	 6	 19	 0	 0	 0.000000
 21.68	 1986	 6	 20	 0	 0	 0.000000
 21.85	 1986	 6	 21	 0	 0	 0.000000
 22.27	 1986	 6	 22	 0	 0	 0.000000
 21.98	 1986	 6	 23	 0	 0	 0.000000
 22.01	 1986	 6	 24	 0	 0	 0.000000
 22.81	 1986	 6	 25	 0	 0	 0.000000
 22.31	 1986	 6	 26	 0	 0	 0.000000
 21.64	 1986	 6	 27	 0	 0	 0.000000
 21.3	 1986	 6	 28	 0	 0	 0.000000
 21.28	 1986	 6	 29	 0	 0	 0.000000
 21.32	 1986	 6	 30	 0	 0	 0.000000
 21.43	 1986	 7	 1	 0	 0	 0.000000
 21.71	 1986	 7	 2	 0	 0	 0.000000
 22.02	 1986	 7	 3	 0	 0	 0.000000
 23.12	 1986	 7	 4	 0	 0	 0.000000
 23.27	 1986	 7	 5	 0	 0	 0.000000
 23.31	 1986	 7	 6	 0	 0	 0.000000
 23.67	 1986	 7	 7	 0	 0	 0.000000
 24.05	 1986	 7	 8	 0	 0	 0.000000
 24.15	 1986	 7	 9	 0	 0	 0.000000
 23.8	 1986	 7	 10	 0	 0	 0.000000
 23.15	 1986	 7	 11	 0	 0	 0.000000
 23.08	 1986	 7	 12	 0	 0	 0.000000
 23.11	 1986	 7	 13	 0	 0	 0.000000
 23.54	 1986	 7	 14	 0	 0	 0.000000
 23.61	 1986	 7	 15	 0	 0	 0.000000
 23.26	 1986	 7	 16	 0	 0	 0.000000
 23.23	 1986	 7	 17	 0	 0	 0.000000
 23.24	 1986	 7	 18	 0	 0	 0.000000
 23.32	 1986	 7	 19	 0	 0	 0.000000
 23.38	 1986	 7	 20	 0	 0	 0.000000
 23.68	 1986	 7	 21	 0	 0	 0.000000
 24.05	 1986	 7	 22	 0	 0	 0.000000
 24.37	 1986	 7	 23	 0	 0	 0.000000
 24.86	 1986	 7	 24	 0	 0	 0.000000
 24.97	 1986	 7	 25	 0	 0	 0.000000
 25	 1986	 7	 26	 0	 0	 0.000000
 25.54	 1986	 7	 27	 0	 0	 0.000000
 25.77	 1986	 7	 28	 0	 0	 0.000000
 25.4	 1986	 7	 29	 0	 0	 0.000000
 24.33	 1986	 7	 30	 0	 0	 0.000000
 24.45	 1986	 7	 31	 0	 0	 0.000000
 24.59	 1986	 8	 1	 0	 0	 0.000000
 24.61	 1986	 8	 2	 0	 0	 0.000000
 24.63	 1986	 8	 3	 0	 0	 0.000000
 24.58	 1986	 8	 4	 0	 0	 0.000000
 24.72	 1986	 8	 5	 0	 0	 0.000000
 25.09	 1986	 8	 6	 0	 0	 0.000000
 25.42	 1986	 8	 7	 0	 0	 0.000000
 25.64	 1986	 8	 8	 0	 0	 0.000000
 25.68	 1986	 8	 9	 0	 0	 0.000000
 25.41	 1986	 8	 10	 0	 0	 0.000000
 25.64	 1986	 8	 11	 0	 0	 0.000000
 25.85	 1986	 8	 12	 0	 0	 0.000000
 25.88	 1986	 8	 13	 0	 0	 0.000000
 25.69	 1986	 8	 14	 0	 0	 0.000000
 25.92	 1986	 8	 15	 0	 0	 0.000000
 26.08	 1986	 8	 16	 0	 0	 0.000000
 26.33	 1986	 8	 17	 0	 0	 0.000000
 26.51	 1986	 8	 18	 0	 0	 0.000000
 26.75	 1986	 8	 19	 0	 0	 0.000000
 26.74	 1986	 8	 20	 0	 0	 0.000000
 25.87	 1986	 8	 21	 0	 0	 0.000000
 25.68	 1986	 8	 22	 0	 0	 0.000000
 25.81	 1986	 8	 23	 0	 0	 0.000000
 25.75	 1986	 8	 24	 0	 0	 0.000000
 26.16	 1986	 8	 25	 0	 0	 0.000000
 26.13	 1986	 8	 26	 0	 0	 0.000000
 26.01	 1986	 8	 27	 0	 0	 0.000000
 26.16	 1986	 8	 28	 0	 0	 0.000000
 26.52	 1986	 8	 29	 0	 0	 0.000000
 26.62	 1986	 8	 30	 0	 0	 0.000000
 26.46	 1986	 8	 31	 0	 0	 0.000000
 26.46	 1986	 9	 1	 0	 0	 0.000000
 25.22	 1986	 9	 2	 0	 0	 0.000000
 25.33	 1986	 9	 3	 0	 0	 0.000000
 25.45	 1986	 9	 4	 0	 0	 0.000000
 24.96	 1986	 9	 5	 0	 0	 0.000000
 24.32	 1986	 9	 6	 0	 0	 0.000000
 23.8	 1986	 9	 7	 0	 0	 0.000000
 23.6	 1986	 9	 8	 0	 0	 0.000000
 23.58	 1986	 9	 9	 0	 0	 0.000000
 23.57	 1986	 9	 10	 0	 0	 0.000000
 24.14	 1986	 9	 11	 0	 0	 0.000000
 24.6	 1986	 9	 12	 0	 0	 0.000000
 24.76	 1986	 9	 13	 0	 0	 0.000000
 24.52	 1986	 9	 14	 0	 0	 0.000000
 24.31	 1986	 9	 15	 0	 0	 0.000000
 24.47	 1986	 9	 16	 0	 0	 0.000000
 24.82	 1986	 9	 17	 0	 0	 0.000000
 24.92	 1986	 9	 18	 0	 0	 0.000000
 24.91	 1986	 9	 19	 0	 0	 0.000000
 24.87	 1986	 9	 20	 0	 0	 0.000000
 23.86	 1986	 9	 21	 0	 0	 0.000000
 23.71	 1986	 9	 22	 0	 0	 0.000000
 23.29	 1986	 9	 23	 0	 0	 0.000000
 22.57	 1986	 9	 24	 0	 0	 0.000000
 21.89	 1986	 9	 25	 0	 0	 0.000000
 21.46	 1986	 9	 26	 0	 0	 0.000000
 21.4	 1986	 9	 27	 0	 0	 0.000000
 21.13	 1986	 9	 28	 0	 0	 0.000000
 21.14	 1986	 9	 29	 0	 0	 0.000000
 21.16	 1986	 9	 30	 0	 0	 0.000000
 19.49	 1986	 10	 1	 0	 0	 0.000000
 19.15	 1986	 10	 2	 0	 0	 0.000000
 18.52	 1986	 10	 3	 0	 0	 0.000000
 18.42	 1986	 10	 4	 0	 0	 0.000000
 18.76	 1986	 10	 5	 0	 0	 0.000000
 18.99	 1986	 10	 6	 0	 0	 0.000000
 19.3	 1986	 10	 7	 0	 0	 0.000000
 18.91	 1986	 10	 8	 0	 0	 0.000000
 18.76	 1986	 10	 9	 0	 0	 0.000000
 18.7	 1986	 10	 10	 0	 0	 0.000000
 19.16	 1986	 10	 11	 0	 0	 0.000000
 19.12	 1986	 10	 12	 0	 0	 0.000000
 18.99	 1986	 10	 13	 0	 0	 0.000000
 18.99	 1986	 10	 14	 0	 0	 0.000000
 18.83	 1986	 10	 15	 0	 0	 0.000000
 18.62	 1986	 10	 16	 0	 0	 0.000000
 18.54	 1986	 10	 17	 0	 0	 0.000000
 18.44	 1986	 10	 18	 0	 0	 0.000000
 18.4	 1986	 10	 19	 0	 0	 0.000000
 18.33	 1986	 10	 20	 0	 0	 0.000000
 18.22	 1986	 10	 21	 0	 0	 0.000000
 18.05	 1986	 10	 22	 0	 0	 0.000000
 18.04	 1986	 10	 23	 0	 0	 0.000000
 18.37	 1986	 10	 24	 0	 0	 0.000000
 18.78	 1986	 10	 25	 0	 0	 0.000000
 18.48	 1986	 10	 26	 0	 0	 0.000000
 18.19	 1986	 10	 27	 0	 0	 0.000000
 18.21	 1986	 10	 28	 0	 0	 0.000000
 17.88	 1986	 10	 29	 0	 0	 0.000000
 17.6	 1986	 10	 30	 0	 0	 0.000000
 17.61	 1986	 10	 31	 0	 0	 0.000000
 17.65	 1986	 11	 1	 0	 0	 0.000000
 17.54	 1986	 11	 2	 0	 0	 0.000000
 17.45	 1986	 11	 3	 0	 0	 0.000000
 17.05	 1986	 11	 4	 0	 0	 0.000000
 17.03	 1986	 11	 5	 0	 0	 0.000000
 17	 1986	 11	 6	 0	 0	 0.000000
 16.42	 1986	 11	 7	 0	 0	 0.000000
 16.21	 1986	 11	 8	 0	 0	 0.000000
 15.34	 1986	 11	 9	 0	 0	 0.000000
 15.24	 1986	 11	 10	 0	 0	 0.000000
 15.3	 1986	 11	 11	 0	 0	 0.000000
 15.16	 1986	 11	 12	 0	 0	 0.000000
 14.67	 1986	 11	 13	 0	 0	 0.000000
 14.46	 1986	 11	 14	 0	 0	 0.000000
 14.36	 1986	 11	 15	 0	 0	 0.000000
 14.12	 1986	 11	 16	 0	 0	 0.000000
 13.9	 1986	 11	 17	 0	 0	 0.000000
 13.9	 1986	 11	 18	 0	 0	 0.000000
 13.7	 1986	 11	 19	 0	 0	 0.000000
 13.66	 1986	 11	 20	 0	 0	 0.000000
 14	 1986	 11	 21	 0	 0	 0.000000
 13.92	 1986	 11	 22	 0	 0	 0.000000
 13.72	 1986	 11	 23	 0	 0	 0.000000
 13.63	 1986	 11	 24	 0	 0	 0.000000
 13.4	 1986	 11	 25	 0	 0	 0.000000
 13.08	 1986	 11	 26	 0	 0	 0.000000
 12.81	 1986	 11	 27	 0	 0	 0.000000
 12.74	 1986	 11	 28	 0	 0	 0.000000
 12.72	 1986	 11	 29	 0	 0	 0.000000
 12.68	 1986	 11	 30	 0	 0	 0.000000
 12.94	 1986	 12	 1	 0	 0	 0.000000
 12.91	 1986	 12	 2	 0	 0	 0.000000
 12.68	 1986	 12	 3	 0	 0	 0.000000
 11.35	 1986	 12	 4	 0	 0	 0.000000
 10.63	 1986	 12	 5	 0	 0	 0.000000
 10.82	 1986	 12	 6	 0	 0	 0.000000
 11.04	 1986	 12	 7	 0	 0	 0.000000
 10.93	 1986	 12	 8	 0	 0	 0.000000
 10.82	 1986	 12	 9	 0	 0	 0.000000
 10.72	 1986	 12	 10	 0	 0	 0.000000
 10.24	 1986	 12	 11	 0	 0	 0.000000
 10.58	 1986	 12	 12	 0	 0	 0.000000
 10.6	 1986	 12	 13	 0	 0	 0.000000
 10.35	 1986	 12	 14	 0	 0	 0.000000
 9.96	 1986	 12	 15	 0	 0	 0.000000
 9.54	 1986	 12	 16	 0	 0	 0.000000
 9.01	 1986	 12	 17	 0	 0	 0.000000
 8.6	 1986	 12	 18	 0	 0	 0.000000
 8.58	 1986	 12	 19	 0	 0	 0.000000
 8.64	 1986	 12	 20	 0	 0	 0.000000
 8.7	 1986	 12	 21	 0	 0	 0.000000
 8.7	 1986	 12	 22	 0	 0	 0.000000
 8.69	 1986	 12	 23	 0	 0	 0.000000
 8.67	 1986	 12	 24	 0	 0	 0.000000
 8.66	 1986	 12	 25	 0	 0	 0.000000
 8.65	 1986	 12	 26	 0	 0	 0.000000
 8.43	 1986	 12	 27	 0	 0	 0.000000
 8.2	 1986	 12	 28	 0	 0	 0.000000
 7.87	 1986	 12	 29	 0	 0	 0.000000
 7.56	 1986	 12	 30	 0	 0	 0.000000
 7.6	 1986	 12	 31	 0	 0	 0.000000
 7.66	 1987	 1	 1	 0	 0	 0.000000
 7.77	 1987	 1	 2	 0	 0	 0.000000
 7.87	 1987	 1	 3	 0	 0	 0.000000
 7.9	 1987	 1	 4	 0	 0	 0.000000
 7.87	 1987	 1	 5	 0	 0	 0.000000
 7.85	 1987	 1	 6	 0	 0	 0.000000
 7.81	 1987	 1	 7	 0	 0	 0.000000
 7.8	 1987	 1	 8	 0	 0	 0.000000
 7.79	 1987	 1	 9	 0	 0	 0.000000
 8.18	 1987	 1	 10	 0	 0	 0.000000
 8.45	 1987	 1	 11	 0	 0	 0.000000
 8.07	 1987	 1	 12	 0	 0	 0.000000
 7.66	 1987	 1	 13	 0	 0	 0.000000
 8.06	 1987	 1	 14	 0	 0	 0.000000
 8.13	 1987	 1	 15	 0	 0	 0.000000
 8.18	 1987	 1	 16	 0	 0	 0.000000
 8.29	 1987	 1	 17	 0	 0	 0.000000
 8.5	 1987	 1	 18	 0	 0	 0.000000
 8.61	 1987	 1	 19	 0	 0	 0.000000
 8.9	 1987	 1	 20	 0	 0	 0.000000
 8.95	 1987	 1	 21	 0	 0	 0.000000
 8.88	 1987	 1	 22	 0	 0	 0.000000
 8.93	 1987	 1	 23	 0	 0	 0.000000
 8.9	 1987	 1	 24	 0	 0	 0.000000
 8.86	 1987	 1	 25	 0	 0	 0.000000
 8.79	 1987	 1	 26	 0	 0	 0.000000
 8.75	 1987	 1	 27	 0	 0	 0.000000
 8.7	 1987	 1	 28	 0	 0	 0.000000
 8.64	 1987	 1	 29	 0	 0	 0.000000
 7.97	 1987	 1	 30	 0	 0	 0.000000
 7.77	 1987	 1	 31	 0	 0	 0.000000
 7.75	 1987	 2	 1	 0	 0	 0.000000
 7.82	 1987	 2	 2	 0	 0	 0.000000
 7.87	 1987	 2	 3	 0	 0	 0.000000
 7.6	 1987	 2	 4	 0	 0	 0.000000
 8.06	 1987	 2	 5	 0	 0	 0.000000
 8.25	 1987	 2	 6	 0	 0	 0.000000
 8.26	 1987	 2	 7	 0	 0	 0.000000
 8.13	 1987	 2	 8	 0	 0	 0.000000
 7.85	 1987	 2	 9	 0	 0	 0.000000
 7.97	 1987	 2	 10	 0	 0	 0.000000
 7.99	 1987	 2	 11	 0	 0	 0.000000
 8.31	 1987	 2	 12	 0	 0	 0.000000
 8.78	 1987	 2	 13	 0	 0	 0.000000
 8.8	 1987	 2	 14	 0	 0	 0.000000
 8.51	 1987	 2	 15	 0	 0	 0.000000
 8.11	 1987	 2	 16	 0	 0	 0.000000
 8.12	 1987	 2	 17	 0	 0	 0.000000
 8.27	 1987	 2	 18	 0	 0	 0.000000
 8.28	 1987	 2	 19	 0	 0	 0.000000
 7.98	 1987	 2	 20	 0	 0	 0.000000
 7.99	 1987	 2	 21	 0	 0	 0.000000
 7.99	 1987	 2	 22	 0	 0	 0.000000
 8.33	 1987	 2	 23	 0	 0	 0.000000
 8.38	 1987	 2	 24	 0	 0	 0.000000
 8.28	 1987	 2	 25	 0	 0	 0.000000
 7.96	 1987	 2	 26	 0	 0	 0.000000
 7.83	 1987	 2	 27	 0	 0	 0.000000
 8.1	 1987	 2	 28	 0	 0	 0.000000
 8.14	 1987	 3	 1	 0	 0	 0.000000
 8.22	 1987	 3	 2	 0	 0	 0.000000
 7.98	 1987	 3	 3	 0	 0	 0.000000
 7.89	 1987	 3	 4	 0	 0	 0.000000
 7.87	 1987	 3	 5	 0	 0	 0.000000
 7.74	 1987	 3	 6	 0	 0	 0.000000
 7.71	 1987	 3	 7	 0	 0	 0.000000
 7.86	 1987	 3	 8	 0	 0	 0.000000
 7.74	 1987	 3	 9	 0	 0	 0.000000
 7.57	 1987	 3	 10	 0	 0	 0.000000
 7.6	 1987	 3	 11	 0	 0	 0.000000
 7.51	 1987	 3	 12	 0	 0	 0.000000
 7.52	 1987	 3	 13	 0	 0	 0.000000
 7.53	 1987	 3	 14	 0	 0	 0.000000
 6.95	 1987	 3	 15	 0	 0	 0.000000
 6.74	 1987	 3	 16	 0	 0	 0.000000
 6.68	 1987	 3	 17	 0	 0	 0.000000
 6.71	 1987	 3	 18	 0	 0	 0.000000
 8.29	 1987	 3	 19	 0	 0	 0.000000
 8.58	 1987	 3	 20	 0	 0	 0.000000
 8.59	 1987	 3	 21	 0	 0	 0.000000
 8.4	 1987	 3	 22	 0	 0	 0.000000
 8.27	 1987	 3	 23	 0	 0	 0.000000
 8.17	 1987	 3	 24	 0	 0	 0.000000
 8.04	 1987	 3	 25	 0	 0	 0.000000
 8.07	 1987	 3	 26	 0	 0	 0.000000
 8.03	 1987	 3	 27	 0	 0	 0.000000
 7.67	 1987	 3	 28	 0	 0	 0.000000
 7.77	 1987	 3	 29	 0	 0	 0.000000
 8.3	 1987	 3	 30	 0	 0	 0.000000
 8.7	 1987	 3	 31	 0	 0	 0.000000
 8.61	 1987	 4	 1	 0	 0	 0.000000
 8.06	 1987	 4	 2	 0	 0	 0.000000
 8.04	 1987	 4	 3	 0	 0	 0.000000
 7.7	 1987	 4	 4	 0	 0	 0.000000
 7.44	 1987	 4	 5	 0	 0	 0.000000
 7.16	 1987	 4	 6	 0	 0	 0.000000
 7.12	 1987	 4	 7	 0	 0	 0.000000
 7.31	 1987	 4	 8	 0	 0	 0.000000
 7.5	 1987	 4	 9	 0	 0	 0.000000
 8.45	 1987	 4	 10	 0	 0	 0.000000
 8.54	 1987	 4	 11	 0	 0	 0.000000
 8.59	 1987	 4	 12	 0	 0	 0.000000
 8.4	 1987	 4	 13	 0	 0	 0.000000
 8.68	 1987	 4	 14	 0	 0	 0.000000
 8.58	 1987	 4	 15	 0	 0	 0.000000
 8.53	 1987	 4	 16	 0	 0	 0.000000
 9.28	 1987	 4	 17	 0	 0	 0.000000
 9.31	 1987	 4	 18	 0	 0	 0.000000
 9.3	 1987	 4	 19	 0	 0	 0.000000
 8.47	 1987	 4	 20	 0	 0	 0.000000
 8.33	 1987	 4	 21	 0	 0	 0.000000
 8.29	 1987	 4	 22	 0	 0	 0.000000
 8.28	 1987	 4	 23	 0	 0	 0.000000
 8.43	 1987	 4	 24	 0	 0	 0.000000
 8.52	 1987	 4	 25	 0	 0	 0.000000
 8.57	 1987	 4	 26	 0	 0	 0.000000
 8.67	 1987	 4	 27	 0	 0	 0.000000
 8.91	 1987	 4	 28	 0	 0	 0.000000
 8.88	 1987	 4	 29	 0	 0	 0.000000
 8.84	 1987	 4	 30	 0	 0	 0.000000
 8.99	 1987	 5	 1	 0	 0	 0.000000
 10.41	 1987	 5	 2	 0	 0	 0.000000
 10.3	 1987	 5	 3	 0	 0	 0.000000
 9.93	 1987	 5	 4	 0	 0	 0.000000
 10.36	 1987	 5	 5	 0	 0	 0.000000
 11.31	 1987	 5	 6	 0	 0	 0.000000
 11.71	 1987	 5	 7	 0	 0	 0.000000
 12.09	 1987	 5	 8	 0	 0	 0.000000
 12.13	 1987	 5	 9	 0	 0	 0.000000
 12.12	 1987	 5	 10	 0	 0	 0.000000
 11.87	 1987	 5	 11	 0	 0	 0.000000
 11.58	 1987	 5	 12	 0	 0	 0.000000
 11.72	 1987	 5	 13	 0	 0	 0.000000
 14.37	 1987	 5	 14	 0	 0	 0.000000
 14.48	 1987	 5	 15	 0	 0	 0.000000
 14.45	 1987	 5	 16	 0	 0	 0.000000
 14.91	 1987	 5	 17	 0	 0	 0.000000
 15.1	 1987	 5	 18	 0	 0	 0.000000
 15.09	 1987	 5	 19	 0	 0	 0.000000
 15.3	 1987	 5	 20	 0	 0	 0.000000
 16.23	 1987	 5	 21	 0	 0	 0.000000
 16.33	 1987	 5	 22	 0	 0	 0.000000
 16.23	 1987	 5	 23	 0	 0	 0.000000
 16.18	 1987	 5	 24	 0	 0	 0.000000
 16.27	 1987	 5	 25	 0	 0	 0.000000
 16.16	 1987	 5	 26	 0	 0	 0.000000
 15.57	 1987	 5	 27	 0	 0	 0.000000
 15.2	 1987	 5	 28	 0	 0	 0.000000
 15.34	 1987	 5	 29	 0	 0	 0.000000
 15.81	 1987	 5	 30	 0	 0	 0.000000
 15.88	 1987	 5	 31	 0	 0	 0.000000
 15.98	 1987	 6	 1	 0	 0	 0.000000
 16.21	 1987	 6	 2	 0	 0	 0.000000
 16.18	 1987	 6	 3	 0	 0	 0.000000
 16.09	 1987	 6	 4	 0	 0	 0.000000
 16.76	 1987	 6	 5	 0	 0	 0.000000
 17.3	 1987	 6	 6	 0	 0	 0.000000
 17.01	 1987	 6	 7	 0	 0	 0.000000
 16.35	 1987	 6	 8	 0	 0	 0.000000
 16.76	 1987	 6	 9	 0	 0	 0.000000
 17.53	 1987	 6	 10	 0	 0	 0.000000
 18	 1987	 6	 11	 0	 0	 0.000000
 18.49	 1987	 6	 12	 0	 0	 0.000000
 19.14	 1987	 6	 13	 0	 0	 0.000000
 19.56	 1987	 6	 14	 0	 0	 0.000000
 20.15	 1987	 6	 15	 0	 0	 0.000000
 20.06	 1987	 6	 16	 0	 0	 0.000000
 20.1	 1987	 6	 17	 0	 0	 0.000000
 20.68	 1987	 6	 18	 0	 0	 0.000000
 20.88	 1987	 6	 19	 0	 0	 0.000000
 20.85	 1987	 6	 20	 0	 0	 0.000000
 21.25	 1987	 6	 21	 0	 0	 0.000000
 22.28	 1987	 6	 22	 0	 0	 0.000000
 22.09	 1987	 6	 23	 0	 0	 0.000000
 21.28	 1987	 6	 24	 0	 0	 0.000000
 21.31	 1987	 6	 25	 0	 0	 0.000000
 21.99	 1987	 6	 26	 0	 0	 0.000000
 21.8	 1987	 6	 27	 0	 0	 0.000000
 22.43	 1987	 6	 28	 0	 0	 0.000000
 23.18	 1987	 6	 29	 0	 0	 0.000000
 23.6	 1987	 6	 30	 0	 0	 0.000000
 23.61	 1987	 7	 1	 0	 0	 0.000000
 23.49	 1987	 7	 2	 0	 0	 0.000000
 23.25	 1987	 7	 3	 0	 0	 0.000000
 23.37	 1987	 7	 4	 0	 0	 0.000000
 23.38	 1987	 7	 5	 0	 0	 0.000000
 23.26	 1987	 7	 6	 0	 0	 0.000000
 23.31	 1987	 7	 7	 0	 0	 0.000000
 22.1	 1987	 7	 8	 0	 0	 0.000000
 21.73	 1987	 7	 9	 0	 0	 0.000000
 22.32	 1987	 7	 10	 0	 0	 0.000000
 22.39	 1987	 7	 11	 0	 0	 0.000000
 22.37	 1987	 7	 12	 0	 0	 0.000000
 23.04	 1987	 7	 13	 0	 0	 0.000000
 22.44	 1987	 7	 14	 0	 0	 0.000000
 22.48	 1987	 7	 15	 0	 0	 0.000000
 23.68	 1987	 7	 16	 0	 0	 0.000000
 24.26	 1987	 7	 17	 0	 0	 0.000000
 24.36	 1987	 7	 18	 0	 0	 0.000000
 24.35	 1987	 7	 19	 0	 0	 0.000000
 24.66	 1987	 7	 20	 0	 0	 0.000000
 25.09	 1987	 7	 21	 0	 0	 0.000000
 25.29	 1987	 7	 22	 0	 0	 0.000000
 25.33	 1987	 7	 23	 0	 0	 0.000000
 25.43	 1987	 7	 24	 0	 0	 0.000000
 25.83	 1987	 7	 25	 0	 0	 0.000000
 25.99	 1987	 7	 26	 0	 0	 0.000000
 25.94	 1987	 7	 27	 0	 0	 0.000000
 25.88	 1987	 7	 28	 0	 0	 0.000000
 26.13	 1987	 7	 29	 0	 0	 0.000000
 26.21	 1987	 7	 30	 0	 0	 0.000000
 25.88	 1987	 7	 31	 0	 0	 0.000000
 25.69	 1987	 8	 1	 0	 0	 0.000000
 25.66	 1987	 8	 2	 0	 0	 0.000000
 25.49	 1987	 8	 3	 0	 0	 0.000000
 25.33	 1987	 8	 4	 0	 0	 0.000000
 25.31	 1987	 8	 5	 0	 0	 0.000000
 25.48	 1987	 8	 6	 0	 0	 0.000000
 25.63	 1987	 8	 7	 0	 0	 0.000000
 25.69	 1987	 8	 8	 0	 0	 0.000000
 25.6	 1987	 8	 9	 0	 0	 0.000000
 25.75	 1987	 8	 10	 0	 0	 0.000000
 25.72	 1987	 8	 11	 0	 0	 0.000000
 25.34	 1987	 8	 12	 0	 0	 0.000000
 25.15	 1987	 8	 13	 0	 0	 0.000000
 24.51	 1987	 8	 14	 0	 0	 0.000000
 24.23	 1987	 8	 15	 0	 0	 0.000000
 24.55	 1987	 8	 16	 0	 0	 0.000000
 24.6	 1987	 8	 17	 0	 0	 0.000000
 24.15	 1987	 8	 18	 0	 0	 0.000000
 23.35	 1987	 8	 19	 0	 0	 0.000000
 23.29	 1987	 8	 20	 0	 0	 0.000000
 23.05	 1987	 8	 21	 0	 0	 0.000000
 23.05	 1987	 8	 22	 0	 0	 0.000000
 23.11	 1987	 8	 23	 0	 0	 0.000000
 23.15	 1987	 8	 24	 0	 0	 0.000000
 23.37	 1987	 8	 25	 0	 0	 0.000000
 23.46	 1987	 8	 26	 0	 0	 0.000000
 23.47	 1987	 8	 27	 0	 0	 0.000000
 23.5	 1987	 8	 28	 0	 0	 0.000000
 23.47	 1987	 8	 29	 0	 0	 0.000000
 23.5	 1987	 8	 30	 0	 0	 0.000000
 23.43	 1987	 8	 31	 0	 0	 0.000000
 23.1	 1987	 9	 1	 0	 0	 0.000000
 22.76	 1987	 9	 2	 0	 0	 0.000000
 22.88	 1987	 9	 3	 0	 0	 0.000000
 22.61	 1987	 9	 4	 0	 0	 0.000000
 22.4	 1987	 9	 5	 0	 0	 0.000000
 22.65	 1987	 9	 6	 0	 0	 0.000000
 22.65	 1987	 9	 7	 0	 0	 0.000000
 22.62	 1987	 9	 8	 0	 0	 0.000000
 22.57	 1987	 9	 9	 0	 0	 0.000000
 22.69	 1987	 9	 10	 0	 0	 0.000000
 22.62	 1987	 9	 11	 0	 0	 0.000000
 22.69	 1987	 9	 12	 0	 0	 0.000000
 23.06	 1987	 9	 13	 0	 0	 0.000000
 23.07	 1987	 9	 14	 0	 0	 0.000000
 23.09	 1987	 9	 15	 0	 0	 0.000000
 22.91	 1987	 9	 16	 0	 0	 0.000000
 22.96	 1987	 9	 17	 0	 0	 0.000000
 22.21	 1987	 9	 18	 0	 0	 0.000000
 21.76	 1987	 9	 19	 0	 0	 0.000000
 21.64	 1987	 9	 20	 0	 0	 0.000000
 21.5	 1987	 9	 21	 0	 0	 0.000000
 20.8	 1987	 9	 22	 0	 0	 0.000000
 20.1	 1987	 9	 23	 0	 0	 0.000000
 19.87	 1987	 9	 24	 0	 0	 0.000000
 19.55	 1987	 9	 25	 0	 0	 0.000000
 19.43	 1987	 9	 26	 0	 0	 0.000000
 19.72	 1987	 9	 27	 0	 0	 0.000000
 20.13	 1987	 9	 28	 0	 0	 0.000000
 19.22	 1987	 9	 29	 0	 0	 0.000000
 18.96	 1987	 9	 30	 0	 0	 0.000000
 18.9	 1987	 10	 1	 0	 0	 0.000000
 17.97	 1987	 10	 2	 0	 0	 0.000000
 17.57	 1987	 10	 3	 0	 0	 0.000000
 17.9	 1987	 10	 4	 0	 0	 0.000000
 18.06	 1987	 10	 5	 0	 0	 0.000000
 17.9	 1987	 10	 6	 0	 0	 0.000000
 17.81	 1987	 10	 7	 0	 0	 0.000000
 17.95	 1987	 10	 8	 0	 0	 0.000000
 18.08	 1987	 10	 9	 0	 0	 0.000000
 18.19	 1987	 10	 10	 0	 0	 0.000000
 18.08	 1987	 10	 11	 0	 0	 0.000000
 17.93	 1987	 10	 12	 0	 0	 0.000000
 17.97	 1987	 10	 13	 0	 0	 0.000000
 17.89	 1987	 10	 14	 0	 0	 0.000000
 17.81	 1987	 10	 15	 0	 0	 0.000000
 17.4	 1987	 10	 16	 0	 0	 0.000000
 17.35	 1987	 10	 17	 0	 0	 0.000000
 17.13	 1987	 10	 18	 0	 0	 0.000000
 17.28	 1987	 10	 19	 0	 0	 0.000000
 17.37	 1987	 10	 20	 0	 0	 0.000000
 17.5	 1987	 10	 21	 0	 0	 0.000000
 17.45	 1987	 10	 22	 0	 0	 0.000000
 16.9	 1987	 10	 23	 0	 0	 0.000000
 16.84	 1987	 10	 24	 0	 0	 0.000000
 16.79	 1987	 10	 25	 0	 0	 0.000000
 16.56	 1987	 10	 26	 0	 0	 0.000000
 16.47	 1987	 10	 27	 0	 0	 0.000000
 16.52	 1987	 10	 28	 0	 0	 0.000000
 16.49	 1987	 10	 29	 0	 0	 0.000000
 14.56	 1987	 10	 30	 0	 0	 0.000000
 14.02	 1987	 10	 31	 0	 0	 0.000000
 13.91	 1987	 11	 1	 0	 0	 0.000000
 14.09	 1987	 11	 2	 0	 0	 0.000000
 14	 1987	 11	 3	 0	 0	 0.000000
 13.96	 1987	 11	 4	 0	 0	 0.000000
 14.02	 1987	 11	 5	 0	 0	 0.000000
 14.54	 1987	 11	 6	 0	 0	 0.000000
 14.51	 1987	 11	 7	 0	 0	 0.000000
 14.11	 1987	 11	 8	 0	 0	 0.000000
 13.86	 1987	 11	 9	 0	 0	 0.000000
 13.7	 1987	 11	 10	 0	 0	 0.000000
 12.68	 1987	 11	 11	 0	 0	 0.000000
 12.24	 1987	 11	 12	 0	 0	 0.000000
 12.76	 1987	 11	 13	 0	 0	 0.000000
 13.09	 1987	 11	 14	 0	 0	 0.000000
 13.57	 1987	 11	 15	 0	 0	 0.000000
 13.4	 1987	 11	 16	 0	 0	 0.000000
 13.06	 1987	 11	 17	 0	 0	 0.000000
 12.91	 1987	 11	 18	 0	 0	 0.000000
 12.86	 1987	 11	 19	 0	 0	 0.000000
 12.79	 1987	 11	 20	 0	 0	 0.000000
 12.69	 1987	 11	 21	 0	 0	 0.000000
 12.98	 1987	 11	 22	 0	 0	 0.000000
 13.01	 1987	 11	 23	 0	 0	 0.000000
 13.16	 1987	 11	 24	 0	 0	 0.000000
 13.22	 1987	 11	 25	 0	 0	 0.000000
 13.42	 1987	 11	 26	 0	 0	 0.000000
 13.67	 1987	 11	 27	 0	 0	 0.000000
 13.63	 1987	 11	 28	 0	 0	 0.000000
 13.44	 1987	 11	 29	 0	 0	 0.000000
 13.02	 1987	 11	 30	 0	 0	 0.000000
 13.02	 1987	 12	 1	 0	 0	 0.000000
 12.98	 1987	 12	 2	 0	 0	 0.000000
 12.83	 1987	 12	 3	 0	 0	 0.000000
 12.71	 1987	 12	 4	 0	 0	 0.000000
 12.59	 1987	 12	 5	 0	 0	 0.000000
 12.98	 1987	 12	 6	 0	 0	 0.000000
 13.1	 1987	 12	 7	 0	 0	 0.000000
 13.13	 1987	 12	 8	 0	 0	 0.000000
 13.04	 1987	 12	 9	 0	 0	 0.000000
 12.91	 1987	 12	 10	 0	 0	 0.000000
 12.75	 1987	 12	 11	 0	 0	 0.000000
 11.9	 1987	 12	 12	 0	 0	 0.000000
 11.78	 1987	 12	 13	 0	 0	 0.000000
 11.73	 1987	 12	 14	 0	 0	 0.000000
 11.73	 1987	 12	 15	 0	 0	 0.000000
 11.6	 1987	 12	 16	 0	 0	 0.000000
 11.55	 1987	 12	 17	 0	 0	 0.000000
 11.16	 1987	 12	 18	 0	 0	 0.000000
 11.51	 1987	 12	 19	 0	 0	 0.000000
 11.76	 1987	 12	 20	 0	 0	 0.000000
 11.61	 1987	 12	 21	 0	 0	 0.000000
 11.54	 1987	 12	 22	 0	 0	 0.000000
 11.46	 1987	 12	 23	 0	 0	 0.000000
 11.38	 1987	 12	 24	 0	 0	 0.000000
 10.51	 1987	 12	 25	 0	 0	 0.000000
 10.43	 1987	 12	 26	 0	 0	 0.000000
 10.46	 1987	 12	 27	 0	 0	 0.000000
 10.23	 1987	 12	 28	 0	 0	 0.000000
 10.28	 1987	 12	 29	 0	 0	 0.000000
 10.33	 1987	 12	 30	 0	 0	 0.000000
 10.08	 1987	 12	 31	 0	 0	 0.000000
 10.2	 1988	 1	 1	 0	 0	 0.000000
 10.05	 1988	 1	 2	 0	 0	 0.000000
 10.47	 1988	 1	 3	 0	 0	 0.000000
 10.42	 1988	 1	 4	 0	 0	 0.000000
 10.2	 1988	 1	 5	 0	 0	 0.000000
 9.64	 1988	 1	 6	 0	 0	 0.000000
 9.91	 1988	 1	 7	 0	 0	 0.000000
 10.13	 1988	 1	 8	 0	 0	 0.000000
 9.98	 1988	 1	 9	 0	 0	 0.000000
 10.04	 1988	 1	 10	 0	 0	 0.000000
 10.17	 1988	 1	 11	 0	 0	 0.000000
 10.17	 1988	 1	 12	 0	 0	 0.000000
 10.09	 1988	 1	 13	 0	 0	 0.000000
 9.67	 1988	 1	 14	 0	 0	 0.000000
 8.93	 1988	 1	 15	 0	 0	 0.000000
 8.7	 1988	 1	 16	 0	 0	 0.000000
 8.99	 1988	 1	 17	 0	 0	 0.000000
 8.95	 1988	 1	 18	 0	 0	 0.000000
 8.79	 1988	 1	 19	 0	 0	 0.000000
 8.66	 1988	 1	 20	 0	 0	 0.000000
 8.59	 1988	 1	 21	 0	 0	 0.000000
 8.55	 1988	 1	 22	 0	 0	 0.000000
 8.74	 1988	 1	 23	 0	 0	 0.000000
 8.9	 1988	 1	 24	 0	 0	 0.000000
 8.86	 1988	 1	 25	 0	 0	 0.000000
 8.5	 1988	 1	 26	 0	 0	 0.000000
 8.42	 1988	 1	 27	 0	 0	 0.000000
 8.13	 1988	 1	 28	 0	 0	 0.000000
 8.18	 1988	 1	 29	 0	 0	 0.000000
 8.29	 1988	 1	 30	 0	 0	 0.000000
 8.4	 1988	 1	 31	 0	 0	 0.000000
 8.38	 1988	 2	 1	 0	 0	 0.000000
 8.13	 1988	 2	 2	 0	 0	 0.000000
 8.03	 1988	 2	 3	 0	 0	 0.000000
 8.11	 1988	 2	 4	 0	 0	 0.000000
 8	 1988	 2	 5	 0	 0	 0.000000
 7.96	 1988	 2	 6	 0	 0	 0.000000
 8.11	 1988	 2	 7	 0	 0	 0.000000
 8.55	 1988	 2	 8	 0	 0	 0.000000
 9.01	 1988	 2	 9	 0	 0	 0.000000
 8.95	 1988	 2	 10	 0	 0	 0.000000
 8.63	 1988	 2	 11	 0	 0	 0.000000
 8.44	 1988	 2	 12	 0	 0	 0.000000
 8.39	 1988	 2	 13	 0	 0	 0.000000
 8.21	 1988	 2	 14	 0	 0	 0.000000
 8.46	 1988	 2	 15	 0	 0	 0.000000
 8.39	 1988	 2	 16	 0	 0	 0.000000
 8.32	 1988	 2	 17	 0	 0	 0.000000
 8.67	 1988	 2	 18	 0	 0	 0.000000
 8.74	 1988	 2	 19	 0	 0	 0.000000
 8.72	 1988	 2	 20	 0	 0	 0.000000
 8.7	 1988	 2	 21	 0	 0	 0.000000
 8.68	 1988	 2	 22	 0	 0	 0.000000
 8.52	 1988	 2	 23	 0	 0	 0.000000
 8.54	 1988	 2	 24	 0	 0	 0.000000
 8.94	 1988	 2	 25	 0	 0	 0.000000
 9.41	 1988	 2	 26	 0	 0	 0.000000
 9.52	 1988	 2	 27	 0	 0	 0.000000
 9.22	 1988	 2	 28	 0	 0	 0.000000
 8.1	 1988	 2	 29	 0	 0	 0.000000
 8.12	 1988	 3	 1	 0	 0	 0.000000
 8.57	 1988	 3	 2	 0	 0	 0.000000
 8.64	 1988	 3	 3	 0	 0	 0.000000
 8.28	 1988	 3	 4	 0	 0	 0.000000
 8.42	 1988	 3	 5	 0	 0	 0.000000
 8.52	 1988	 3	 6	 0	 0	 0.000000
 8.95	 1988	 3	 7	 0	 0	 0.000000
 8.84	 1988	 3	 8	 0	 0	 0.000000
 8.46	 1988	 3	 9	 0	 0	 0.000000
 8.29	 1988	 3	 10	 0	 0	 0.000000
 8.11	 1988	 3	 11	 0	 0	 0.000000
 8.1	 1988	 3	 12	 0	 0	 0.000000
 7.3	 1988	 3	 13	 0	 0	 0.000000
 7.22	 1988	 3	 14	 0	 0	 0.000000
 8.15	 1988	 3	 15	 0	 0	 0.000000
 8.61	 1988	 3	 16	 0	 0	 0.000000
 8.54	 1988	 3	 17	 0	 0	 0.000000
 8.57	 1988	 3	 18	 0	 0	 0.000000
 8.64	 1988	 3	 19	 0	 0	 0.000000
 8.72	 1988	 3	 20	 0	 0	 0.000000
 8.66	 1988	 3	 21	 0	 0	 0.000000
 8.79	 1988	 3	 22	 0	 0	 0.000000
 9.28	 1988	 3	 23	 0	 0	 0.000000
 9.63	 1988	 3	 24	 0	 0	 0.000000
 10.72	 1988	 3	 25	 0	 0	 0.000000
 10.78	 1988	 3	 26	 0	 0	 0.000000
 10.52	 1988	 3	 27	 0	 0	 0.000000
 9.55	 1988	 3	 28	 0	 0	 0.000000
 9.51	 1988	 3	 29	 0	 0	 0.000000
 9.45	 1988	 3	 30	 0	 0	 0.000000
 10.02	 1988	 3	 31	 0	 0	 0.000000
 10.47	 1988	 4	 1	 0	 0	 0.000000
 10.66	 1988	 4	 2	 0	 0	 0.000000
 10.74	 1988	 4	 3	 0	 0	 0.000000
 10.06	 1988	 4	 4	 0	 0	 0.000000
 9.76	 1988	 4	 5	 0	 0	 0.000000
 9.97	 1988	 4	 6	 0	 0	 0.000000
 10.53	 1988	 4	 7	 0	 0	 0.000000
 10.93	 1988	 4	 8	 0	 0	 0.000000
 10.85	 1988	 4	 9	 0	 0	 0.000000
 10.96	 1988	 4	 10	 0	 0	 0.000000
 11.04	 1988	 4	 11	 0	 0	 0.000000
 12	 1988	 4	 12	 0	 0	 0.000000
 12.04	 1988	 4	 13	 0	 0	 0.000000
 12.03	 1988	 4	 14	 0	 0	 0.000000
 11.76	 1988	 4	 15	 0	 0	 0.000000
 11.63	 1988	 4	 16	 0	 0	 0.000000
 11.75	 1988	 4	 17	 0	 0	 0.000000
 11.63	 1988	 4	 18	 0	 0	 0.000000
 11.68	 1988	 4	 19	 0	 0	 0.000000
 12.45	 1988	 4	 20	 0	 0	 0.000000
 12.8	 1988	 4	 21	 0	 0	 0.000000
 12.64	 1988	 4	 22	 0	 0	 0.000000
 12.64	 1988	 4	 23	 0	 0	 0.000000
 12.26	 1988	 4	 24	 0	 0	 0.000000
 12.23	 1988	 4	 25	 0	 0	 0.000000
 12.61	 1988	 4	 26	 0	 0	 0.000000
 12.87	 1988	 4	 27	 0	 0	 0.000000
 13.29	 1988	 4	 28	 0	 0	 0.000000
 13.31	 1988	 4	 29	 0	 0	 0.000000
 13.1	 1988	 4	 30	 0	 0	 0.000000
 12.9	 1988	 5	 1	 0	 0	 0.000000
 12.94	 1988	 5	 2	 0	 0	 0.000000
 13	 1988	 5	 3	 0	 0	 0.000000
 13.06	 1988	 5	 4	 0	 0	 0.000000
 13.51	 1988	 5	 5	 0	 0	 0.000000
 14.17	 1988	 5	 6	 0	 0	 0.000000
 13.9	 1988	 5	 7	 0	 0	 0.000000
 13.46	 1988	 5	 8	 0	 0	 0.000000
 13.47	 1988	 5	 9	 0	 0	 0.000000
 13.51	 1988	 5	 10	 0	 0	 0.000000
 13.63	 1988	 5	 11	 0	 0	 0.000000
 13.88	 1988	 5	 12	 0	 0	 0.000000
 14.17	 1988	 5	 13	 0	 0	 0.000000
 14.4	 1988	 5	 14	 0	 0	 0.000000
 14.38	 1988	 5	 15	 0	 0	 0.000000
 14.32	 1988	 5	 16	 0	 0	 0.000000
 14.07	 1988	 5	 17	 0	 0	 0.000000
 15.39	 1988	 5	 18	 0	 0	 0.000000
 16.12	 1988	 5	 19	 0	 0	 0.000000
 16.52	 1988	 5	 20	 0	 0	 0.000000
 16.75	 1988	 5	 21	 0	 0	 0.000000
 16.83	 1988	 5	 22	 0	 0	 0.000000
 16.82	 1988	 5	 23	 0	 0	 0.000000
 16.52	 1988	 5	 24	 0	 0	 0.000000
 17.01	 1988	 5	 25	 0	 0	 0.000000
 17.1	 1988	 5	 26	 0	 0	 0.000000
 17.29	 1988	 5	 27	 0	 0	 0.000000
 17.32	 1988	 5	 28	 0	 0	 0.000000
 17.21	 1988	 5	 29	 0	 0	 0.000000
 17.29	 1988	 5	 30	 0	 0	 0.000000
 17.39	 1988	 5	 31	 0	 0	 0.000000
 18.9	 1988	 6	 1	 0	 0	 0.000000
 19.1	 1988	 6	 2	 0	 0	 0.000000
 19.03	 1988	 6	 3	 0	 0	 0.000000
 18.81	 1988	 6	 4	 0	 0	 0.000000
 19.35	 1988	 6	 5	 0	 0	 0.000000
 19.91	 1988	 6	 6	 0	 0	 0.000000
 19.99	 1988	 6	 7	 0	 0	 0.000000
 19.64	 1988	 6	 8	 0	 0	 0.000000
 19.28	 1988	 6	 9	 0	 0	 0.000000
 19.74	 1988	 6	 10	 0	 0	 0.000000
 20.7	 1988	 6	 11	 0	 0	 0.000000
 21.35	 1988	 6	 12	 0	 0	 0.000000
 21.26	 1988	 6	 13	 0	 0	 0.000000
 21.08	 1988	 6	 14	 0	 0	 0.000000
 21.04	 1988	 6	 15	 0	 0	 0.000000
 20.29	 1988	 6	 16	 0	 0	 0.000000
 20.35	 1988	 6	 17	 0	 0	 0.000000
 20.55	 1988	 6	 18	 0	 0	 0.000000
 21.63	 1988	 6	 19	 0	 0	 0.000000
 22.25	 1988	 6	 20	 0	 0	 0.000000
 22.25	 1988	 6	 21	 0	 0	 0.000000
 21.93	 1988	 6	 22	 0	 0	 0.000000
 21.9	 1988	 6	 23	 0	 0	 0.000000
 21.99	 1988	 6	 24	 0	 0	 0.000000
 22.14	 1988	 6	 25	 0	 0	 0.000000
 21.72	 1988	 6	 26	 0	 0	 0.000000
 21.24	 1988	 6	 27	 0	 0	 0.000000
 21.18	 1988	 6	 28	 0	 0	 0.000000
 21.25	 1988	 6	 29	 0	 0	 0.000000
 22.01	 1988	 6	 30	 0	 0	 0.000000
 22.83	 1988	 7	 1	 0	 0	 0.000000
 23.15	 1988	 7	 2	 0	 0	 0.000000
 23.54	 1988	 7	 3	 0	 0	 0.000000
 23.62	 1988	 7	 4	 0	 0	 0.000000
 23.71	 1988	 7	 5	 0	 0	 0.000000
 23.75	 1988	 7	 6	 0	 0	 0.000000
 24.05	 1988	 7	 7	 0	 0	 0.000000
 24.33	 1988	 7	 8	 0	 0	 0.000000
 24.68	 1988	 7	 9	 0	 0	 0.000000
 24.71	 1988	 7	 10	 0	 0	 0.000000
 24.52	 1988	 7	 11	 0	 0	 0.000000
 24.22	 1988	 7	 12	 0	 0	 0.000000
 24.53	 1988	 7	 13	 0	 0	 0.000000
 24.65	 1988	 7	 14	 0	 0	 0.000000
 24.57	 1988	 7	 15	 0	 0	 0.000000
 24.31	 1988	 7	 16	 0	 0	 0.000000
 24.49	 1988	 7	 17	 0	 0	 0.000000
 25.27	 1988	 7	 18	 0	 0	 0.000000
 25.63	 1988	 7	 19	 0	 0	 0.000000
 25.53	 1988	 7	 20	 0	 0	 0.000000
 25.42	 1988	 7	 21	 0	 0	 0.000000
 25.42	 1988	 7	 22	 0	 0	 0.000000
 25.61	 1988	 7	 23	 0	 0	 0.000000
 25.24	 1988	 7	 24	 0	 0	 0.000000
 25.26	 1988	 7	 25	 0	 0	 0.000000
 25.24	 1988	 7	 26	 0	 0	 0.000000
 25.46	 1988	 7	 27	 0	 0	 0.000000
 25.49	 1988	 7	 28	 0	 0	 0.000000
 25.56	 1988	 7	 29	 0	 0	 0.000000
 25.88	 1988	 7	 30	 0	 0	 0.000000
 25.67	 1988	 7	 31	 0	 0	 0.000000
 25.59	 1988	 8	 1	 0	 0	 0.000000
 25.9	 1988	 8	 2	 0	 0	 0.000000
 26.03	 1988	 8	 3	 0	 0	 0.000000
 25.87	 1988	 8	 4	 0	 0	 0.000000
 26	 1988	 8	 5	 0	 0	 0.000000
 26.23	 1988	 8	 6	 0	 0	 0.000000
 26.02	 1988	 8	 7	 0	 0	 0.000000
 26.07	 1988	 8	 8	 0	 0	 0.000000
 26.11	 1988	 8	 9	 0	 0	 0.000000
 26.71	 1988	 8	 10	 0	 0	 0.000000
 26.45	 1988	 8	 11	 0	 0	 0.000000
 25.46	 1988	 8	 12	 0	 0	 0.000000
 25.36	 1988	 8	 13	 0	 0	 0.000000
 25.52	 1988	 8	 14	 0	 0	 0.000000
 25.78	 1988	 8	 15	 0	 0	 0.000000
 25.98	 1988	 8	 16	 0	 0	 0.000000
 25.97	 1988	 8	 17	 0	 0	 0.000000
 25.76	 1988	 8	 18	 0	 0	 0.000000
 25.53	 1988	 8	 19	 0	 0	 0.000000
 25.66	 1988	 8	 20	 0	 0	 0.000000
 25.39	 1988	 8	 21	 0	 0	 0.000000
 25.11	 1988	 8	 22	 0	 0	 0.000000
 25.09	 1988	 8	 23	 0	 0	 0.000000
 25.32	 1988	 8	 24	 0	 0	 0.000000
 25.54	 1988	 8	 25	 0	 0	 0.000000
 25.71	 1988	 8	 26	 0	 0	 0.000000
 25.35	 1988	 8	 27	 0	 0	 0.000000
 24.97	 1988	 8	 28	 0	 0	 0.000000
 24	 1988	 8	 29	 0	 0	 0.000000
 23.5	 1988	 8	 30	 0	 0	 0.000000
 23.27	 1988	 8	 31	 0	 0	 0.000000
 23.46	 1988	 9	 1	 0	 0	 0.000000
 23.92	 1988	 9	 2	 0	 0	 0.000000
 24.31	 1988	 9	 3	 0	 0	 0.000000
 24.34	 1988	 9	 4	 0	 0	 0.000000
 23.29	 1988	 9	 5	 0	 0	 0.000000
 24.02	 1988	 9	 6	 0	 0	 0.000000
 24.21	 1988	 9	 7	 0	 0	 0.000000
 23.73	 1988	 9	 8	 0	 0	 0.000000
 23.01	 1988	 9	 9	 0	 0	 0.000000
 22.31	 1988	 9	 10	 0	 0	 0.000000
 22.11	 1988	 9	 11	 0	 0	 0.000000
 22.2	 1988	 9	 12	 0	 0	 0.000000
 22.25	 1988	 9	 13	 0	 0	 0.000000
 22.44	 1988	 9	 14	 0	 0	 0.000000
 22.67	 1988	 9	 15	 0	 0	 0.000000
 22.53	 1988	 9	 16	 0	 0	 0.000000
 21.86	 1988	 9	 17	 0	 0	 0.000000
 21.63	 1988	 9	 18	 0	 0	 0.000000
 21.6	 1988	 9	 19	 0	 0	 0.000000
 21.33	 1988	 9	 20	 0	 0	 0.000000
 21.31	 1988	 9	 21	 0	 0	 0.000000
 21.36	 1988	 9	 22	 0	 0	 0.000000
 21.25	 1988	 9	 23	 0	 0	 0.000000
 20.6	 1988	 9	 24	 0	 0	 0.000000
 20.39	 1988	 9	 25	 0	 0	 0.000000
 20.01	 1988	 9	 26	 0	 0	 0.000000
 20.16	 1988	 9	 27	 0	 0	 0.000000
 20.49	 1988	 9	 28	 0	 0	 0.000000
 20.86	 1988	 9	 29	 0	 0	 0.000000
 20.97	 1988	 9	 30	 0	 0	 0.000000
 21.05	 1988	 10	 1	 0	 0	 0.000000
 20.46	 1988	 10	 2	 0	 0	 0.000000
 20.67	 1988	 10	 3	 0	 0	 0.000000
 20.73	 1988	 10	 4	 0	 0	 0.000000
 21.04	 1988	 10	 5	 0	 0	 0.000000
 20.87	 1988	 10	 6	 0	 0	 0.000000
 20.46	 1988	 10	 7	 0	 0	 0.000000
 21.08	 1988	 10	 8	 0	 0	 0.000000
 21.09	 1988	 10	 9	 0	 0	 0.000000
 20.63	 1988	 10	 10	 0	 0	 0.000000
 20.03	 1988	 10	 11	 0	 0	 0.000000
 19.89	 1988	 10	 12	 0	 0	 0.000000
 19.9	 1988	 10	 13	 0	 0	 0.000000
 19.74	 1988	 10	 14	 0	 0	 0.000000
 19.65	 1988	 10	 15	 0	 0	 0.000000
 19.64	 1988	 10	 16	 0	 0	 0.000000
 19.55	 1988	 10	 17	 0	 0	 0.000000
 19.61	 1988	 10	 18	 0	 0	 0.000000
 19.71	 1988	 10	 19	 0	 0	 0.000000
 19.05	 1988	 10	 20	 0	 0	 0.000000
 18.69	 1988	 10	 21	 0	 0	 0.000000
 18.59	 1988	 10	 22	 0	 0	 0.000000
 18.47	 1988	 10	 23	 0	 0	 0.000000
 18.13	 1988	 10	 24	 0	 0	 0.000000
 17.88	 1988	 10	 25	 0	 0	 0.000000
 17.76	 1988	 10	 26	 0	 0	 0.000000
 17.6	 1988	 10	 27	 0	 0	 0.000000
 17.64	 1988	 10	 28	 0	 0	 0.000000
 17.63	 1988	 10	 29	 0	 0	 0.000000
 17.36	 1988	 10	 30	 0	 0	 0.000000
 17.19	 1988	 10	 31	 0	 0	 0.000000
 17.02	 1988	 11	 1	 0	 0	 0.000000
 16.3	 1988	 11	 2	 0	 0	 0.000000
 16.42	 1988	 11	 3	 0	 0	 0.000000
 16.46	 1988	 11	 4	 0	 0	 0.000000
 16.28	 1988	 11	 5	 0	 0	 0.000000
 15.69	 1988	 11	 6	 0	 0	 0.000000
 15.25	 1988	 11	 7	 0	 0	 0.000000
 14.96	 1988	 11	 8	 0	 0	 0.000000
 15.54	 1988	 11	 9	 0	 0	 0.000000
 15.57	 1988	 11	 10	 0	 0	 0.000000
 15.48	 1988	 11	 11	 0	 0	 0.000000
 15.18	 1988	 11	 12	 0	 0	 0.000000
 14.75	 1988	 11	 13	 0	 0	 0.000000
 14.65	 1988	 11	 14	 0	 0	 0.000000
 14.62	 1988	 11	 15	 0	 0	 0.000000
 14.48	 1988	 11	 16	 0	 0	 0.000000
 13.73	 1988	 11	 17	 0	 0	 0.000000
 13.16	 1988	 11	 18	 0	 0	 0.000000
 13.53	 1988	 11	 19	 0	 0	 0.000000
 13.44	 1988	 11	 20	 0	 0	 0.000000
 13.71	 1988	 11	 21	 0	 0	 0.000000
 14.07	 1988	 11	 22	 0	 0	 0.000000
 14.15	 1988	 11	 23	 0	 0	 0.000000
 13.68	 1988	 11	 24	 0	 0	 0.000000
 13.02	 1988	 11	 25	 0	 0	 0.000000
 13.05	 1988	 11	 26	 0	 0	 0.000000
 13.09	 1988	 11	 27	 0	 0	 0.000000
 12.6	 1988	 11	 28	 0	 0	 0.000000
 12.61	 1988	 11	 29	 0	 0	 0.000000
 12.65	 1988	 11	 30	 0	 0	 0.000000
 12.56	 1988	 12	 1	 0	 0	 0.000000
 12.46	 1988	 12	 2	 0	 0	 0.000000
 12.35	 1988	 12	 3	 0	 0	 0.000000
 12.55	 1988	 12	 4	 0	 0	 0.000000
 12.5	 1988	 12	 5	 0	 0	 0.000000
 12.51	 1988	 12	 6	 0	 0	 0.000000
 12.67	 1988	 12	 7	 0	 0	 0.000000
 12.65	 1988	 12	 8	 0	 0	 0.000000
 12.48	 1988	 12	 9	 0	 0	 0.000000
 12.34	 1988	 12	 10	 0	 0	 0.000000
 12.21	 1988	 12	 11	 0	 0	 0.000000
 12.07	 1988	 12	 12	 0	 0	 0.000000
 11.93	 1988	 12	 13	 0	 0	 0.000000
 11.81	 1988	 12	 14	 0	 0	 0.000000
 12.08	 1988	 12	 15	 0	 0	 0.000000
 11.96	 1988	 12	 16	 0	 0	 0.000000
 11.76	 1988	 12	 17	 0	 0	 0.000000
 11.47	 1988	 12	 18	 0	 0	 0.000000
 11.38	 1988	 12	 19	 0	 0	 0.000000
 11.12	 1988	 12	 20	 0	 0	 0.000000
 10.96	 1988	 12	 21	 0	 0	 0.000000
 10.46	 1988	 12	 22	 0	 0	 0.000000
 10.45	 1988	 12	 23	 0	 0	 0.000000
 10.63	 1988	 12	 24	 0	 0	 0.000000
 10.8	 1988	 12	 25	 0	 0	 0.000000
 10.65	 1988	 12	 26	 0	 0	 0.000000
 10.09	 1988	 12	 27	 0	 0	 0.000000
 10	 1988	 12	 28	 0	 0	 0.000000
 9.89	 1988	 12	 29	 0	 0	 0.000000
 9.84	 1988	 12	 30	 0	 0	 0.000000
 9.78	 1988	 12	 31	 0	 0	 0.000000
 9.52	 1989	 1	 1	 0	 0	 0.000000
 9.36	 1989	 1	 2	 0	 0	 0.000000
 9.58	 1989	 1	 3	 0	 0	 0.000000
 9.17	 1989	 1	 4	 0	 0	 0.000000
 8.86	 1989	 1	 5	 0	 0	 0.000000
 8.69	 1989	 1	 6	 0	 0	 0.000000
 8.66	 1989	 1	 7	 0	 0	 0.000000
 8.64	 1989	 1	 8	 0	 0	 0.000000
 8.07	 1989	 1	 9	 0	 0	 0.000000
 8.02	 1989	 1	 10	 0	 0	 0.000000
 8.14	 1989	 1	 11	 0	 0	 0.000000
 8.29	 1989	 1	 12	 0	 0	 0.000000
 8.6	 1989	 1	 13	 0	 0	 0.000000
 8.36	 1989	 1	 14	 0	 0	 0.000000
 8.18	 1989	 1	 15	 0	 0	 0.000000
 8.17	 1989	 1	 16	 0	 0	 0.000000
 8.33	 1989	 1	 17	 0	 0	 0.000000
 8.14	 1989	 1	 18	 0	 0	 0.000000
 7.92	 1989	 1	 19	 0	 0	 0.000000
 7.97	 1989	 1	 20	 0	 0	 0.000000
 7.92	 1989	 1	 21	 0	 0	 0.000000
 7.91	 1989	 1	 22	 0	 0	 0.000000
 7.92	 1989	 1	 23	 0	 0	 0.000000
 7.91	 1989	 1	 24	 0	 0	 0.000000
 7.99	 1989	 1	 25	 0	 0	 0.000000
 7.96	 1989	 1	 26	 0	 0	 0.000000
 7.92	 1989	 1	 27	 0	 0	 0.000000
 7.91	 1989	 1	 28	 0	 0	 0.000000
 7.75	 1989	 1	 29	 0	 0	 0.000000
 7.65	 1989	 1	 30	 0	 0	 0.000000
 7.72	 1989	 1	 31	 0	 0	 0.000000
 7.74	 1989	 2	 1	 0	 0	 0.000000
 7.74	 1989	 2	 2	 0	 0	 0.000000
 7.64	 1989	 2	 3	 0	 0	 0.000000
 7.55	 1989	 2	 4	 0	 0	 0.000000
 7.5	 1989	 2	 5	 0	 0	 0.000000
 7.43	 1989	 2	 6	 0	 0	 0.000000
 7.33	 1989	 2	 7	 0	 0	 0.000000
 7.65	 1989	 2	 8	 0	 0	 0.000000
 7.64	 1989	 2	 9	 0	 0	 0.000000
 7.61	 1989	 2	 10	 0	 0	 0.000000
 7.43	 1989	 2	 11	 0	 0	 0.000000
 7.45	 1989	 2	 12	 0	 0	 0.000000
 7.48	 1989	 2	 13	 0	 0	 0.000000
 7.5	 1989	 2	 14	 0	 0	 0.000000
 7.47	 1989	 2	 15	 0	 0	 0.000000
 7.45	 1989	 2	 16	 0	 0	 0.000000
 7.4	 1989	 2	 17	 0	 0	 0.000000
 7.12	 1989	 2	 18	 0	 0	 0.000000
 7.07	 1989	 2	 19	 0	 0	 0.000000
 7.19	 1989	 2	 20	 0	 0	 0.000000
 7.2	 1989	 2	 21	 0	 0	 0.000000
 7.13	 1989	 2	 22	 0	 0	 0.000000
 7.1	 1989	 2	 23	 0	 0	 0.000000
 7.08	 1989	 2	 24	 0	 0	 0.000000
 7.18	 1989	 2	 25	 0	 0	 0.000000
 7.3	 1989	 2	 26	 0	 0	 0.000000
 7.34	 1989	 2	 27	 0	 0	 0.000000
 7.4	 1989	 2	 28	 0	 0	 0.000000
 7.62	 1989	 3	 1	 0	 0	 0.000000
 7.64	 1989	 3	 2	 0	 0	 0.000000
 7.72	 1989	 3	 3	 0	 0	 0.000000
 7.75	 1989	 3	 4	 0	 0	 0.000000
 8.43	 1989	 3	 5	 0	 0	 0.000000
 8.49	 1989	 3	 6	 0	 0	 0.000000
 8.48	 1989	 3	 7	 0	 0	 0.000000
 8.31	 1989	 3	 8	 0	 0	 0.000000
 8.24	 1989	 3	 9	 0	 0	 0.000000
 8.2	 1989	 3	 10	 0	 0	 0.000000
 8.23	 1989	 3	 11	 0	 0	 0.000000
 8.3	 1989	 3	 12	 0	 0	 0.000000
 8.39	 1989	 3	 13	 0	 0	 0.000000
 8.2	 1989	 3	 14	 0	 0	 0.000000
 8.37	 1989	 3	 15	 0	 0	 0.000000
 8.42	 1989	 3	 16	 0	 0	 0.000000
 8.81	 1989	 3	 17	 0	 0	 0.000000
 8.82	 1989	 3	 18	 0	 0	 0.000000
 8.82	 1989	 3	 19	 0	 0	 0.000000
 8.69	 1989	 3	 20	 0	 0	 0.000000
 9.03	 1989	 3	 21	 0	 0	 0.000000
 9.86	 1989	 3	 22	 0	 0	 0.000000
 9.9	 1989	 3	 23	 0	 0	 0.000000
 9.95	 1989	 3	 24	 0	 0	 0.000000
 9.95	 1989	 3	 25	 0	 0	 0.000000
 10.33	 1989	 3	 26	 0	 0	 0.000000
 10.67	 1989	 3	 27	 0	 0	 0.000000
 10.06	 1989	 3	 28	 0	 0	 0.000000
 9.45	 1989	 3	 29	 0	 0	 0.000000
 9.46	 1989	 3	 30	 0	 0	 0.000000
 9.53	 1989	 3	 31	 0	 0	 0.000000
 9.7	 1989	 4	 1	 0	 0	 0.000000
 9.85	 1989	 4	 2	 0	 0	 0.000000
 10.44	 1989	 4	 3	 0	 0	 0.000000
 10.55	 1989	 4	 4	 0	 0	 0.000000
 11.36	 1989	 4	 5	 0	 0	 0.000000
 11.81	 1989	 4	 6	 0	 0	 0.000000
 11.79	 1989	 4	 7	 0	 0	 0.000000
 11.54	 1989	 4	 8	 0	 0	 0.000000
 11.46	 1989	 4	 9	 0	 0	 0.000000
 11.42	 1989	 4	 10	 0	 0	 0.000000
 11.39	 1989	 4	 11	 0	 0	 0.000000
 11.4	 1989	 4	 12	 0	 0	 0.000000
 12.84	 1989	 4	 13	 0	 0	 0.000000
 13.12	 1989	 4	 14	 0	 0	 0.000000
 12.8	 1989	 4	 15	 0	 0	 0.000000
 12.61	 1989	 4	 16	 0	 0	 0.000000
 12.48	 1989	 4	 17	 0	 0	 0.000000
 12.5	 1989	 4	 18	 0	 0	 0.000000
 13.68	 1989	 4	 19	 0	 0	 0.000000
 13.34	 1989	 4	 20	 0	 0	 0.000000
 13.26	 1989	 4	 21	 0	 0	 0.000000
 13.21	 1989	 4	 22	 0	 0	 0.000000
 13.37	 1989	 4	 23	 0	 0	 0.000000
 13.54	 1989	 4	 24	 0	 0	 0.000000
 12.95	 1989	 4	 25	 0	 0	 0.000000
 13.58	 1989	 4	 26	 0	 0	 0.000000
 14.08	 1989	 4	 27	 0	 0	 0.000000
 13.69	 1989	 4	 28	 0	 0	 0.000000
 14.53	 1989	 4	 29	 0	 0	 0.000000
 14.59	 1989	 4	 30	 0	 0	 0.000000
 14.71	 1989	 5	 1	 0	 0	 0.000000
 14.64	 1989	 5	 2	 0	 0	 0.000000
 14.85	 1989	 5	 3	 0	 0	 0.000000
 15.53	 1989	 5	 4	 0	 0	 0.000000
 15.74	 1989	 5	 5	 0	 0	 0.000000
 15.31	 1989	 5	 6	 0	 0	 0.000000
 14.92	 1989	 5	 7	 0	 0	 0.000000
 14.95	 1989	 5	 8	 0	 0	 0.000000
 15.17	 1989	 5	 9	 0	 0	 0.000000
 15.52	 1989	 5	 10	 0	 0	 0.000000
 15.45	 1989	 5	 11	 0	 0	 0.000000
 15.95	 1989	 5	 12	 0	 0	 0.000000
 16.52	 1989	 5	 13	 0	 0	 0.000000
 16.9	 1989	 5	 14	 0	 0	 0.000000
 16.69	 1989	 5	 15	 0	 0	 0.000000
 16.82	 1989	 5	 16	 0	 0	 0.000000
 17.82	 1989	 5	 17	 0	 0	 0.000000
 18.04	 1989	 5	 18	 0	 0	 0.000000
 17.43	 1989	 5	 19	 0	 0	 0.000000
 17.11	 1989	 5	 20	 0	 0	 0.000000
 17.61	 1989	 5	 21	 0	 0	 0.000000
 18.26	 1989	 5	 22	 0	 0	 0.000000
 18.48	 1989	 5	 23	 0	 0	 0.000000
 18.65	 1989	 5	 24	 0	 0	 0.000000
 18.82	 1989	 5	 25	 0	 0	 0.000000
 19.5	 1989	 5	 26	 0	 0	 0.000000
 19.28	 1989	 5	 27	 0	 0	 0.000000
 19.64	 1989	 5	 28	 0	 0	 0.000000
 19.76	 1989	 5	 29	 0	 0	 0.000000
 19.46	 1989	 5	 30	 0	 0	 0.000000
 19.08	 1989	 5	 31	 0	 0	 0.000000
 19.33	 1989	 6	 1	 0	 0	 0.000000
 19.74	 1989	 6	 2	 0	 0	 0.000000
 20.68	 1989	 6	 3	 0	 0	 0.000000
 20.76	 1989	 6	 4	 0	 0	 0.000000
 20.67	 1989	 6	 5	 0	 0	 0.000000
 20.9	 1989	 6	 6	 0	 0	 0.000000
 21.09	 1989	 6	 7	 0	 0	 0.000000
 21.07	 1989	 6	 8	 0	 0	 0.000000
 21.04	 1989	 6	 9	 0	 0	 0.000000
 20.95	 1989	 6	 10	 0	 0	 0.000000
 20.1	 1989	 6	 11	 0	 0	 0.000000
 19.79	 1989	 6	 12	 0	 0	 0.000000
 20.01	 1989	 6	 13	 0	 0	 0.000000
 20.52	 1989	 6	 14	 0	 0	 0.000000
 20.87	 1989	 6	 15	 0	 0	 0.000000
 21.22	 1989	 6	 16	 0	 0	 0.000000
 21.85	 1989	 6	 17	 0	 0	 0.000000
 21.7	 1989	 6	 18	 0	 0	 0.000000
 21.52	 1989	 6	 19	 0	 0	 0.000000
 21.49	 1989	 6	 20	 0	 0	 0.000000
 21.44	 1989	 6	 21	 0	 0	 0.000000
 21.64	 1989	 6	 22	 0	 0	 0.000000
 21.59	 1989	 6	 23	 0	 0	 0.000000
 21.83	 1989	 6	 24	 0	 0	 0.000000
 21.58	 1989	 6	 25	 0	 0	 0.000000
 21.91	 1989	 6	 26	 0	 0	 0.000000
 22.17	 1989	 6	 27	 0	 0	 0.000000
 22.33	 1989	 6	 28	 0	 0	 0.000000
 22.01	 1989	 6	 29	 0	 0	 0.000000
 22.36	 1989	 6	 30	 0	 0	 0.000000
 22.72	 1989	 7	 1	 0	 0	 0.000000
 23.26	 1989	 7	 2	 0	 0	 0.000000
 23.61	 1989	 7	 3	 0	 0	 0.000000
 23.67	 1989	 7	 4	 0	 0	 0.000000
 23.64	 1989	 7	 5	 0	 0	 0.000000
 23.59	 1989	 7	 6	 0	 0	 0.000000
 23.22	 1989	 7	 7	 0	 0	 0.000000
 22.96	 1989	 7	 8	 0	 0	 0.000000
 23.25	 1989	 7	 9	 0	 0	 0.000000
 23.49	 1989	 7	 10	 0	 0	 0.000000
 23.4	 1989	 7	 11	 0	 0	 0.000000
 23.83	 1989	 7	 12	 0	 0	 0.000000
 24.12	 1989	 7	 13	 0	 0	 0.000000
 24.99	 1989	 7	 14	 0	 0	 0.000000
 25.43	 1989	 7	 15	 0	 0	 0.000000
 24.89	 1989	 7	 16	 0	 0	 0.000000
 24.59	 1989	 7	 17	 0	 0	 0.000000
 24.58	 1989	 7	 18	 0	 0	 0.000000
 24.67	 1989	 7	 19	 0	 0	 0.000000
 24.81	 1989	 7	 20	 0	 0	 0.000000
 24.66	 1989	 7	 21	 0	 0	 0.000000
 24.57	 1989	 7	 22	 0	 0	 0.000000
 23.7	 1989	 7	 23	 0	 0	 0.000000
 23.81	 1989	 7	 24	 0	 0	 0.000000
 23.79	 1989	 7	 25	 0	 0	 0.000000
 22.98	 1989	 7	 26	 0	 0	 0.000000
 23	 1989	 7	 27	 0	 0	 0.000000
 22.91	 1989	 7	 28	 0	 0	 0.000000
 22.92	 1989	 7	 29	 0	 0	 0.000000
 23.27	 1989	 7	 30	 0	 0	 0.000000
 23.84	 1989	 7	 31	 0	 0	 0.000000
 24.32	 1989	 8	 1	 0	 0	 0.000000
 24.42	 1989	 8	 2	 0	 0	 0.000000
 24.65	 1989	 8	 3	 0	 0	 0.000000
 24.23	 1989	 8	 4	 0	 0	 0.000000
 23.77	 1989	 8	 5	 0	 0	 0.000000
 23.49	 1989	 8	 6	 0	 0	 0.000000
 23.46	 1989	 8	 7	 0	 0	 0.000000
 23.44	 1989	 8	 8	 0	 0	 0.000000
 23.82	 1989	 8	 9	 0	 0	 0.000000
 24.59	 1989	 8	 10	 0	 0	 0.000000
 25	 1989	 8	 11	 0	 0	 0.000000
 25.42	 1989	 8	 12	 0	 0	 0.000000
 25.46	 1989	 8	 13	 0	 0	 0.000000
 25.15	 1989	 8	 14	 0	 0	 0.000000
 25.48	 1989	 8	 15	 0	 0	 0.000000
 25.16	 1989	 8	 16	 0	 0	 0.000000
 25.35	 1989	 8	 17	 0	 0	 0.000000
 25.69	 1989	 8	 18	 0	 0	 0.000000
 26.06	 1989	 8	 19	 0	 0	 0.000000
 26.01	 1989	 8	 20	 0	 0	 0.000000
 25.59	 1989	 8	 21	 0	 0	 0.000000
 25.61	 1989	 8	 22	 0	 0	 0.000000
 25.81	 1989	 8	 23	 0	 0	 0.000000
 25.93	 1989	 8	 24	 0	 0	 0.000000
 26.04	 1989	 8	 25	 0	 0	 0.000000
 25.84	 1989	 8	 26	 0	 0	 0.000000
 25.88	 1989	 8	 27	 0	 0	 0.000000
 26.22	 1989	 8	 28	 0	 0	 0.000000
 26.25	 1989	 8	 29	 0	 0	 0.000000
 26.46	 1989	 8	 30	 0	 0	 0.000000
 26.52	 1989	 8	 31	 0	 0	 0.000000
 25.73	 1989	 9	 1	 0	 0	 0.000000
 25.34	 1989	 9	 2	 0	 0	 0.000000
 25.64	 1989	 9	 3	 0	 0	 0.000000
 25.38	 1989	 9	 4	 0	 0	 0.000000
 24.91	 1989	 9	 5	 0	 0	 0.000000
 24.72	 1989	 9	 6	 0	 0	 0.000000
 24.48	 1989	 9	 7	 0	 0	 0.000000
 24.01	 1989	 9	 8	 0	 0	 0.000000
 23.71	 1989	 9	 9	 0	 0	 0.000000
 23.8	 1989	 9	 10	 0	 0	 0.000000
 23.86	 1989	 9	 11	 0	 0	 0.000000
 23.55	 1989	 9	 12	 0	 0	 0.000000
 23.61	 1989	 9	 13	 0	 0	 0.000000
 23.43	 1989	 9	 14	 0	 0	 0.000000
 22.87	 1989	 9	 15	 0	 0	 0.000000
 22.62	 1989	 9	 16	 0	 0	 0.000000
 22.43	 1989	 9	 17	 0	 0	 0.000000
 22.37	 1989	 9	 18	 0	 0	 0.000000
 22.48	 1989	 9	 19	 0	 0	 0.000000
 22.62	 1989	 9	 20	 0	 0	 0.000000
 22.41	 1989	 9	 21	 0	 0	 0.000000
 22.29	 1989	 9	 22	 0	 0	 0.000000
 22.19	 1989	 9	 23	 0	 0	 0.000000
 22.28	 1989	 9	 24	 0	 0	 0.000000
 22.21	 1989	 9	 25	 0	 0	 0.000000
 21.93	 1989	 9	 26	 0	 0	 0.000000
 21.85	 1989	 9	 27	 0	 0	 0.000000
 21.64	 1989	 9	 28	 0	 0	 0.000000
 21.56	 1989	 9	 29	 0	 0	 0.000000
 21.2	 1989	 9	 30	 0	 0	 0.000000
 21.11	 1989	 10	 1	 0	 0	 0.000000
 20.97	 1989	 10	 2	 0	 0	 0.000000
 20.84	 1989	 10	 3	 0	 0	 0.000000
 20.7	 1989	 10	 4	 0	 0	 0.000000
 20.12	 1989	 10	 5	 0	 0	 0.000000
 19.71	 1989	 10	 6	 0	 0	 0.000000
 19.46	 1989	 10	 7	 0	 0	 0.000000
 19.31	 1989	 10	 8	 0	 0	 0.000000
 19.79	 1989	 10	 9	 0	 0	 0.000000
 19.98	 1989	 10	 10	 0	 0	 0.000000
 19.95	 1989	 10	 11	 0	 0	 0.000000
 19.94	 1989	 10	 12	 0	 0	 0.000000
 19.09	 1989	 10	 13	 0	 0	 0.000000
 19.07	 1989	 10	 14	 0	 0	 0.000000
 19.1	 1989	 10	 15	 0	 0	 0.000000
 19.22	 1989	 10	 16	 0	 0	 0.000000
 19.48	 1989	 10	 17	 0	 0	 0.000000
 19.61	 1989	 10	 18	 0	 0	 0.000000
 18.53	 1989	 10	 19	 0	 0	 0.000000
 18.6	 1989	 10	 20	 0	 0	 0.000000
 18.59	 1989	 10	 21	 0	 0	 0.000000
 18.34	 1989	 10	 22	 0	 0	 0.000000
 18.33	 1989	 10	 23	 0	 0	 0.000000
 18.38	 1989	 10	 24	 0	 0	 0.000000
 18.43	 1989	 10	 25	 0	 0	 0.000000
 18.28	 1989	 10	 26	 0	 0	 0.000000
 18.1	 1989	 10	 27	 0	 0	 0.000000
 17.93	 1989	 10	 28	 0	 0	 0.000000
 17.77	 1989	 10	 29	 0	 0	 0.000000
 17.72	 1989	 10	 30	 0	 0	 0.000000
 17.43	 1989	 10	 31	 0	 0	 0.000000
 17.42	 1989	 11	 1	 0	 0	 0.000000
 17.44	 1989	 11	 2	 0	 0	 0.000000
 17.35	 1989	 11	 3	 0	 0	 0.000000
 17.16	 1989	 11	 4	 0	 0	 0.000000
 17.29	 1989	 11	 5	 0	 0	 0.000000
 17.57	 1989	 11	 6	 0	 0	 0.000000
 17.53	 1989	 11	 7	 0	 0	 0.000000
 17.68	 1989	 11	 8	 0	 0	 0.000000
 17.41	 1989	 11	 9	 0	 0	 0.000000
 16.99	 1989	 11	 10	 0	 0	 0.000000
 16.7	 1989	 11	 11	 0	 0	 0.000000
 16.46	 1989	 11	 12	 0	 0	 0.000000
 16.39	 1989	 11	 13	 0	 0	 0.000000
 16.27	 1989	 11	 14	 0	 0	 0.000000
 16.15	 1989	 11	 15	 0	 0	 0.000000
 16.1	 1989	 11	 16	 0	 0	 0.000000
 16.08	 1989	 11	 17	 0	 0	 0.000000
 15.97	 1989	 11	 18	 0	 0	 0.000000
 15.85	 1989	 11	 19	 0	 0	 0.000000
 15.17	 1989	 11	 20	 0	 0	 0.000000
 14.9	 1989	 11	 21	 0	 0	 0.000000
 14.99	 1989	 11	 22	 0	 0	 0.000000
 14.96	 1989	 11	 23	 0	 0	 0.000000
 14.41	 1989	 11	 24	 0	 0	 0.000000
 14.25	 1989	 11	 25	 0	 0	 0.000000
 14.22	 1989	 11	 26	 0	 0	 0.000000
 14.08	 1989	 11	 27	 0	 0	 0.000000
 13.94	 1989	 11	 28	 0	 0	 0.000000
 13.81	 1989	 11	 29	 0	 0	 0.000000
 13.32	 1989	 11	 30	 0	 0	 0.000000
 12.84	 1989	 12	 1	 0	 0	 0.000000
 12.95	 1989	 12	 2	 0	 0	 0.000000
 12.89	 1989	 12	 3	 0	 0	 0.000000
 12.47	 1989	 12	 4	 0	 0	 0.000000
 12.28	 1989	 12	 5	 0	 0	 0.000000
 12.38	 1989	 12	 6	 0	 0	 0.000000
 12.27	 1989	 12	 7	 0	 0	 0.000000
 12.09	 1989	 12	 8	 0	 0	 0.000000
 11.98	 1989	 12	 9	 0	 0	 0.000000
 11.86	 1989	 12	 10	 0	 0	 0.000000
 11.38	 1989	 12	 11	 0	 0	 0.000000
 11.19	 1989	 12	 12	 0	 0	 0.000000
 11.26	 1989	 12	 13	 0	 0	 0.000000
 11.3	 1989	 12	 14	 0	 0	 0.000000
 11.37	 1989	 12	 15	 0	 0	 0.000000
 11.02	 1989	 12	 16	 0	 0	 0.000000
 10.92	 1989	 12	 17	 0	 0	 0.000000
 10.73	 1989	 12	 18	 0	 0	 0.000000
 11.18	 1989	 12	 19	 0	 0	 0.000000
 11.17	 1989	 12	 20	 0	 0	 0.000000
 10.91	 1989	 12	 21	 0	 0	 0.000000
 10.35	 1989	 12	 22	 0	 0	 0.000000
 10.51	 1989	 12	 23	 0	 0	 0.000000
 10.39	 1989	 12	 24	 0	 0	 0.000000
 10.97	 1989	 12	 25	 0	 0	 0.000000
 11.25	 1989	 12	 26	 0	 0	 0.000000
 11.34	 1989	 12	 27	 0	 0	 0.000000
 11.22	 1989	 12	 28	 0	 0	 0.000000
 10.84	 1989	 12	 29	 0	 0	 0.000000
 10.75	 1989	 12	 30	 0	 0	 0.000000
 10.59	 1989	 12	 31	 0	 0	 0.000000
 10.58	 1990	 1	 1	 0	 0	 0.000000
 10.84	 1990	 1	 2	 0	 0	 0.000000
 10.65	 1990	 1	 3	 0	 0	 0.000000
 9.92	 1990	 1	 4	 0	 0	 0.000000
 10.07	 1990	 1	 5	 0	 0	 0.000000
 9.88	 1990	 1	 6	 0	 0	 0.000000
 9.6	 1990	 1	 7	 0	 0	 0.000000
 9.32	 1990	 1	 8	 0	 0	 0.000000
 9.36	 1990	 1	 9	 0	 0	 0.000000
 9.07	 1990	 1	 10	 0	 0	 0.000000
 8.99	 1990	 1	 11	 0	 0	 0.000000
 8.75	 1990	 1	 12	 0	 0	 0.000000
 8.62	 1990	 1	 13	 0	 0	 0.000000
 8.63	 1990	 1	 14	 0	 0	 0.000000
 8.57	 1990	 1	 15	 0	 0	 0.000000
 8.52	 1990	 1	 16	 0	 0	 0.000000
 8.49	 1990	 1	 17	 0	 0	 0.000000
 8.66	 1990	 1	 18	 0	 0	 0.000000
 8.62	 1990	 1	 19	 0	 0	 0.000000
 8.66	 1990	 1	 20	 0	 0	 0.000000
 8.87	 1990	 1	 21	 0	 0	 0.000000
 9.05	 1990	 1	 22	 0	 0	 0.000000
 8.75	 1990	 1	 23	 0	 0	 0.000000
 9.07	 1990	 1	 24	 0	 0	 0.000000
 9.4	 1990	 1	 25	 0	 0	 0.000000
 10.17	 1990	 1	 26	 0	 0	 0.000000
 10.34	 1990	 1	 27	 0	 0	 0.000000
 9.82	 1990	 1	 28	 0	 0	 0.000000
 9.92	 1990	 1	 29	 0	 0	 0.000000
 9.98	 1990	 1	 30	 0	 0	 0.000000
 10.04	 1990	 1	 31	 0	 0	 0.000000
 9.75	 1990	 2	 1	 0	 0	 0.000000
 9.59	 1990	 2	 2	 0	 0	 0.000000
 9.46	 1990	 2	 3	 0	 0	 0.000000
 9.4	 1990	 2	 4	 0	 0	 0.000000
 9.38	 1990	 2	 5	 0	 0	 0.000000
 9.29	 1990	 2	 6	 0	 0	 0.000000
 9.15	 1990	 2	 7	 0	 0	 0.000000
 8.95	 1990	 2	 8	 0	 0	 0.000000
 8.97	 1990	 2	 9	 0	 0	 0.000000
 9.02	 1990	 2	 10	 0	 0	 0.000000
 8.83	 1990	 2	 11	 0	 0	 0.000000
 8.85	 1990	 2	 12	 0	 0	 0.000000
 8.86	 1990	 2	 13	 0	 0	 0.000000
 8.79	 1990	 2	 14	 0	 0	 0.000000
 8.74	 1990	 2	 15	 0	 0	 0.000000
 8.64	 1990	 2	 16	 0	 0	 0.000000
 8.73	 1990	 2	 17	 0	 0	 0.000000
 8.52	 1990	 2	 18	 0	 0	 0.000000
 8.45	 1990	 2	 19	 0	 0	 0.000000
 8.35	 1990	 2	 20	 0	 0	 0.000000
 8.39	 1990	 2	 21	 0	 0	 0.000000
 8.29	 1990	 2	 22	 0	 0	 0.000000
 8.24	 1990	 2	 23	 0	 0	 0.000000
 8.19	 1990	 2	 24	 0	 0	 0.000000
 8.52	 1990	 2	 25	 0	 0	 0.000000
 8.64	 1990	 2	 26	 0	 0	 0.000000
 8.74	 1990	 2	 27	 0	 0	 0.000000
 8.64	 1990	 2	 28	 0	 0	 0.000000
 8.3	 1990	 3	 1	 0	 0	 0.000000
 8.24	 1990	 3	 2	 0	 0	 0.000000
 8.2	 1990	 3	 3	 0	 0	 0.000000
 7.69	 1990	 3	 4	 0	 0	 0.000000
 7.55	 1990	 3	 5	 0	 0	 0.000000
 7.64	 1990	 3	 6	 0	 0	 0.000000
 7.86	 1990	 3	 7	 0	 0	 0.000000
 7.8	 1990	 3	 8	 0	 0	 0.000000
 8.03	 1990	 3	 9	 0	 0	 0.000000
 8.41	 1990	 3	 10	 0	 0	 0.000000
 8.2	 1990	 3	 11	 0	 0	 0.000000
 7.97	 1990	 3	 12	 0	 0	 0.000000
 8.03	 1990	 3	 13	 0	 0	 0.000000
 8.02	 1990	 3	 14	 0	 0	 0.000000
 8.07	 1990	 3	 15	 0	 0	 0.000000
 8.03	 1990	 3	 16	 0	 0	 0.000000
 8.11	 1990	 3	 17	 0	 0	 0.000000
 8.18	 1990	 3	 18	 0	 0	 0.000000
 9.44	 1990	 3	 19	 0	 0	 0.000000
 9.35	 1990	 3	 20	 0	 0	 0.000000
 8.88	 1990	 3	 21	 0	 0	 0.000000
 8.72	 1990	 3	 22	 0	 0	 0.000000
 8.65	 1990	 3	 23	 0	 0	 0.000000
 8.57	 1990	 3	 24	 0	 0	 0.000000
 8.87	 1990	 3	 25	 0	 0	 0.000000
 9.08	 1990	 3	 26	 0	 0	 0.000000
 10.01	 1990	 3	 27	 0	 0	 0.000000
 11.22	 1990	 3	 28	 0	 0	 0.000000
 11.49	 1990	 3	 29	 0	 0	 0.000000
 10.94	 1990	 3	 30	 0	 0	 0.000000
 10.82	 1990	 3	 31	 0	 0	 0.000000
 10.17	 1990	 4	 1	 0	 0	 0.000000
 10.22	 1990	 4	 2	 0	 0	 0.000000
 10.45	 1990	 4	 3	 0	 0	 0.000000
 10.62	 1990	 4	 4	 0	 0	 0.000000
 11.05	 1990	 4	 5	 0	 0	 0.000000
 10.97	 1990	 4	 6	 0	 0	 0.000000
 11.53	 1990	 4	 7	 0	 0	 0.000000
 11.68	 1990	 4	 8	 0	 0	 0.000000
 11.92	 1990	 4	 9	 0	 0	 0.000000
 12.05	 1990	 4	 10	 0	 0	 0.000000
 12.1	 1990	 4	 11	 0	 0	 0.000000
 11.63	 1990	 4	 12	 0	 0	 0.000000
 11.78	 1990	 4	 13	 0	 0	 0.000000
 11.74	 1990	 4	 14	 0	 0	 0.000000
 11.62	 1990	 4	 15	 0	 0	 0.000000
 12.57	 1990	 4	 16	 0	 0	 0.000000
 12.93	 1990	 4	 17	 0	 0	 0.000000
 12.67	 1990	 4	 18	 0	 0	 0.000000
 12.68	 1990	 4	 19	 0	 0	 0.000000
 12.82	 1990	 4	 20	 0	 0	 0.000000
 12.92	 1990	 4	 21	 0	 0	 0.000000
 12.78	 1990	 4	 22	 0	 0	 0.000000
 12.88	 1990	 4	 23	 0	 0	 0.000000
 12.96	 1990	 4	 24	 0	 0	 0.000000
 13.09	 1990	 4	 25	 0	 0	 0.000000
 13.21	 1990	 4	 26	 0	 0	 0.000000
 13.33	 1990	 4	 27	 0	 0	 0.000000
 13.46	 1990	 4	 28	 0	 0	 0.000000
 13.2	 1990	 4	 29	 0	 0	 0.000000
 13.15	 1990	 4	 30	 0	 0	 0.000000
 13.17	 1990	 5	 1	 0	 0	 0.000000
 12.94	 1990	 5	 2	 0	 0	 0.000000
 12.5	 1990	 5	 3	 0	 0	 0.000000
 12.2	 1990	 5	 4	 0	 0	 0.000000
 12.22	 1990	 5	 5	 0	 0	 0.000000
 12.31	 1990	 5	 6	 0	 0	 0.000000
 13.67	 1990	 5	 7	 0	 0	 0.000000
 14.1	 1990	 5	 8	 0	 0	 0.000000
 14.91	 1990	 5	 9	 0	 0	 0.000000
 15.02	 1990	 5	 10	 0	 0	 0.000000
 14.64	 1990	 5	 11	 0	 0	 0.000000
 15.13	 1990	 5	 12	 0	 0	 0.000000
 16.13	 1990	 5	 13	 0	 0	 0.000000
 16.72	 1990	 5	 14	 0	 0	 0.000000
 16.74	 1990	 5	 15	 0	 0	 0.000000
 16.73	 1990	 5	 16	 0	 0	 0.000000
 16.72	 1990	 5	 17	 0	 0	 0.000000
 16.85	 1990	 5	 18	 0	 0	 0.000000
 17.06	 1990	 5	 19	 0	 0	 0.000000
 16.92	 1990	 5	 20	 0	 0	 0.000000
 16.22	 1990	 5	 21	 0	 0	 0.000000
 16.38	 1990	 5	 22	 0	 0	 0.000000
 16.85	 1990	 5	 23	 0	 0	 0.000000
 16.9	 1990	 5	 24	 0	 0	 0.000000
 17.2	 1990	 5	 25	 0	 0	 0.000000
 17.74	 1990	 5	 26	 0	 0	 0.000000
 17.66	 1990	 5	 27	 0	 0	 0.000000
 19.17	 1990	 5	 28	 0	 0	 0.000000
 19.07	 1990	 5	 29	 0	 0	 0.000000
 19.05	 1990	 5	 30	 0	 0	 0.000000
 19.27	 1990	 5	 31	 0	 0	 0.000000
 19.34	 1990	 6	 1	 0	 0	 0.000000
 19.31	 1990	 6	 2	 0	 0	 0.000000
 19.42	 1990	 6	 3	 0	 0	 0.000000
 19.51	 1990	 6	 4	 0	 0	 0.000000
 18.82	 1990	 6	 5	 0	 0	 0.000000
 18.8	 1990	 6	 6	 0	 0	 0.000000
 18.87	 1990	 6	 7	 0	 0	 0.000000
 18.75	 1990	 6	 8	 0	 0	 0.000000
 19.83	 1990	 6	 9	 0	 0	 0.000000
 20.49	 1990	 6	 10	 0	 0	 0.000000
 21.38	 1990	 6	 11	 0	 0	 0.000000
 21.92	 1990	 6	 12	 0	 0	 0.000000
 21.26	 1990	 6	 13	 0	 0	 0.000000
 20.77	 1990	 6	 14	 0	 0	 0.000000
 20.65	 1990	 6	 15	 0	 0	 0.000000
 19.71	 1990	 6	 16	 0	 0	 0.000000
 19.76	 1990	 6	 17	 0	 0	 0.000000
 20.09	 1990	 6	 18	 0	 0	 0.000000
 20.49	 1990	 6	 19	 0	 0	 0.000000
 20.4	 1990	 6	 20	 0	 0	 0.000000
 20.27	 1990	 6	 21	 0	 0	 0.000000
 20.5	 1990	 6	 22	 0	 0	 0.000000
 20.84	 1990	 6	 23	 0	 0	 0.000000
 21.27	 1990	 6	 24	 0	 0	 0.000000
 21.45	 1990	 6	 25	 0	 0	 0.000000
 21.52	 1990	 6	 26	 0	 0	 0.000000
 21.07	 1990	 6	 27	 0	 0	 0.000000
 20.54	 1990	 6	 28	 0	 0	 0.000000
 20.53	 1990	 6	 29	 0	 0	 0.000000
 20.41	 1990	 6	 30	 0	 0	 0.000000
 20.37	 1990	 7	 1	 0	 0	 0.000000
 21.6	 1990	 7	 2	 0	 0	 0.000000
 21.71	 1990	 7	 3	 0	 0	 0.000000
 21.81	 1990	 7	 4	 0	 0	 0.000000
 22.3	 1990	 7	 5	 0	 0	 0.000000
 22.51	 1990	 7	 6	 0	 0	 0.000000
 22.91	 1990	 7	 7	 0	 0	 0.000000
 23.02	 1990	 7	 8	 0	 0	 0.000000
 23.35	 1990	 7	 9	 0	 0	 0.000000
 23.43	 1990	 7	 10	 0	 0	 0.000000
 23.56	 1990	 7	 11	 0	 0	 0.000000
 24.06	 1990	 7	 12	 0	 0	 0.000000
 24.4	 1990	 7	 13	 0	 0	 0.000000
 24.22	 1990	 7	 14	 0	 0	 0.000000
 24.34	 1990	 7	 15	 0	 0	 0.000000
 24.57	 1990	 7	 16	 0	 0	 0.000000
 23.93	 1990	 7	 17	 0	 0	 0.000000
 23.17	 1990	 7	 18	 0	 0	 0.000000
 22.86	 1990	 7	 19	 0	 0	 0.000000
 23.06	 1990	 7	 20	 0	 0	 0.000000
 24.29	 1990	 7	 21	 0	 0	 0.000000
 24.66	 1990	 7	 22	 0	 0	 0.000000
 24.67	 1990	 7	 23	 0	 0	 0.000000
 24.85	 1990	 7	 24	 0	 0	 0.000000
 24.99	 1990	 7	 25	 0	 0	 0.000000
 24.83	 1990	 7	 26	 0	 0	 0.000000
 24.81	 1990	 7	 27	 0	 0	 0.000000
 25.12	 1990	 7	 28	 0	 0	 0.000000
 24.32	 1990	 7	 29	 0	 0	 0.000000
 24.26	 1990	 7	 30	 0	 0	 0.000000
 24.46	 1990	 7	 31	 0	 0	 0.000000
 24.09	 1990	 8	 1	 0	 0	 0.000000
 24.11	 1990	 8	 2	 0	 0	 0.000000
 23.97	 1990	 8	 3	 0	 0	 0.000000
 23.65	 1990	 8	 4	 0	 0	 0.000000
 23.87	 1990	 8	 5	 0	 0	 0.000000
 23.69	 1990	 8	 6	 0	 0	 0.000000
 22.84	 1990	 8	 7	 0	 0	 0.000000
 22.67	 1990	 8	 8	 0	 0	 0.000000
 23.32	 1990	 8	 9	 0	 0	 0.000000
 23.99	 1990	 8	 10	 0	 0	 0.000000
 23.72	 1990	 8	 11	 0	 0	 0.000000
 23.96	 1990	 8	 12	 0	 0	 0.000000
 23.99	 1990	 8	 13	 0	 0	 0.000000
 24.55	 1990	 8	 14	 0	 0	 0.000000
 24.51	 1990	 8	 15	 0	 0	 0.000000
 24.44	 1990	 8	 16	 0	 0	 0.000000
 24.46	 1990	 8	 17	 0	 0	 0.000000
 24.78	 1990	 8	 18	 0	 0	 0.000000
 24.59	 1990	 8	 19	 0	 0	 0.000000
 24.47	 1990	 8	 20	 0	 0	 0.000000
 24.22	 1990	 8	 21	 0	 0	 0.000000
 24.49	 1990	 8	 22	 0	 0	 0.000000
 24.25	 1990	 8	 23	 0	 0	 0.000000
 24.4	 1990	 8	 24	 0	 0	 0.000000
 24.56	 1990	 8	 25	 0	 0	 0.000000
 24.28	 1990	 8	 26	 0	 0	 0.000000
 24.24	 1990	 8	 27	 0	 0	 0.000000
 24.56	 1990	 8	 28	 0	 0	 0.000000
 24.81	 1990	 8	 29	 0	 0	 0.000000
 24.92	 1990	 8	 30	 0	 0	 0.000000
 24.74	 1990	 8	 31	 0	 0	 0.000000
 24.66	 1990	 9	 1	 0	 0	 0.000000
 24.31	 1990	 9	 2	 0	 0	 0.000000
 24.46	 1990	 9	 3	 0	 0	 0.000000
 24.84	 1990	 9	 4	 0	 0	 0.000000
 24.27	 1990	 9	 5	 0	 0	 0.000000
 23.72	 1990	 9	 6	 0	 0	 0.000000
 23.6	 1990	 9	 7	 0	 0	 0.000000
 23.68	 1990	 9	 8	 0	 0	 0.000000
 24.22	 1990	 9	 9	 0	 0	 0.000000
 24.28	 1990	 9	 10	 0	 0	 0.000000
 24.23	 1990	 9	 11	 0	 0	 0.000000
 23.9	 1990	 9	 12	 0	 0	 0.000000
 23.82	 1990	 9	 13	 0	 0	 0.000000
 23.38	 1990	 9	 14	 0	 0	 0.000000
 23.2	 1990	 9	 15	 0	 0	 0.000000
 23.05	 1990	 9	 16	 0	 0	 0.000000
 22.86	 1990	 9	 17	 0	 0	 0.000000
 22.75	 1990	 9	 18	 0	 0	 0.000000
 23	 1990	 9	 19	 0	 0	 0.000000
 22.66	 1990	 9	 20	 0	 0	 0.000000
 22.38	 1990	 9	 21	 0	 0	 0.000000
 22.41	 1990	 9	 22	 0	 0	 0.000000
 22.68	 1990	 9	 23	 0	 0	 0.000000
 22.84	 1990	 9	 24	 0	 0	 0.000000
 22.7	 1990	 9	 25	 0	 0	 0.000000
 22.24	 1990	 9	 26	 0	 0	 0.000000
 22.56	 1990	 9	 27	 0	 0	 0.000000
 22.63	 1990	 9	 28	 0	 0	 0.000000
 22.09	 1990	 9	 29	 0	 0	 0.000000
 21.94	 1990	 9	 30	 0	 0	 0.000000
 21.63	 1990	 10	 1	 0	 0	 0.000000
 21.55	 1990	 10	 2	 0	 0	 0.000000
 21.36	 1990	 10	 3	 0	 0	 0.000000
 20.97	 1990	 10	 4	 0	 0	 0.000000
 20.95	 1990	 10	 5	 0	 0	 0.000000
 21.13	 1990	 10	 6	 0	 0	 0.000000
 20.83	 1990	 10	 7	 0	 0	 0.000000
 20.66	 1990	 10	 8	 0	 0	 0.000000
 20.5	 1990	 10	 9	 0	 0	 0.000000
 20.41	 1990	 10	 10	 0	 0	 0.000000
 19.46	 1990	 10	 11	 0	 0	 0.000000
 19.08	 1990	 10	 12	 0	 0	 0.000000
 19.09	 1990	 10	 13	 0	 0	 0.000000
 19.34	 1990	 10	 14	 0	 0	 0.000000
 18.95	 1990	 10	 15	 0	 0	 0.000000
 18.79	 1990	 10	 16	 0	 0	 0.000000
 18.64	 1990	 10	 17	 0	 0	 0.000000
 18.66	 1990	 10	 18	 0	 0	 0.000000
 18.53	 1990	 10	 19	 0	 0	 0.000000
 18.37	 1990	 10	 20	 0	 0	 0.000000
 18.35	 1990	 10	 21	 0	 0	 0.000000
 18.07	 1990	 10	 22	 0	 0	 0.000000
 17.79	 1990	 10	 23	 0	 0	 0.000000
 17.59	 1990	 10	 24	 0	 0	 0.000000
 17.39	 1990	 10	 25	 0	 0	 0.000000
 17.19	 1990	 10	 26	 0	 0	 0.000000
 17.44	 1990	 10	 27	 0	 0	 0.000000
 17.59	 1990	 10	 28	 0	 0	 0.000000
 17.4	 1990	 10	 29	 0	 0	 0.000000
 17.31	 1990	 10	 30	 0	 0	 0.000000
 17.12	 1990	 10	 31	 0	 0	 0.000000
 17.14	 1990	 11	 1	 0	 0	 0.000000
 17.1	 1990	 11	 2	 0	 0	 0.000000
 16.67	 1990	 11	 3	 0	 0	 0.000000
 16.51	 1990	 11	 4	 0	 0	 0.000000
 16.57	 1990	 11	 5	 0	 0	 0.000000
 16.82	 1990	 11	 6	 0	 0	 0.000000
 16.77	 1990	 11	 7	 0	 0	 0.000000
 16.54	 1990	 11	 8	 0	 0	 0.000000
 16.36	 1990	 11	 9	 0	 0	 0.000000
 16.18	 1990	 11	 10	 0	 0	 0.000000
 16.2	 1990	 11	 11	 0	 0	 0.000000
 15.59	 1990	 11	 12	 0	 0	 0.000000
 15.44	 1990	 11	 13	 0	 0	 0.000000
 15.39	 1990	 11	 14	 0	 0	 0.000000
 15.4	 1990	 11	 15	 0	 0	 0.000000
 15.53	 1990	 11	 16	 0	 0	 0.000000
 15.63	 1990	 11	 17	 0	 0	 0.000000
 15.58	 1990	 11	 18	 0	 0	 0.000000
 15.42	 1990	 11	 19	 0	 0	 0.000000
 15.34	 1990	 11	 20	 0	 0	 0.000000
 15.39	 1990	 11	 21	 0	 0	 0.000000
 15.74	 1990	 11	 22	 0	 0	 0.000000
 15.34	 1990	 11	 23	 0	 0	 0.000000
 15.42	 1990	 11	 24	 0	 0	 0.000000
 15.25	 1990	 11	 25	 0	 0	 0.000000
 14.79	 1990	 11	 26	 0	 0	 0.000000
 14.78	 1990	 11	 27	 0	 0	 0.000000
 14.85	 1990	 11	 28	 0	 0	 0.000000
 14.88	 1990	 11	 29	 0	 0	 0.000000
 14.73	 1990	 11	 30	 0	 0	 0.000000
 14.57	 1990	 12	 1	 0	 0	 0.000000
 14.27	 1990	 12	 2	 0	 0	 0.000000
 14.16	 1990	 12	 3	 0	 0	 0.000000
 14.08	 1990	 12	 4	 0	 0	 0.000000
 14.25	 1990	 12	 5	 0	 0	 0.000000
 14.45	 1990	 12	 6	 0	 0	 0.000000
 14.4	 1990	 12	 7	 0	 0	 0.000000
 14.35	 1990	 12	 8	 0	 0	 0.000000
 14.01	 1990	 12	 9	 0	 0	 0.000000
 14.13	 1990	 12	 10	 0	 0	 0.000000
 14.22	 1990	 12	 11	 0	 0	 0.000000
 14.24	 1990	 12	 12	 0	 0	 0.000000
 14.07	 1990	 12	 13	 0	 0	 0.000000
 13.14	 1990	 12	 14	 0	 0	 0.000000
 12.69	 1990	 12	 15	 0	 0	 0.000000
 12.56	 1990	 12	 16	 0	 0	 0.000000
 12.46	 1990	 12	 17	 0	 0	 0.000000
 12.64	 1990	 12	 18	 0	 0	 0.000000
 12.62	 1990	 12	 19	 0	 0	 0.000000
 12.57	 1990	 12	 20	 0	 0	 0.000000
 12.33	 1990	 12	 21	 0	 0	 0.000000
 12.17	 1990	 12	 22	 0	 0	 0.000000
 11.61	 1990	 12	 23	 0	 0	 0.000000
 11.67	 1990	 12	 24	 0	 0	 0.000000
 11.63	 1990	 12	 25	 0	 0	 0.000000
 11.52	 1990	 12	 26	 0	 0	 0.000000
 11.4	 1990	 12	 27	 0	 0	 0.000000
 11.5	 1990	 12	 28	 0	 0	 0.000000
 11.55	 1990	 12	 29	 0	 0	 0.000000
 11.57	 1990	 12	 30	 0	 0	 0.000000
 11.7	 1990	 12	 31	 0	 0	 0.000000
 11.65	 1991	 1	 1	 0	 0	 0.000000
 11.3	 1991	 1	 2	 0	 0	 0.000000
 11	 1991	 1	 3	 0	 0	 0.000000
 10.84	 1991	 1	 4	 0	 0	 0.000000
 10.73	 1991	 1	 5	 0	 0	 0.000000
 10.65	 1991	 1	 6	 0	 0	 0.000000
 10.51	 1991	 1	 7	 0	 0	 0.000000
 10.64	 1991	 1	 8	 0	 0	 0.000000
 10.55	 1991	 1	 9	 0	 0	 0.000000
 10.52	 1991	 1	 10	 0	 0	 0.000000
 10.5	 1991	 1	 11	 0	 0	 0.000000
 10.52	 1991	 1	 12	 0	 0	 0.000000
 10.59	 1991	 1	 13	 0	 0	 0.000000
 10.62	 1991	 1	 14	 0	 0	 0.000000
 10.33	 1991	 1	 15	 0	 0	 0.000000
 10.25	 1991	 1	 16	 0	 0	 0.000000
 9.96	 1991	 1	 17	 0	 0	 0.000000
 9.85	 1991	 1	 18	 0	 0	 0.000000
 9.7	 1991	 1	 19	 0	 0	 0.000000
 9.65	 1991	 1	 20	 0	 0	 0.000000
 9.36	 1991	 1	 21	 0	 0	 0.000000
 9.74	 1991	 1	 22	 0	 0	 0.000000
 9.76	 1991	 1	 23	 0	 0	 0.000000
 9.65	 1991	 1	 24	 0	 0	 0.000000
 9.83	 1991	 1	 25	 0	 0	 0.000000
 9.63	 1991	 1	 26	 0	 0	 0.000000
 8.83	 1991	 1	 27	 0	 0	 0.000000
 8.66	 1991	 1	 28	 0	 0	 0.000000
 8.64	 1991	 1	 29	 0	 0	 0.000000
 8.15	 1991	 1	 30	 0	 0	 0.000000
 8.13	 1991	 1	 31	 0	 0	 0.000000
 8.18	 1991	 2	 1	 0	 0	 0.000000
 8.14	 1991	 2	 2	 0	 0	 0.000000
 8	 1991	 2	 3	 0	 0	 0.000000
 7.19	 1991	 2	 4	 0	 0	 0.000000
 7.28	 1991	 2	 5	 0	 0	 0.000000
 7.98	 1991	 2	 6	 0	 0	 0.000000
 8.45	 1991	 2	 7	 0	 0	 0.000000
 8.58	 1991	 2	 8	 0	 0	 0.000000
 8.55	 1991	 2	 9	 0	 0	 0.000000
 8.37	 1991	 2	 10	 0	 0	 0.000000
 8.54	 1991	 2	 11	 0	 0	 0.000000
 8.63	 1991	 2	 12	 0	 0	 0.000000
 8.45	 1991	 2	 13	 0	 0	 0.000000
 8.31	 1991	 2	 14	 0	 0	 0.000000
 8.26	 1991	 2	 15	 0	 0	 0.000000
 8.24	 1991	 2	 16	 0	 0	 0.000000
 8.24	 1991	 2	 17	 0	 0	 0.000000
 8.13	 1991	 2	 18	 0	 0	 0.000000
 7.99	 1991	 2	 19	 0	 0	 0.000000
 8.04	 1991	 2	 20	 0	 0	 0.000000
 8.09	 1991	 2	 21	 0	 0	 0.000000
 8.61	 1991	 2	 22	 0	 0	 0.000000
 8.56	 1991	 2	 23	 0	 0	 0.000000
 8.52	 1991	 2	 24	 0	 0	 0.000000
 8.89	 1991	 2	 25	 0	 0	 0.000000
 9.03	 1991	 2	 26	 0	 0	 0.000000
 8.7	 1991	 2	 27	 0	 0	 0.000000
 8.28	 1991	 2	 28	 0	 0	 0.000000
 8.23	 1991	 3	 1	 0	 0	 0.000000
 8.16	 1991	 3	 2	 0	 0	 0.000000
 8.09	 1991	 3	 3	 0	 0	 0.000000
 8.13	 1991	 3	 4	 0	 0	 0.000000
 8.16	 1991	 3	 5	 0	 0	 0.000000
 7.75	 1991	 3	 6	 0	 0	 0.000000
 7.59	 1991	 3	 7	 0	 0	 0.000000
 7.85	 1991	 3	 8	 0	 0	 0.000000
 8.02	 1991	 3	 9	 0	 0	 0.000000
 8.25	 1991	 3	 10	 0	 0	 0.000000
 8.22	 1991	 3	 11	 0	 0	 0.000000
 8.34	 1991	 3	 12	 0	 0	 0.000000
 8.37	 1991	 3	 13	 0	 0	 0.000000
 8.54	 1991	 3	 14	 0	 0	 0.000000
 8.5	 1991	 3	 15	 0	 0	 0.000000
 8.53	 1991	 3	 16	 0	 0	 0.000000
 8.59	 1991	 3	 17	 0	 0	 0.000000
 8.45	 1991	 3	 18	 0	 0	 0.000000
 8.45	 1991	 3	 19	 0	 0	 0.000000
 8.49	 1991	 3	 20	 0	 0	 0.000000
 8.35	 1991	 3	 21	 0	 0	 0.000000
 9.49	 1991	 3	 22	 0	 0	 0.000000
 10.21	 1991	 3	 23	 0	 0	 0.000000
 10.33	 1991	 3	 24	 0	 0	 0.000000
 10.39	 1991	 3	 25	 0	 0	 0.000000
 10.25	 1991	 3	 26	 0	 0	 0.000000
 9.73	 1991	 3	 27	 0	 0	 0.000000
 9.91	 1991	 3	 28	 0	 0	 0.000000
 9.91	 1991	 3	 29	 0	 0	 0.000000
 9.89	 1991	 3	 30	 0	 0	 0.000000
 9.84	 1991	 3	 31	 0	 0	 0.000000
 9.86	 1991	 4	 1	 0	 0	 0.000000
 9.88	 1991	 4	 2	 0	 0	 0.000000
 9.94	 1991	 4	 3	 0	 0	 0.000000
 10	 1991	 4	 4	 0	 0	 0.000000
 9.96	 1991	 4	 5	 0	 0	 0.000000
 10.45	 1991	 4	 6	 0	 0	 0.000000
 10.41	 1991	 4	 7	 0	 0	 0.000000
 10.36	 1991	 4	 8	 0	 0	 0.000000
 10.16	 1991	 4	 9	 0	 0	 0.000000
 9.89	 1991	 4	 10	 0	 0	 0.000000
 9.95	 1991	 4	 11	 0	 0	 0.000000
 11.09	 1991	 4	 12	 0	 0	 0.000000
 11.54	 1991	 4	 13	 0	 0	 0.000000
 12.09	 1991	 4	 14	 0	 0	 0.000000
 11.94	 1991	 4	 15	 0	 0	 0.000000
 11.81	 1991	 4	 16	 0	 0	 0.000000
 11.88	 1991	 4	 17	 0	 0	 0.000000
 12.26	 1991	 4	 18	 0	 0	 0.000000
 12.11	 1991	 4	 19	 0	 0	 0.000000
 11.97	 1991	 4	 20	 0	 0	 0.000000
 11.92	 1991	 4	 21	 0	 0	 0.000000
 11.9	 1991	 4	 22	 0	 0	 0.000000
 12.11	 1991	 4	 23	 0	 0	 0.000000
 12.22	 1991	 4	 24	 0	 0	 0.000000
 12.47	 1991	 4	 25	 0	 0	 0.000000
 12.32	 1991	 4	 26	 0	 0	 0.000000
 12.81	 1991	 4	 27	 0	 0	 0.000000
 13.71	 1991	 4	 28	 0	 0	 0.000000
 13.53	 1991	 4	 29	 0	 0	 0.000000
 13.27	 1991	 4	 30	 0	 0	 0.000000
 13.2	 1991	 5	 1	 0	 0	 0.000000
 12.77	 1991	 5	 2	 0	 0	 0.000000
 13.34	 1991	 5	 3	 0	 0	 0.000000
 13.4	 1991	 5	 4	 0	 0	 0.000000
 13.54	 1991	 5	 5	 0	 0	 0.000000
 15.69	 1991	 5	 6	 0	 0	 0.000000
 15.88	 1991	 5	 7	 0	 0	 0.000000
 15.05	 1991	 5	 8	 0	 0	 0.000000
 14.72	 1991	 5	 9	 0	 0	 0.000000
 14.49	 1991	 5	 10	 0	 0	 0.000000
 14.8	 1991	 5	 11	 0	 0	 0.000000
 15.21	 1991	 5	 12	 0	 0	 0.000000
 15.64	 1991	 5	 13	 0	 0	 0.000000
 16.11	 1991	 5	 14	 0	 0	 0.000000
 16.55	 1991	 5	 15	 0	 0	 0.000000
 16.73	 1991	 5	 16	 0	 0	 0.000000
 16.42	 1991	 5	 17	 0	 0	 0.000000
 16.5	 1991	 5	 18	 0	 0	 0.000000
 16.82	 1991	 5	 19	 0	 0	 0.000000
 16.97	 1991	 5	 20	 0	 0	 0.000000
 17.08	 1991	 5	 21	 0	 0	 0.000000
 15.92	 1991	 5	 22	 0	 0	 0.000000
 16.58	 1991	 5	 23	 0	 0	 0.000000
 16.91	 1991	 5	 24	 0	 0	 0.000000
 17.45	 1991	 5	 25	 0	 0	 0.000000
 17.82	 1991	 5	 26	 0	 0	 0.000000
 17.13	 1991	 5	 27	 0	 0	 0.000000
 16.12	 1991	 5	 28	 0	 0	 0.000000
 16	 1991	 5	 29	 0	 0	 0.000000
 15.94	 1991	 5	 30	 0	 0	 0.000000
 16.08	 1991	 5	 31	 0	 0	 0.000000
 16.96	 1991	 6	 1	 0	 0	 0.000000
 17.62	 1991	 6	 2	 0	 0	 0.000000
 18.42	 1991	 6	 3	 0	 0	 0.000000
 18.98	 1991	 6	 4	 0	 0	 0.000000
 19.19	 1991	 6	 5	 0	 0	 0.000000
 18.61	 1991	 6	 6	 0	 0	 0.000000
 18.71	 1991	 6	 7	 0	 0	 0.000000
 19.62	 1991	 6	 8	 0	 0	 0.000000
 20.71	 1991	 6	 9	 0	 0	 0.000000
 20.76	 1991	 6	 10	 0	 0	 0.000000
 19.42	 1991	 6	 11	 0	 0	 0.000000
 19.56	 1991	 6	 12	 0	 0	 0.000000
 20.41	 1991	 6	 13	 0	 0	 0.000000
 20.45	 1991	 6	 14	 0	 0	 0.000000
 20.42	 1991	 6	 15	 0	 0	 0.000000
 21.09	 1991	 6	 16	 0	 0	 0.000000
 21.13	 1991	 6	 17	 0	 0	 0.000000
 21.77	 1991	 6	 18	 0	 0	 0.000000
 22.22	 1991	 6	 19	 0	 0	 0.000000
 22.38	 1991	 6	 20	 0	 0	 0.000000
 22.64	 1991	 6	 21	 0	 0	 0.000000
 22.91	 1991	 6	 22	 0	 0	 0.000000
 22.66	 1991	 6	 23	 0	 0	 0.000000
 22.44	 1991	 6	 24	 0	 0	 0.000000
 22.2	 1991	 6	 25	 0	 0	 0.000000
 22.1	 1991	 6	 26	 0	 0	 0.000000
 22.4	 1991	 6	 27	 0	 0	 0.000000
 22.61	 1991	 6	 28	 0	 0	 0.000000
 23.02	 1991	 6	 29	 0	 0	 0.000000
 24.18	 1991	 6	 30	 0	 0	 0.000000
 24.76	 1991	 7	 1	 0	 0	 0.000000
 24.85	 1991	 7	 2	 0	 0	 0.000000
 24.64	 1991	 7	 3	 0	 0	 0.000000
 24.8	 1991	 7	 4	 0	 0	 0.000000
 25.36	 1991	 7	 5	 0	 0	 0.000000
 25.66	 1991	 7	 6	 0	 0	 0.000000
 24.97	 1991	 7	 7	 0	 0	 0.000000
 23.58	 1991	 7	 8	 0	 0	 0.000000
 23.39	 1991	 7	 9	 0	 0	 0.000000
 23.67	 1991	 7	 10	 0	 0	 0.000000
 23.48	 1991	 7	 11	 0	 0	 0.000000
 23.59	 1991	 7	 12	 0	 0	 0.000000
 24.33	 1991	 7	 13	 0	 0	 0.000000
 24.45	 1991	 7	 14	 0	 0	 0.000000
 24.59	 1991	 7	 15	 0	 0	 0.000000
 24.41	 1991	 7	 16	 0	 0	 0.000000
 24.41	 1991	 7	 17	 0	 0	 0.000000
 24.85	 1991	 7	 18	 0	 0	 0.000000
 24.52	 1991	 7	 19	 0	 0	 0.000000
 24.39	 1991	 7	 20	 0	 0	 0.000000
 24.69	 1991	 7	 21	 0	 0	 0.000000
 25.02	 1991	 7	 22	 0	 0	 0.000000
 24.98	 1991	 7	 23	 0	 0	 0.000000
 25.06	 1991	 7	 24	 0	 0	 0.000000
 25.16	 1991	 7	 25	 0	 0	 0.000000
 25.37	 1991	 7	 26	 0	 0	 0.000000
 25.82	 1991	 7	 27	 0	 0	 0.000000
 25.98	 1991	 7	 28	 0	 0	 0.000000
 26.15	 1991	 7	 29	 0	 0	 0.000000
 25.98	 1991	 7	 30	 0	 0	 0.000000
 25.52	 1991	 7	 31	 0	 0	 0.000000
 25.53	 1991	 8	 1	 0	 0	 0.000000
 25.61	 1991	 8	 2	 0	 0	 0.000000
 25.98	 1991	 8	 3	 0	 0	 0.000000
 26.45	 1991	 8	 4	 0	 0	 0.000000
 26.35	 1991	 8	 5	 0	 0	 0.000000
 25.53	 1991	 8	 6	 0	 0	 0.000000
 25.26	 1991	 8	 7	 0	 0	 0.000000
 25.28	 1991	 8	 8	 0	 0	 0.000000
 25.51	 1991	 8	 9	 0	 0	 0.000000
 25.46	 1991	 8	 10	 0	 0	 0.000000
 25.64	 1991	 8	 11	 0	 0	 0.000000
 26.14	 1991	 8	 12	 0	 0	 0.000000
 26.17	 1991	 8	 13	 0	 0	 0.000000
 25.75	 1991	 8	 14	 0	 0	 0.000000
 25.71	 1991	 8	 15	 0	 0	 0.000000
 25.99	 1991	 8	 16	 0	 0	 0.000000
 25.88	 1991	 8	 17	 0	 0	 0.000000
 25.28	 1991	 8	 18	 0	 0	 0.000000
 25.33	 1991	 8	 19	 0	 0	 0.000000
 25.27	 1991	 8	 20	 0	 0	 0.000000
 25.46	 1991	 8	 21	 0	 0	 0.000000
 25.54	 1991	 8	 22	 0	 0	 0.000000
 25.31	 1991	 8	 23	 0	 0	 0.000000
 25.44	 1991	 8	 24	 0	 0	 0.000000
 25.35	 1991	 8	 25	 0	 0	 0.000000
 25.45	 1991	 8	 26	 0	 0	 0.000000
 25.22	 1991	 8	 27	 0	 0	 0.000000
 24.81	 1991	 8	 28	 0	 0	 0.000000
 24.61	 1991	 8	 29	 0	 0	 0.000000
 24.6	 1991	 8	 30	 0	 0	 0.000000
 24.72	 1991	 8	 31	 0	 0	 0.000000
 24.19	 1991	 9	 1	 0	 0	 0.000000
 23.79	 1991	 9	 2	 0	 0	 0.000000
 23.51	 1991	 9	 3	 0	 0	 0.000000
 23.2	 1991	 9	 4	 0	 0	 0.000000
 23.2	 1991	 9	 5	 0	 0	 0.000000
 23.43	 1991	 9	 6	 0	 0	 0.000000
 23.86	 1991	 9	 7	 0	 0	 0.000000
 23.72	 1991	 9	 8	 0	 0	 0.000000
 23.39	 1991	 9	 9	 0	 0	 0.000000
 23.31	 1991	 9	 10	 0	 0	 0.000000
 23.19	 1991	 9	 11	 0	 0	 0.000000
 23.07	 1991	 9	 12	 0	 0	 0.000000
 23.09	 1991	 9	 13	 0	 0	 0.000000
 23.23	 1991	 9	 14	 0	 0	 0.000000
 23.29	 1991	 9	 15	 0	 0	 0.000000
 23.48	 1991	 9	 16	 0	 0	 0.000000
 22.97	 1991	 9	 17	 0	 0	 0.000000
 22.96	 1991	 9	 18	 0	 0	 0.000000
 23.02	 1991	 9	 19	 0	 0	 0.000000
 22.83	 1991	 9	 20	 0	 0	 0.000000
 22.37	 1991	 9	 21	 0	 0	 0.000000
 21.86	 1991	 9	 22	 0	 0	 0.000000
 21.69	 1991	 9	 23	 0	 0	 0.000000
 21.66	 1991	 9	 24	 0	 0	 0.000000
 21.8	 1991	 9	 25	 0	 0	 0.000000
 21.94	 1991	 9	 26	 0	 0	 0.000000
 21.77	 1991	 9	 27	 0	 0	 0.000000
 21.51	 1991	 9	 28	 0	 0	 0.000000
 21.56	 1991	 9	 29	 0	 0	 0.000000
 21.76	 1991	 9	 30	 0	 0	 0.000000
 21.64	 1991	 10	 1	 0	 0	 0.000000
 21.82	 1991	 10	 2	 0	 0	 0.000000
 21.72	 1991	 10	 3	 0	 0	 0.000000
 21.44	 1991	 10	 4	 0	 0	 0.000000
 21.31	 1991	 10	 5	 0	 0	 0.000000
 21.04	 1991	 10	 6	 0	 0	 0.000000
 20.98	 1991	 10	 7	 0	 0	 0.000000
 21.1	 1991	 10	 8	 0	 0	 0.000000
 21.23	 1991	 10	 9	 0	 0	 0.000000
 21.2	 1991	 10	 10	 0	 0	 0.000000
 21.05	 1991	 10	 11	 0	 0	 0.000000
 21.03	 1991	 10	 12	 0	 0	 0.000000
 21.3	 1991	 10	 13	 0	 0	 0.000000
 21.03	 1991	 10	 14	 0	 0	 0.000000
 20.64	 1991	 10	 15	 0	 0	 0.000000
 20.56	 1991	 10	 16	 0	 0	 0.000000
 20.8	 1991	 10	 17	 0	 0	 0.000000
 20.89	 1991	 10	 18	 0	 0	 0.000000
 20.4	 1991	 10	 19	 0	 0	 0.000000
 20.37	 1991	 10	 20	 0	 0	 0.000000
 20.27	 1991	 10	 21	 0	 0	 0.000000
 20.38	 1991	 10	 22	 0	 0	 0.000000
 20.31	 1991	 10	 23	 0	 0	 0.000000
 20.27	 1991	 10	 24	 0	 0	 0.000000
 20.06	 1991	 10	 25	 0	 0	 0.000000
 19.86	 1991	 10	 26	 0	 0	 0.000000
 18.04	 1991	 10	 27	 0	 0	 0.000000
 17.8	 1991	 10	 28	 0	 0	 0.000000
 17.76	 1991	 10	 29	 0	 0	 0.000000
 17.39	 1991	 10	 30	 0	 0	 0.000000
 17.27	 1991	 10	 31	 0	 0	 0.000000
 17.19	 1991	 11	 1	 0	 0	 0.000000
 17.03	 1991	 11	 2	 0	 0	 0.000000
 16.8	 1991	 11	 3	 0	 0	 0.000000
 16.7	 1991	 11	 4	 0	 0	 0.000000
 16.01	 1991	 11	 5	 0	 0	 0.000000
 16.15	 1991	 11	 6	 0	 0	 0.000000
 16.41	 1991	 11	 7	 0	 0	 0.000000
 16.6	 1991	 11	 8	 0	 0	 0.000000
 16.56	 1991	 11	 9	 0	 0	 0.000000
 16.79	 1991	 11	 10	 0	 0	 0.000000
 16.48	 1991	 11	 11	 0	 0	 0.000000
 16.35	 1991	 11	 12	 0	 0	 0.000000
 16.36	 1991	 11	 13	 0	 0	 0.000000
 16.43	 1991	 11	 14	 0	 0	 0.000000
 16.5	 1991	 11	 15	 0	 0	 0.000000
 16.41	 1991	 11	 16	 0	 0	 0.000000
 16.22	 1991	 11	 17	 0	 0	 0.000000
 16.15	 1991	 11	 18	 0	 0	 0.000000
 16.08	 1991	 11	 19	 0	 0	 0.000000
 15.73	 1991	 11	 20	 0	 0	 0.000000
 15.7	 1991	 11	 21	 0	 0	 0.000000
 15.7	 1991	 11	 22	 0	 0	 0.000000
 15.69	 1991	 11	 23	 0	 0	 0.000000
 15.51	 1991	 11	 24	 0	 0	 0.000000
 15.46	 1991	 11	 25	 0	 0	 0.000000
 15.41	 1991	 11	 26	 0	 0	 0.000000
 15.25	 1991	 11	 27	 0	 0	 0.000000
 15.21	 1991	 11	 28	 0	 0	 0.000000
 14.55	 1991	 11	 29	 0	 0	 0.000000
 13.79	 1991	 11	 30	 0	 0	 0.000000
 13.55	 1991	 12	 1	 0	 0	 0.000000
 13.79	 1991	 12	 2	 0	 0	 0.000000
 14.23	 1991	 12	 3	 0	 0	 0.000000
 14.14	 1991	 12	 4	 0	 0	 0.000000
 13.75	 1991	 12	 5	 0	 0	 0.000000
 13.04	 1991	 12	 6	 0	 0	 0.000000
 12.87	 1991	 12	 7	 0	 0	 0.000000
 12.81	 1991	 12	 8	 0	 0	 0.000000
 12.83	 1991	 12	 9	 0	 0	 0.000000
 12.77	 1991	 12	 10	 0	 0	 0.000000
 12.77	 1991	 12	 11	 0	 0	 0.000000
 13.02	 1991	 12	 12	 0	 0	 0.000000
 12.79	 1991	 12	 13	 0	 0	 0.000000
 12.41	 1991	 12	 14	 0	 0	 0.000000
 11.53	 1991	 12	 15	 0	 0	 0.000000
 11.46	 1991	 12	 16	 0	 0	 0.000000
 11.3	 1991	 12	 17	 0	 0	 0.000000
 11.01	 1991	 12	 18	 0	 0	 0.000000
 11.07	 1991	 12	 19	 0	 0	 0.000000
 11.11	 1991	 12	 20	 0	 0	 0.000000
 11	 1991	 12	 21	 0	 0	 0.000000
 10.32	 1991	 12	 22	 0	 0	 0.000000
 10.16	 1991	 12	 23	 0	 0	 0.000000
 10.2	 1991	 12	 24	 0	 0	 0.000000
 10.16	 1991	 12	 25	 0	 0	 0.000000
 10.09	 1991	 12	 26	 0	 0	 0.000000
 10.02	 1991	 12	 27	 0	 0	 0.000000
 10.31	 1991	 12	 28	 0	 0	 0.000000
 9.85	 1991	 12	 29	 0	 0	 0.000000
 9.82	 1991	 12	 30	 0	 0	 0.000000
 9.81	 1991	 12	 31	 0	 0	 0.000000
 9.17	 1992	 1	 1	 0	 0	 0.000000
 9.01	 1992	 1	 2	 0	 0	 0.000000
 9.09	 1992	 1	 3	 0	 0	 0.000000
 8.89	 1992	 1	 4	 0	 0	 0.000000
 8.7	 1992	 1	 5	 0	 0	 0.000000
 9.26	 1992	 1	 6	 0	 0	 0.000000
 9.54	 1992	 1	 7	 0	 0	 0.000000
 9.55	 1992	 1	 8	 0	 0	 0.000000
 9.46	 1992	 1	 9	 0	 0	 0.000000
 9.4	 1992	 1	 10	 0	 0	 0.000000
 9.33	 1992	 1	 11	 0	 0	 0.000000
 9.31	 1992	 1	 12	 0	 0	 0.000000
 -1.32	 1992	 1	 13	 0	 0	 0.000000
 8.83	 1992	 1	 14	 0	 0	 0.000000
 8.5	 1992	 1	 15	 0	 0	 0.000000
 8.41	 1992	 1	 16	 0	 0	 0.000000
 8.09	 1992	 1	 17	 0	 0	 0.000000
 8.43	 1992	 1	 18	 0	 0	 0.000000
 8.54	 1992	 1	 19	 0	 0	 0.000000
 8.46	 1992	 1	 20	 0	 0	 0.000000
 8.37	 1992	 1	 21	 0	 0	 0.000000
 8.7	 1992	 1	 22	 0	 0	 0.000000
 8.91	 1992	 1	 23	 0	 0	 0.000000
 8.9	 1992	 1	 24	 0	 0	 0.000000
 8.89	 1992	 1	 25	 0	 0	 0.000000
 8.49	 1992	 1	 26	 0	 0	 0.000000
 8.33	 1992	 1	 27	 0	 0	 0.000000
 8.23	 1992	 1	 28	 0	 0	 0.000000
 8.17	 1992	 1	 29	 0	 0	 0.000000
 8.15	 1992	 1	 30	 0	 0	 0.000000
 8.13	 1992	 1	 31	 0	 0	 0.000000
 8.11	 1992	 2	 1	 0	 0	 0.000000
 7.67	 1992	 2	 2	 0	 0	 0.000000
 7.55	 1992	 2	 3	 0	 0	 0.000000
 7.49	 1992	 2	 4	 0	 0	 0.000000
 7.46	 1992	 2	 5	 0	 0	 0.000000
 7.46	 1992	 2	 6	 0	 0	 0.000000
 7.43	 1992	 2	 7	 0	 0	 0.000000
 6.82	 1992	 2	 8	 0	 0	 0.000000
 6.54	 1992	 2	 9	 0	 0	 0.000000
 6.51	 1992	 2	 10	 0	 0	 0.000000
 6.46	 1992	 2	 11	 0	 0	 0.000000
 6.46	 1992	 2	 12	 0	 0	 0.000000
 7.01	 1992	 2	 13	 0	 0	 0.000000
 7.15	 1992	 2	 14	 0	 0	 0.000000
 7.27	 1992	 2	 15	 0	 0	 0.000000
 7.29	 1992	 2	 16	 0	 0	 0.000000
 7.28	 1992	 2	 17	 0	 0	 0.000000
 7.18	 1992	 2	 18	 0	 0	 0.000000
 7.16	 1992	 2	 19	 0	 0	 0.000000
 7.11	 1992	 2	 20	 0	 0	 0.000000
 7.07	 1992	 2	 21	 0	 0	 0.000000
 6.92	 1992	 2	 22	 0	 0	 0.000000
 6.86	 1992	 2	 23	 0	 0	 0.000000
 6.62	 1992	 2	 24	 0	 0	 0.000000
 6.49	 1992	 2	 25	 0	 0	 0.000000
 6.48	 1992	 2	 26	 0	 0	 0.000000
 6.59	 1992	 2	 27	 0	 0	 0.000000
 6.59	 1992	 2	 28	 0	 0	 0.000000
 6.59	 1992	 2	 29	 0	 0	 0.000000
 6.63	 1992	 3	 1	 0	 0	 0.000000
 6.66	 1992	 3	 2	 0	 0	 0.000000
 6.7	 1992	 3	 3	 0	 0	 0.000000
 6.72	 1992	 3	 4	 0	 0	 0.000000
 6.75	 1992	 3	 5	 0	 0	 0.000000
 6.31	 1992	 3	 6	 0	 0	 0.000000
 6.29	 1992	 3	 7	 0	 0	 0.000000
 6.44	 1992	 3	 8	 0	 0	 0.000000
 6.67	 1992	 3	 9	 0	 0	 0.000000
 6.9	 1992	 3	 10	 0	 0	 0.000000
 6.89	 1992	 3	 11	 0	 0	 0.000000
 7.16	 1992	 3	 12	 0	 0	 0.000000
 7.24	 1992	 3	 13	 0	 0	 0.000000
 6.78	 1992	 3	 14	 0	 0	 0.000000
 6.75	 1992	 3	 15	 0	 0	 0.000000
 6.73	 1992	 3	 16	 0	 0	 0.000000
 7.69	 1992	 3	 17	 0	 0	 0.000000
 7.8	 1992	 3	 18	 0	 0	 0.000000
 7.91	 1992	 3	 19	 0	 0	 0.000000
 7.68	 1992	 3	 20	 0	 0	 0.000000
 7.67	 1992	 3	 21	 0	 0	 0.000000
 7.65	 1992	 3	 22	 0	 0	 0.000000
 7.72	 1992	 3	 23	 0	 0	 0.000000
 8.08	 1992	 3	 24	 0	 0	 0.000000
 8.28	 1992	 3	 25	 0	 0	 0.000000
 8.83	 1992	 3	 26	 0	 0	 0.000000
 8.75	 1992	 3	 27	 0	 0	 0.000000
 8.94	 1992	 3	 28	 0	 0	 0.000000
 9.03	 1992	 3	 29	 0	 0	 0.000000
 8.84	 1992	 3	 30	 0	 0	 0.000000
 8.78	 1992	 3	 31	 0	 0	 0.000000
 8.74	 1992	 4	 1	 0	 0	 0.000000
 8.7	 1992	 4	 2	 0	 0	 0.000000
 8.62	 1992	 4	 3	 0	 0	 0.000000
 8.83	 1992	 4	 4	 0	 0	 0.000000
 9.58	 1992	 4	 5	 0	 0	 0.000000
 9.89	 1992	 4	 6	 0	 0	 0.000000
 9.86	 1992	 4	 7	 0	 0	 0.000000
 9.62	 1992	 4	 8	 0	 0	 0.000000
 9.6	 1992	 4	 9	 0	 0	 0.000000
 9.44	 1992	 4	 10	 0	 0	 0.000000
 9.45	 1992	 4	 11	 0	 0	 0.000000
 9.58	 1992	 4	 12	 0	 0	 0.000000
 9.59	 1992	 4	 13	 0	 0	 0.000000
 11.06	 1992	 4	 14	 0	 0	 0.000000
 10.94	 1992	 4	 15	 0	 0	 0.000000
 11.04	 1992	 4	 16	 0	 0	 0.000000
 10.63	 1992	 4	 17	 0	 0	 0.000000
 10.62	 1992	 4	 18	 0	 0	 0.000000
 11.22	 1992	 4	 19	 0	 0	 0.000000
 11.24	 1992	 4	 20	 0	 0	 0.000000
 11.09	 1992	 4	 21	 0	 0	 0.000000
 10.61	 1992	 4	 22	 0	 0	 0.000000
 10.37	 1992	 4	 23	 0	 0	 0.000000
 11.31	 1992	 4	 24	 0	 0	 0.000000
 11.72	 1992	 4	 25	 0	 0	 0.000000
 11.23	 1992	 4	 26	 0	 0	 0.000000
 11.1	 1992	 4	 27	 0	 0	 0.000000
 11.77	 1992	 4	 28	 0	 0	 0.000000
 12.34	 1992	 4	 29	 0	 0	 0.000000
 12.28	 1992	 4	 30	 0	 0	 0.000000
 12.73	 1992	 5	 1	 0	 0	 0.000000
 13.16	 1992	 5	 2	 0	 0	 0.000000
 13.41	 1992	 5	 3	 0	 0	 0.000000
 13.73	 1992	 5	 4	 0	 0	 0.000000
 13.6	 1992	 5	 5	 0	 0	 0.000000
 13.5	 1992	 5	 6	 0	 0	 0.000000
 13.48	 1992	 5	 7	 0	 0	 0.000000
 13.42	 1992	 5	 8	 0	 0	 0.000000
 13.91	 1992	 5	 9	 0	 0	 0.000000
 14	 1992	 5	 10	 0	 0	 0.000000
 13.92	 1992	 5	 11	 0	 0	 0.000000
 13.95	 1992	 5	 12	 0	 0	 0.000000
 14.46	 1992	 5	 13	 0	 0	 0.000000
 14.68	 1992	 5	 14	 0	 0	 0.000000
 15.05	 1992	 5	 15	 0	 0	 0.000000
 15.1	 1992	 5	 16	 0	 0	 0.000000
 15.44	 1992	 5	 17	 0	 0	 0.000000
 15.35	 1992	 5	 18	 0	 0	 0.000000
 15.36	 1992	 5	 19	 0	 0	 0.000000
 15.02	 1992	 5	 20	 0	 0	 0.000000
 14.99	 1992	 5	 21	 0	 0	 0.000000
 15.07	 1992	 5	 22	 0	 0	 0.000000
 15.51	 1992	 5	 23	 0	 0	 0.000000
 15.55	 1992	 5	 24	 0	 0	 0.000000
 15.5	 1992	 5	 25	 0	 0	 0.000000
 15.93	 1992	 5	 26	 0	 0	 0.000000
 16.99	 1992	 5	 27	 0	 0	 0.000000
 17.34	 1992	 5	 28	 0	 0	 0.000000
 17.2	 1992	 5	 29	 0	 0	 0.000000
 17.28	 1992	 5	 30	 0	 0	 0.000000
 17.52	 1992	 5	 31	 0	 0	 0.000000
 17.6	 1992	 6	 1	 0	 0	 0.000000
 17.74	 1992	 6	 2	 0	 0	 0.000000
 17.54	 1992	 6	 3	 0	 0	 0.000000
 18.05	 1992	 6	 4	 0	 0	 0.000000
 18.32	 1992	 6	 5	 0	 0	 0.000000
 18.75	 1992	 6	 6	 0	 0	 0.000000
 18.86	 1992	 6	 7	 0	 0	 0.000000
 19.51	 1992	 6	 8	 0	 0	 0.000000
 21.04	 1992	 6	 9	 0	 0	 0.000000
 21.34	 1992	 6	 10	 0	 0	 0.000000
 21.23	 1992	 6	 11	 0	 0	 0.000000
 21.21	 1992	 6	 12	 0	 0	 0.000000
 21.77	 1992	 6	 13	 0	 0	 0.000000
 21.83	 1992	 6	 14	 0	 0	 0.000000
 21.97	 1992	 6	 15	 0	 0	 0.000000
 21.94	 1992	 6	 16	 0	 0	 0.000000
 22.68	 1992	 6	 17	 0	 0	 0.000000
 22.43	 1992	 6	 18	 0	 0	 0.000000
 22.2	 1992	 6	 19	 0	 0	 0.000000
 22.23	 1992	 6	 20	 0	 0	 0.000000
 22.55	 1992	 6	 21	 0	 0	 0.000000
 22.8	 1992	 6	 22	 0	 0	 0.000000
 22.83	 1992	 6	 23	 0	 0	 0.000000
 22.72	 1992	 6	 24	 0	 0	 0.000000
 23.6	 1992	 6	 25	 0	 0	 0.000000
 24.12	 1992	 6	 26	 0	 0	 0.000000
 24.21	 1992	 6	 27	 0	 0	 0.000000
 24.57	 1992	 6	 28	 0	 0	 0.000000
 24.54	 1992	 6	 29	 0	 0	 0.000000
 24.54	 1992	 6	 30	 0	 0	 0.000000
 24.44	 1992	 7	 1	 0	 0	 0.000000
 23.78	 1992	 7	 2	 0	 0	 0.000000
 23.44	 1992	 7	 3	 0	 0	 0.000000
 23.46	 1992	 7	 4	 0	 0	 0.000000
 23.68	 1992	 7	 5	 0	 0	 0.000000
 24.06	 1992	 7	 6	 0	 0	 0.000000
 25.1	 1992	 7	 7	 0	 0	 0.000000
 25.54	 1992	 7	 8	 0	 0	 0.000000
 23.77	 1992	 7	 9	 0	 0	 0.000000
 23.66	 1992	 7	 10	 0	 0	 0.000000
 23.48	 1992	 7	 11	 0	 0	 0.000000
 23.22	 1992	 7	 12	 0	 0	 0.000000
 23.48	 1992	 7	 13	 0	 0	 0.000000
 24.04	 1992	 7	 14	 0	 0	 0.000000
 23.63	 1992	 7	 15	 0	 0	 0.000000
 23.37	 1992	 7	 16	 0	 0	 0.000000
 23.17	 1992	 7	 17	 0	 0	 0.000000
 22.49	 1992	 7	 18	 0	 0	 0.000000
 22.24	 1992	 7	 19	 0	 0	 0.000000
 22.63	 1992	 7	 20	 0	 0	 0.000000
 22.81	 1992	 7	 21	 0	 0	 0.000000
 23.23	 1992	 7	 22	 0	 0	 0.000000
 23.95	 1992	 7	 23	 0	 0	 0.000000
 24.09	 1992	 7	 24	 0	 0	 0.000000
 24.29	 1992	 7	 25	 0	 0	 0.000000
 24.87	 1992	 7	 26	 0	 0	 0.000000
 24.21	 1992	 7	 27	 0	 0	 0.000000
 24.18	 1992	 7	 28	 0	 0	 0.000000
 24.84	 1992	 7	 29	 0	 0	 0.000000
 24.8	 1992	 7	 30	 0	 0	 0.000000
 24.8	 1992	 7	 31	 0	 0	 0.000000
 24.8	 1992	 8	 1	 0	 0	 0.000000
 24.93	 1992	 8	 2	 0	 0	 0.000000
 24.08	 1992	 8	 3	 0	 0	 0.000000
 24.06	 1992	 8	 4	 0	 0	 0.000000
 24.3	 1992	 8	 5	 0	 0	 0.000000
 25.05	 1992	 8	 6	 0	 0	 0.000000
 25.49	 1992	 8	 7	 0	 0	 0.000000
 25.61	 1992	 8	 8	 0	 0	 0.000000
 25.83	 1992	 8	 9	 0	 0	 0.000000
 25.42	 1992	 8	 10	 0	 0	 0.000000
 25.21	 1992	 8	 11	 0	 0	 0.000000
 25.53	 1992	 8	 12	 0	 0	 0.000000
 25.99	 1992	 8	 13	 0	 0	 0.000000
 26.29	 1992	 8	 14	 0	 0	 0.000000
 26.41	 1992	 8	 15	 0	 0	 0.000000
 25.83	 1992	 8	 16	 0	 0	 0.000000
 25.93	 1992	 8	 17	 0	 0	 0.000000
 25.56	 1992	 8	 18	 0	 0	 0.000000
 24.67	 1992	 8	 19	 0	 0	 0.000000
 24.92	 1992	 8	 20	 0	 0	 0.000000
 25.02	 1992	 8	 21	 0	 0	 0.000000
 25.07	 1992	 8	 22	 0	 0	 0.000000
 25.32	 1992	 8	 23	 0	 0	 0.000000
 25.27	 1992	 8	 24	 0	 0	 0.000000
 24.82	 1992	 8	 25	 0	 0	 0.000000
 25.22	 1992	 8	 26	 0	 0	 0.000000
 25.45	 1992	 8	 27	 0	 0	 0.000000
 24.9	 1992	 8	 28	 0	 0	 0.000000
 24.67	 1992	 8	 29	 0	 0	 0.000000
 24.88	 1992	 8	 30	 0	 0	 0.000000
 25.42	 1992	 8	 31	 0	 0	 0.000000
 25.44	 1992	 9	 1	 0	 0	 0.000000
 25.04	 1992	 9	 2	 0	 0	 0.000000
 24.97	 1992	 9	 3	 0	 0	 0.000000
 25.24	 1992	 9	 4	 0	 0	 0.000000
 24.99	 1992	 9	 5	 0	 0	 0.000000
 24.83	 1992	 9	 6	 0	 0	 0.000000
 24.51	 1992	 9	 7	 0	 0	 0.000000
 23.73	 1992	 9	 8	 0	 0	 0.000000
 23.62	 1992	 9	 9	 0	 0	 0.000000
 23.37	 1992	 9	 10	 0	 0	 0.000000
 23.25	 1992	 9	 11	 0	 0	 0.000000
 23.27	 1992	 9	 12	 0	 0	 0.000000
 23.09	 1992	 9	 13	 0	 0	 0.000000
 22.87	 1992	 9	 14	 0	 0	 0.000000
 22.49	 1992	 9	 15	 0	 0	 0.000000
 22.26	 1992	 9	 16	 0	 0	 0.000000
 22.08	 1992	 9	 17	 0	 0	 0.000000
 21.87	 1992	 9	 18	 0	 0	 0.000000
 21.39	 1992	 9	 19	 0	 0	 0.000000
 21.28	 1992	 9	 20	 0	 0	 0.000000
 21.6	 1992	 9	 21	 0	 0	 0.000000
 21.73	 1992	 9	 22	 0	 0	 0.000000
 21.54	 1992	 9	 23	 0	 0	 0.000000
 21.41	 1992	 9	 24	 0	 0	 0.000000
 21.38	 1992	 9	 25	 0	 0	 0.000000
 20.97	 1992	 9	 26	 0	 0	 0.000000
 20.55	 1992	 9	 27	 0	 0	 0.000000
 20.47	 1992	 9	 28	 0	 0	 0.000000
 20.82	 1992	 9	 29	 0	 0	 0.000000
 20.79	 1992	 9	 30	 0	 0	 0.000000
 20.91	 1992	 10	 1	 0	 0	 0.000000
 20.93	 1992	 10	 2	 0	 0	 0.000000
 20.03	 1992	 10	 3	 0	 0	 0.000000
 19.92	 1992	 10	 4	 0	 0	 0.000000
 19.6	 1992	 10	 5	 0	 0	 0.000000
 19.62	 1992	 10	 6	 0	 0	 0.000000
 19.51	 1992	 10	 7	 0	 0	 0.000000
 19.34	 1992	 10	 8	 0	 0	 0.000000
 19.2	 1992	 10	 9	 0	 0	 0.000000
 18.38	 1992	 10	 10	 0	 0	 0.000000
 18.29	 1992	 10	 11	 0	 0	 0.000000
 18.28	 1992	 10	 12	 0	 0	 0.000000
 17.85	 1992	 10	 13	 0	 0	 0.000000
 17.91	 1992	 10	 14	 0	 0	 0.000000
 17.98	 1992	 10	 15	 0	 0	 0.000000
 18	 1992	 10	 16	 0	 0	 0.000000
 17.45	 1992	 10	 17	 0	 0	 0.000000
 17.5	 1992	 10	 18	 0	 0	 0.000000
 17.55	 1992	 10	 19	 0	 0	 0.000000
 17.28	 1992	 10	 20	 0	 0	 0.000000
 16.99	 1992	 10	 21	 0	 0	 0.000000
 16.92	 1992	 10	 22	 0	 0	 0.000000
 16.77	 1992	 10	 23	 0	 0	 0.000000
 16.35	 1992	 10	 24	 0	 0	 0.000000
 16.26	 1992	 10	 25	 0	 0	 0.000000
 16.08	 1992	 10	 26	 0	 0	 0.000000
 15.97	 1992	 10	 27	 0	 0	 0.000000
 16.13	 1992	 10	 28	 0	 0	 0.000000
 16.23	 1992	 10	 29	 0	 0	 0.000000
 16.24	 1992	 10	 30	 0	 0	 0.000000
 16.15	 1992	 10	 31	 0	 0	 0.000000
 15.93	 1992	 11	 1	 0	 0	 0.000000
 15.37	 1992	 11	 2	 0	 0	 0.000000
 15.29	 1992	 11	 3	 0	 0	 0.000000
 15.47	 1992	 11	 4	 0	 0	 0.000000
 15.45	 1992	 11	 5	 0	 0	 0.000000
 14.74	 1992	 11	 6	 0	 0	 0.000000
 14.34	 1992	 11	 7	 0	 0	 0.000000
 14.35	 1992	 11	 8	 0	 0	 0.000000
 14.28	 1992	 11	 9	 0	 0	 0.000000
 13.77	 1992	 11	 10	 0	 0	 0.000000
 13.72	 1992	 11	 11	 0	 0	 0.000000
 14.11	 1992	 11	 12	 0	 0	 0.000000
 14.12	 1992	 11	 13	 0	 0	 0.000000
 14.14	 1992	 11	 14	 0	 0	 0.000000
 13.62	 1992	 11	 15	 0	 0	 0.000000
 13.59	 1992	 11	 16	 0	 0	 0.000000
 13.31	 1992	 11	 17	 0	 0	 0.000000
 13.16	 1992	 11	 18	 0	 0	 0.000000
 13.08	 1992	 11	 19	 0	 0	 0.000000
 13.02	 1992	 11	 20	 0	 0	 0.000000
 12.96	 1992	 11	 21	 0	 0	 0.000000
 12.78	 1992	 11	 22	 0	 0	 0.000000
 12.14	 1992	 11	 23	 0	 0	 0.000000
 11.53	 1992	 11	 24	 0	 0	 0.000000
 11.58	 1992	 11	 25	 0	 0	 0.000000
 11.92	 1992	 11	 26	 0	 0	 0.000000
 11.98	 1992	 11	 27	 0	 0	 0.000000
 10.93	 1992	 11	 28	 0	 0	 0.000000
 10.6	 1992	 11	 29	 0	 0	 0.000000
 10.55	 1992	 11	 30	 0	 0	 0.000000
 10.87	 1992	 12	 1	 0	 0	 0.000000
 10.99	 1992	 12	 2	 0	 0	 0.000000
 11.26	 1992	 12	 3	 0	 0	 0.000000
 11.43	 1992	 12	 4	 0	 0	 0.000000
 11.44	 1992	 12	 5	 0	 0	 0.000000
 11.32	 1992	 12	 6	 0	 0	 0.000000
 11.23	 1992	 12	 7	 0	 0	 0.000000
 11.12	 1992	 12	 8	 0	 0	 0.000000
 10.64	 1992	 12	 9	 0	 0	 0.000000
 10.56	 1992	 12	 10	 0	 0	 0.000000
 10.54	 1992	 12	 11	 0	 0	 0.000000
 10.58	 1992	 12	 12	 0	 0	 0.000000
 10.47	 1992	 12	 13	 0	 0	 0.000000
 10.46	 1992	 12	 14	 0	 0	 0.000000
 10.6	 1992	 12	 15	 0	 0	 0.000000
 10.81	 1992	 12	 16	 0	 0	 0.000000
 10.86	 1992	 12	 17	 0	 0	 0.000000
 11.08	 1992	 12	 18	 0	 0	 0.000000
 11.19	 1992	 12	 19	 0	 0	 0.000000
 11.1	 1992	 12	 20	 0	 0	 0.000000
 10.57	 1992	 12	 21	 0	 0	 0.000000
 9.92	 1992	 12	 22	 0	 0	 0.000000
 9.8	 1992	 12	 23	 0	 0	 0.000000
 9.77	 1992	 12	 24	 0	 0	 0.000000
 9.68	 1992	 12	 25	 0	 0	 0.000000
 9.77	 1992	 12	 26	 0	 0	 0.000000
 9.79	 1992	 12	 27	 0	 0	 0.000000
 9.96	 1992	 12	 28	 0	 0	 0.000000
 9.95	 1992	 12	 29	 0	 0	 0.000000
 9.94	 1992	 12	 30	 0	 0	 0.000000
 9.68	 1992	 12	 31	 0	 0	 0.000000
 9.13	 1993	 1	 1	 0	 0	 0.000000
 9.06	 1993	 1	 2	 0	 0	 0.000000
 9.06	 1993	 1	 3	 0	 0	 0.000000
 9.1	 1993	 1	 4	 0	 0	 0.000000
 9.07	 1993	 1	 5	 0	 0	 0.000000
 9.29	 1993	 1	 6	 0	 0	 0.000000
 9.46	 1993	 1	 7	 0	 0	 0.000000
 9.44	 1993	 1	 8	 0	 0	 0.000000
 9.29	 1993	 1	 9	 0	 0	 0.000000
 9.14	 1993	 1	 10	 0	 0	 0.000000
 8.85	 1993	 1	 11	 0	 0	 0.000000
 9.24	 1993	 1	 12	 0	 0	 0.000000
 9.49	 1993	 1	 13	 0	 0	 0.000000
 9.39	 1993	 1	 14	 0	 0	 0.000000
 9.23	 1993	 1	 15	 0	 0	 0.000000
 9.06	 1993	 1	 16	 0	 0	 0.000000
 8.96	 1993	 1	 17	 0	 0	 0.000000
 8.81	 1993	 1	 18	 0	 0	 0.000000
 8.75	 1993	 1	 19	 0	 0	 0.000000
 8.51	 1993	 1	 20	 0	 0	 0.000000
 8.33	 1993	 1	 21	 0	 0	 0.000000
 8.13	 1993	 1	 22	 0	 0	 0.000000
 8.11	 1993	 1	 23	 0	 0	 0.000000
 8.1	 1993	 1	 24	 0	 0	 0.000000
 8.06	 1993	 1	 25	 0	 0	 0.000000
 7.78	 1993	 1	 26	 0	 0	 0.000000
 7.7	 1993	 1	 27	 0	 0	 0.000000
 7.63	 1993	 1	 28	 0	 0	 0.000000
 7.71	 1993	 1	 29	 0	 0	 0.000000
 7.4	 1993	 1	 30	 0	 0	 0.000000
 7.02	 1993	 1	 31	 0	 0	 0.000000
 7.06	 1993	 2	 1	 0	 0	 0.000000
 7.36	 1993	 2	 2	 0	 0	 0.000000
 7.41	 1993	 2	 3	 0	 0	 0.000000
 7.06	 1993	 2	 4	 0	 0	 0.000000
 7.73	 1993	 2	 5	 0	 0	 0.000000
 7.91	 1993	 2	 6	 0	 0	 0.000000
 7.73	 1993	 2	 7	 0	 0	 0.000000
 7.53	 1993	 2	 8	 0	 0	 0.000000
 7.45	 1993	 2	 9	 0	 0	 0.000000
 7.38	 1993	 2	 10	 0	 0	 0.000000
 7.34	 1993	 2	 11	 0	 0	 0.000000
 6.86	 1993	 2	 12	 0	 0	 0.000000
 6.76	 1993	 2	 13	 0	 0	 0.000000
 6.88	 1993	 2	 14	 0	 0	 0.000000
 6.85	 1993	 2	 15	 0	 0	 0.000000
 6.62	 1993	 2	 16	 0	 0	 0.000000
 6.68	 1993	 2	 17	 0	 0	 0.000000
 6.69	 1993	 2	 18	 0	 0	 0.000000
 6.73	 1993	 2	 19	 0	 0	 0.000000
 6.88	 1993	 2	 20	 0	 0	 0.000000
 7.26	 1993	 2	 21	 0	 0	 0.000000
 7.67	 1993	 2	 22	 0	 0	 0.000000
 7.81	 1993	 2	 23	 0	 0	 0.000000
 7.87	 1993	 2	 24	 0	 0	 0.000000
 6.91	 1993	 2	 25	 0	 0	 0.000000
 6.74	 1993	 2	 26	 0	 0	 0.000000
 7.39	 1993	 2	 27	 0	 0	 0.000000
 7.93	 1993	 2	 28	 0	 0	 0.000000
 7.99	 1993	 3	 1	 0	 0	 0.000000
 7.99	 1993	 3	 2	 0	 0	 0.000000
 7.41	 1993	 3	 3	 0	 0	 0.000000
 7.37	 1993	 3	 4	 0	 0	 0.000000
 7.43	 1993	 3	 5	 0	 0	 0.000000
 7.59	 1993	 3	 6	 0	 0	 0.000000
 7.63	 1993	 3	 7	 0	 0	 0.000000
 7.63	 1993	 3	 8	 0	 0	 0.000000
 7.59	 1993	 3	 9	 0	 0	 0.000000
 7.32	 1993	 3	 10	 0	 0	 0.000000
 6.94	 1993	 3	 11	 0	 0	 0.000000
 6.99	 1993	 3	 12	 0	 0	 0.000000
 6.95	 1993	 3	 13	 0	 0	 0.000000
 7.18	 1993	 3	 14	 0	 0	 0.000000
 6.94	 1993	 3	 15	 0	 0	 0.000000
 6.65	 1993	 3	 16	 0	 0	 0.000000
 7.09	 1993	 3	 17	 0	 0	 0.000000
 7.03	 1993	 3	 18	 0	 0	 0.000000
 7.05	 1993	 3	 19	 0	 0	 0.000000
 6.95	 1993	 3	 20	 0	 0	 0.000000
 6.9	 1993	 3	 21	 0	 0	 0.000000
 6.84	 1993	 3	 22	 0	 0	 0.000000
 6.97	 1993	 3	 23	 0	 0	 0.000000
 7.09	 1993	 3	 24	 0	 0	 0.000000
 7.48	 1993	 3	 25	 0	 0	 0.000000
 7.78	 1993	 3	 26	 0	 0	 0.000000
 8.07	 1993	 3	 27	 0	 0	 0.000000
 8.25	 1993	 3	 28	 0	 0	 0.000000
 8.41	 1993	 3	 29	 0	 0	 0.000000
 8.38	 1993	 3	 30	 0	 0	 0.000000
 8.43	 1993	 3	 31	 0	 0	 0.000000
 8.05	 1993	 4	 1	 0	 0	 0.000000
 8.44	 1993	 4	 2	 0	 0	 0.000000
 8.58	 1993	 4	 3	 0	 0	 0.000000
 9.05	 1993	 4	 4	 0	 0	 0.000000
 9.84	 1993	 4	 5	 0	 0	 0.000000
 10.09	 1993	 4	 6	 0	 0	 0.000000
 10.12	 1993	 4	 7	 0	 0	 0.000000
 10.15	 1993	 4	 8	 0	 0	 0.000000
 10.16	 1993	 4	 9	 0	 0	 0.000000
 9.89	 1993	 4	 10	 0	 0	 0.000000
 10	 1993	 4	 11	 0	 0	 0.000000
 10.27	 1993	 4	 12	 0	 0	 0.000000
 10.3	 1993	 4	 13	 0	 0	 0.000000
 10.28	 1993	 4	 14	 0	 0	 0.000000
 10.19	 1993	 4	 15	 0	 0	 0.000000
 10.35	 1993	 4	 16	 0	 0	 0.000000
 10.53	 1993	 4	 17	 0	 0	 0.000000
 10.21	 1993	 4	 18	 0	 0	 0.000000
 10.15	 1993	 4	 19	 0	 0	 0.000000
 10.1	 1993	 4	 20	 0	 0	 0.000000
 10.11	 1993	 4	 21	 0	 0	 0.000000
 10.48	 1993	 4	 22	 0	 0	 0.000000
 10.93	 1993	 4	 23	 0	 0	 0.000000
 10.78	 1993	 4	 24	 0	 0	 0.000000
 10.86	 1993	 4	 25	 0	 0	 0.000000
 10.88	 1993	 4	 26	 0	 0	 0.000000
 11.17	 1993	 4	 27	 0	 0	 0.000000
 12.52	 1993	 4	 28	 0	 0	 0.000000
 12.82	 1993	 4	 29	 0	 0	 0.000000
 13.01	 1993	 4	 30	 0	 0	 0.000000
 13.02	 1993	 5	 1	 0	 0	 0.000000
 12.85	 1993	 5	 2	 0	 0	 0.000000
 13.02	 1993	 5	 3	 0	 0	 0.000000
 13.64	 1993	 5	 4	 0	 0	 0.000000
 13.8	 1993	 5	 5	 0	 0	 0.000000
 13.92	 1993	 5	 6	 0	 0	 0.000000
 13.91	 1993	 5	 7	 0	 0	 0.000000
 14.32	 1993	 5	 8	 0	 0	 0.000000
 14.38	 1993	 5	 9	 0	 0	 0.000000
 13.57	 1993	 5	 10	 0	 0	 0.000000
 13.58	 1993	 5	 11	 0	 0	 0.000000
 13.82	 1993	 5	 12	 0	 0	 0.000000
 13.05	 1993	 5	 13	 0	 0	 0.000000
 13.03	 1993	 5	 14	 0	 0	 0.000000
 13.96	 1993	 5	 15	 0	 0	 0.000000
 15.17	 1993	 5	 16	 0	 0	 0.000000
 14.86	 1993	 5	 17	 0	 0	 0.000000
 14.78	 1993	 5	 18	 0	 0	 0.000000
 15.08	 1993	 5	 19	 0	 0	 0.000000
 15.04	 1993	 5	 20	 0	 0	 0.000000
 14.87	 1993	 5	 21	 0	 0	 0.000000
 15.43	 1993	 5	 22	 0	 0	 0.000000
 16.5	 1993	 5	 23	 0	 0	 0.000000
 16.85	 1993	 5	 24	 0	 0	 0.000000
 17.13	 1993	 5	 25	 0	 0	 0.000000
 17.22	 1993	 5	 26	 0	 0	 0.000000
 17.6	 1993	 5	 27	 0	 0	 0.000000
 17.79	 1993	 5	 28	 0	 0	 0.000000
 18.46	 1993	 5	 29	 0	 0	 0.000000
 18.58	 1993	 5	 30	 0	 0	 0.000000
 18.83	 1993	 5	 31	 0	 0	 0.000000
 19.29	 1993	 6	 1	 0	 0	 0.000000
 19.38	 1993	 6	 2	 0	 0	 0.000000
 19.41	 1993	 6	 3	 0	 0	 0.000000
 19.22	 1993	 6	 4	 0	 0	 0.000000
 18.85	 1993	 6	 5	 0	 0	 0.000000
 18.94	 1993	 6	 6	 0	 0	 0.000000
 19.74	 1993	 6	 7	 0	 0	 0.000000
 20.13	 1993	 6	 8	 0	 0	 0.000000
 20.43	 1993	 6	 9	 0	 0	 0.000000
 20.23	 1993	 6	 10	 0	 0	 0.000000
 20.38	 1993	 6	 11	 0	 0	 0.000000
 20.63	 1993	 6	 12	 0	 0	 0.000000
 21.17	 1993	 6	 13	 0	 0	 0.000000
 21.75	 1993	 6	 14	 0	 0	 0.000000
 21.98	 1993	 6	 15	 0	 0	 0.000000
 21.25	 1993	 6	 16	 0	 0	 0.000000
 21.31	 1993	 6	 17	 0	 0	 0.000000
 21.19	 1993	 6	 18	 0	 0	 0.000000
 21.19	 1993	 6	 19	 0	 0	 0.000000
 21.49	 1993	 6	 20	 0	 0	 0.000000
 21.74	 1993	 6	 21	 0	 0	 0.000000
 21.75	 1993	 6	 22	 0	 0	 0.000000
 22.03	 1993	 6	 23	 0	 0	 0.000000
 22.68	 1993	 6	 24	 0	 0	 0.000000
 23.16	 1993	 6	 25	 0	 0	 0.000000
 22.77	 1993	 6	 26	 0	 0	 0.000000
 22.62	 1993	 6	 27	 0	 0	 0.000000
 21.2	 1993	 6	 28	 0	 0	 0.000000
 21.05	 1993	 6	 29	 0	 0	 0.000000
 21.32	 1993	 6	 30	 0	 0	 0.000000
 21.44	 1993	 7	 1	 0	 0	 0.000000
 21.75	 1993	 7	 2	 0	 0	 0.000000
 21.9	 1993	 7	 3	 0	 0	 0.000000
 21.81	 1993	 7	 4	 0	 0	 0.000000
 21.71	 1993	 7	 5	 0	 0	 0.000000
 21.46	 1993	 7	 6	 0	 0	 0.000000
 21.58	 1993	 7	 7	 0	 0	 0.000000
 21.55	 1993	 7	 8	 0	 0	 0.000000
 22	 1993	 7	 9	 0	 0	 0.000000
 22.54	 1993	 7	 10	 0	 0	 0.000000
 23.01	 1993	 7	 11	 0	 0	 0.000000
 23.73	 1993	 7	 12	 0	 0	 0.000000
 24.06	 1993	 7	 13	 0	 0	 0.000000
 24.03	 1993	 7	 14	 0	 0	 0.000000
 23.84	 1993	 7	 15	 0	 0	 0.000000
 23.47	 1993	 7	 16	 0	 0	 0.000000
 22.6	 1993	 7	 17	 0	 0	 0.000000
 23.15	 1993	 7	 18	 0	 0	 0.000000
 23.42	 1993	 7	 19	 0	 0	 0.000000
 23.21	 1993	 7	 20	 0	 0	 0.000000
 23.7	 1993	 7	 21	 0	 0	 0.000000
 24.08	 1993	 7	 22	 0	 0	 0.000000
 24.18	 1993	 7	 23	 0	 0	 0.000000
 23.91	 1993	 7	 24	 0	 0	 0.000000
 23.09	 1993	 7	 25	 0	 0	 0.000000
 23.06	 1993	 7	 26	 0	 0	 0.000000
 23.13	 1993	 7	 27	 0	 0	 0.000000
 23.4	 1993	 7	 28	 0	 0	 0.000000
 23.6	 1993	 7	 29	 0	 0	 0.000000
 24.43	 1993	 7	 30	 0	 0	 0.000000
 24.14	 1993	 7	 31	 0	 0	 0.000000
 24.14	 1993	 8	 1	 0	 0	 0.000000
 23.9	 1993	 8	 2	 0	 0	 0.000000
 23.82	 1993	 8	 3	 0	 0	 0.000000
 24.26	 1993	 8	 4	 0	 0	 0.000000
 24.71	 1993	 8	 5	 0	 0	 0.000000
 25.34	 1993	 8	 6	 0	 0	 0.000000
 25.51	 1993	 8	 7	 0	 0	 0.000000
 25.42	 1993	 8	 8	 0	 0	 0.000000
 25.28	 1993	 8	 9	 0	 0	 0.000000
 25.39	 1993	 8	 10	 0	 0	 0.000000
 25.64	 1993	 8	 11	 0	 0	 0.000000
 25.73	 1993	 8	 12	 0	 0	 0.000000
 25.65	 1993	 8	 13	 0	 0	 0.000000
 25.85	 1993	 8	 14	 0	 0	 0.000000
 26	 1993	 8	 15	 0	 0	 0.000000
 25.72	 1993	 8	 16	 0	 0	 0.000000
 25.61	 1993	 8	 17	 0	 0	 0.000000
 26	 1993	 8	 18	 0	 0	 0.000000
 26.53	 1993	 8	 19	 0	 0	 0.000000
 26.68	 1993	 8	 20	 0	 0	 0.000000
 26.44	 1993	 8	 21	 0	 0	 0.000000
 26.18	 1993	 8	 22	 0	 0	 0.000000
 25.94	 1993	 8	 23	 0	 0	 0.000000
 25.29	 1993	 8	 24	 0	 0	 0.000000
 25.2	 1993	 8	 25	 0	 0	 0.000000
 25.28	 1993	 8	 26	 0	 0	 0.000000
 25.16	 1993	 8	 27	 0	 0	 0.000000
 25.28	 1993	 8	 28	 0	 0	 0.000000
 24.98	 1993	 8	 29	 0	 0	 0.000000
 24.68	 1993	 8	 30	 0	 0	 0.000000
 24.64	 1993	 8	 31	 0	 0	 0.000000
 24.97	 1993	 9	 1	 0	 0	 0.000000
 24.78	 1993	 9	 2	 0	 0	 0.000000
 24.55	 1993	 9	 3	 0	 0	 0.000000
 24.37	 1993	 9	 4	 0	 0	 0.000000
 24.27	 1993	 9	 5	 0	 0	 0.000000
 24.19	 1993	 9	 6	 0	 0	 0.000000
 23.53	 1993	 9	 7	 0	 0	 0.000000
 23.45	 1993	 9	 8	 0	 0	 0.000000
 23.65	 1993	 9	 9	 0	 0	 0.000000
 23.49	 1993	 9	 10	 0	 0	 0.000000
 23.29	 1993	 9	 11	 0	 0	 0.000000
 23.09	 1993	 9	 12	 0	 0	 0.000000
 22.93	 1993	 9	 13	 0	 0	 0.000000
 22.41	 1993	 9	 14	 0	 0	 0.000000
 22.38	 1993	 9	 15	 0	 0	 0.000000
 22.81	 1993	 9	 16	 0	 0	 0.000000
 22.67	 1993	 9	 17	 0	 0	 0.000000
 22.55	 1993	 9	 18	 0	 0	 0.000000
 21.93	 1993	 9	 19	 0	 0	 0.000000
 21.64	 1993	 9	 20	 0	 0	 0.000000
 20.96	 1993	 9	 21	 0	 0	 0.000000
 20.69	 1993	 9	 22	 0	 0	 0.000000
 20.77	 1993	 9	 23	 0	 0	 0.000000
 20.83	 1993	 9	 24	 0	 0	 0.000000
 20.81	 1993	 9	 25	 0	 0	 0.000000
 20.87	 1993	 9	 26	 0	 0	 0.000000
 20.8	 1993	 9	 27	 0	 0	 0.000000
 20.72	 1993	 9	 28	 0	 0	 0.000000
 20.63	 1993	 9	 29	 0	 0	 0.000000
 20.07	 1993	 9	 30	 0	 0	 0.000000
 19.48	 1993	 10	 1	 0	 0	 0.000000
 19.64	 1993	 10	 2	 0	 0	 0.000000
 19.85	 1993	 10	 3	 0	 0	 0.000000
 19.82	 1993	 10	 4	 0	 0	 0.000000
 19.62	 1993	 10	 5	 0	 0	 0.000000
 19.12	 1993	 10	 6	 0	 0	 0.000000
 18.76	 1993	 10	 7	 0	 0	 0.000000
 18.48	 1993	 10	 8	 0	 0	 0.000000
 18.6	 1993	 10	 9	 0	 0	 0.000000
 18.68	 1993	 10	 10	 0	 0	 0.000000
 19.15	 1993	 10	 11	 0	 0	 0.000000
 19.47	 1993	 10	 12	 0	 0	 0.000000
 19.1	 1993	 10	 13	 0	 0	 0.000000
 18.87	 1993	 10	 14	 0	 0	 0.000000
 19.15	 1993	 10	 15	 0	 0	 0.000000
 19.31	 1993	 10	 16	 0	 0	 0.000000
 18.91	 1993	 10	 17	 0	 0	 0.000000
 18.3	 1993	 10	 18	 0	 0	 0.000000
 18.11	 1993	 10	 19	 0	 0	 0.000000
 18.54	 1993	 10	 20	 0	 0	 0.000000
 18.51	 1993	 10	 21	 0	 0	 0.000000
 18.78	 1993	 10	 22	 0	 0	 0.000000
 18.89	 1993	 10	 23	 0	 0	 0.000000
 18.68	 1993	 10	 24	 0	 0	 0.000000
 18.43	 1993	 10	 25	 0	 0	 0.000000
 18.29	 1993	 10	 26	 0	 0	 0.000000
 17.7	 1993	 10	 27	 0	 0	 0.000000
 17.42	 1993	 10	 28	 0	 0	 0.000000
 17.43	 1993	 10	 29	 0	 0	 0.000000
 15.55	 1993	 10	 30	 0	 0	 0.000000
 15.53	 1993	 10	 31	 0	 0	 0.000000
 15.7	 1993	 11	 1	 0	 0	 0.000000
 15.61	 1993	 11	 2	 0	 0	 0.000000
 15.61	 1993	 11	 3	 0	 0	 0.000000
 15.71	 1993	 11	 4	 0	 0	 0.000000
 15.84	 1993	 11	 5	 0	 0	 0.000000
 15.9	 1993	 11	 6	 0	 0	 0.000000
 15.89	 1993	 11	 7	 0	 0	 0.000000
 15.73	 1993	 11	 8	 0	 0	 0.000000
 15.46	 1993	 11	 9	 0	 0	 0.000000
 15.64	 1993	 11	 10	 0	 0	 0.000000
 15.58	 1993	 11	 11	 0	 0	 0.000000
 15.2	 1993	 11	 12	 0	 0	 0.000000
 14.64	 1993	 11	 13	 0	 0	 0.000000
 14.44	 1993	 11	 14	 0	 0	 0.000000
 13.7	 1993	 11	 15	 0	 0	 0.000000
 13.06	 1993	 11	 16	 0	 0	 0.000000
 12.84	 1993	 11	 17	 0	 0	 0.000000
 12.73	 1993	 11	 18	 0	 0	 0.000000
 11	 1993	 11	 19	 0	 0	 0.000000
 11.6	 1993	 11	 20	 0	 0	 0.000000
 12.4	 1993	 11	 21	 0	 0	 0.000000
 12.52	 1993	 11	 22	 0	 0	 0.000000
 12.24	 1993	 11	 23	 0	 0	 0.000000
 12.15	 1993	 11	 24	 0	 0	 0.000000
 12.11	 1993	 11	 25	 0	 0	 0.000000
 11.94	 1993	 11	 26	 0	 0	 0.000000
 11.63	 1993	 11	 27	 0	 0	 0.000000
 11.27	 1993	 11	 28	 0	 0	 0.000000
 11.13	 1993	 11	 29	 0	 0	 0.000000
 11.07	 1993	 11	 30	 0	 0	 0.000000
 11.05	 1993	 12	 1	 0	 0	 0.000000
 10.96	 1993	 12	 2	 0	 0	 0.000000
 10.88	 1993	 12	 3	 0	 0	 0.000000
 10.2	 1993	 12	 4	 0	 0	 0.000000
 10.24	 1993	 12	 5	 0	 0	 0.000000
 10.19	 1993	 12	 6	 0	 0	 0.000000
 10.41	 1993	 12	 7	 0	 0	 0.000000
 10.6	 1993	 12	 8	 0	 0	 0.000000
 10.5	 1993	 12	 9	 0	 0	 0.000000
 10.14	 1993	 12	 10	 0	 0	 0.000000
 10.61	 1993	 12	 11	 0	 0	 0.000000
 10.74	 1993	 12	 12	 0	 0	 0.000000
 10.19	 1993	 12	 13	 0	 0	 0.000000
 9.85	 1993	 12	 14	 0	 0	 0.000000
 9.87	 1993	 12	 15	 0	 0	 0.000000
 9.4	 1993	 12	 16	 0	 0	 0.000000
 9.48	 1993	 12	 17	 0	 0	 0.000000
 9.92	 1993	 12	 18	 0	 0	 0.000000
 10.04	 1993	 12	 19	 0	 0	 0.000000
 10.18	 1993	 12	 20	 0	 0	 0.000000
 10.29	 1993	 12	 21	 0	 0	 0.000000
 10.23	 1993	 12	 22	 0	 0	 0.000000
 10.16	 1993	 12	 23	 0	 0	 0.000000
 9.88	 1993	 12	 24	 0	 0	 0.000000
 9.96	 1993	 12	 25	 0	 0	 0.000000
 9.99	 1993	 12	 26	 0	 0	 0.000000
 10.24	 1993	 12	 27	 0	 0	 0.000000
 10.22	 1993	 12	 28	 0	 0	 0.000000
 10.24	 1993	 12	 29	 0	 0	 0.000000
 10.09	 1993	 12	 30	 0	 0	 0.000000
 9.89	 1993	 12	 31	 0	 0	 0.000000
 9.98	 1994	 1	 1	 0	 0	 0.000000
 10.01	 1994	 1	 2	 0	 0	 0.000000
 10.05	 1994	 1	 3	 0	 0	 0.000000
 9.49	 1994	 1	 4	 0	 0	 0.000000
 9.3	 1994	 1	 5	 0	 0	 0.000000
 9.29	 1994	 1	 6	 0	 0	 0.000000
 9.27	 1994	 1	 7	 0	 0	 0.000000
 9.24	 1994	 1	 8	 0	 0	 0.000000
 9.14	 1994	 1	 9	 0	 0	 0.000000
 8.82	 1994	 1	 10	 0	 0	 0.000000
 8.26	 1994	 1	 11	 0	 0	 0.000000
 8.26	 1994	 1	 12	 0	 0	 0.000000
 8.39	 1994	 1	 13	 0	 0	 0.000000
 8.62	 1994	 1	 14	 0	 0	 0.000000
 8.65	 1994	 1	 15	 0	 0	 0.000000
 8.85	 1994	 1	 16	 0	 0	 0.000000
 8.86	 1994	 1	 17	 0	 0	 0.000000
 8.9	 1994	 1	 18	 0	 0	 0.000000
 8.84	 1994	 1	 19	 0	 0	 0.000000
 8.66	 1994	 1	 20	 0	 0	 0.000000
 8.59	 1994	 1	 21	 0	 0	 0.000000
 8.54	 1994	 1	 22	 0	 0	 0.000000
 8.71	 1994	 1	 23	 0	 0	 0.000000
 8.96	 1994	 1	 24	 0	 0	 0.000000
 8.88	 1994	 1	 25	 0	 0	 0.000000
 8.74	 1994	 1	 26	 0	 0	 0.000000
 8.71	 1994	 1	 27	 0	 0	 0.000000
 8.68	 1994	 1	 28	 0	 0	 0.000000
 8.65	 1994	 1	 29	 0	 0	 0.000000
 8.63	 1994	 1	 30	 0	 0	 0.000000
 8.62	 1994	 1	 31	 0	 0	 0.000000
 8.27	 1994	 2	 1	 0	 0	 0.000000
 8.15	 1994	 2	 2	 0	 0	 0.000000
 8.3	 1994	 2	 3	 0	 0	 0.000000
 8.68	 1994	 2	 4	 0	 0	 0.000000
 8.69	 1994	 2	 5	 0	 0	 0.000000
 8.66	 1994	 2	 6	 0	 0	 0.000000
 8.74	 1994	 2	 7	 0	 0	 0.000000
 8.62	 1994	 2	 8	 0	 0	 0.000000
 8.51	 1994	 2	 9	 0	 0	 0.000000
 8.44	 1994	 2	 10	 0	 0	 0.000000
 8.4	 1994	 2	 11	 0	 0	 0.000000
 8.26	 1994	 2	 12	 0	 0	 0.000000
 8.09	 1994	 2	 13	 0	 0	 0.000000
 8.14	 1994	 2	 14	 0	 0	 0.000000
 7.93	 1994	 2	 15	 0	 0	 0.000000
 8.05	 1994	 2	 16	 0	 0	 0.000000
 8.26	 1994	 2	 17	 0	 0	 0.000000
 8.6	 1994	 2	 18	 0	 0	 0.000000
 8.6	 1994	 2	 19	 0	 0	 0.000000
 8.29	 1994	 2	 20	 0	 0	 0.000000
 7.76	 1994	 2	 21	 0	 0	 0.000000
 7.67	 1994	 2	 22	 0	 0	 0.000000
 8.66	 1994	 2	 23	 0	 0	 0.000000
 8.64	 1994	 2	 24	 0	 0	 0.000000
 8.5	 1994	 2	 25	 0	 0	 0.000000
 8.48	 1994	 2	 26	 0	 0	 0.000000
 8.25	 1994	 2	 27	 0	 0	 0.000000
 8.2	 1994	 2	 28	 0	 0	 0.000000
 8.4	 1994	 3	 1	 0	 0	 0.000000
 8.54	 1994	 3	 2	 0	 0	 0.000000
 8.57	 1994	 3	 3	 0	 0	 0.000000
 8.57	 1994	 3	 4	 0	 0	 0.000000
 8.56	 1994	 3	 5	 0	 0	 0.000000
 8.55	 1994	 3	 6	 0	 0	 0.000000
 8.44	 1994	 3	 7	 0	 0	 0.000000
 8.27	 1994	 3	 8	 0	 0	 0.000000
 8.78	 1994	 3	 9	 0	 0	 0.000000
 8.69	 1994	 3	 10	 0	 0	 0.000000
 8.57	 1994	 3	 11	 0	 0	 0.000000
 8.44	 1994	 3	 12	 0	 0	 0.000000
 8.71	 1994	 3	 13	 0	 0	 0.000000
 8.71	 1994	 3	 14	 0	 0	 0.000000
 8.75	 1994	 3	 15	 0	 0	 0.000000
 9	 1994	 3	 16	 0	 0	 0.000000
 9.04	 1994	 3	 17	 0	 0	 0.000000
 9.27	 1994	 3	 18	 0	 0	 0.000000
 9.24	 1994	 3	 19	 0	 0	 0.000000
 9.27	 1994	 3	 20	 0	 0	 0.000000
 9.41	 1994	 3	 21	 0	 0	 0.000000
 9.76	 1994	 3	 22	 0	 0	 0.000000
 9.32	 1994	 3	 23	 0	 0	 0.000000
 9.12	 1994	 3	 24	 0	 0	 0.000000
 9.21	 1994	 3	 25	 0	 0	 0.000000
 9.91	 1994	 3	 26	 0	 0	 0.000000
 9.9	 1994	 3	 27	 0	 0	 0.000000
 9.91	 1994	 3	 28	 0	 0	 0.000000
 9.07	 1994	 3	 29	 0	 0	 0.000000
 8.85	 1994	 3	 30	 0	 0	 0.000000
 9.3	 1994	 3	 31	 0	 0	 0.000000
 9.56	 1994	 4	 1	 0	 0	 0.000000
 9.74	 1994	 4	 2	 0	 0	 0.000000
 9.8	 1994	 4	 3	 0	 0	 0.000000
 10.38	 1994	 4	 4	 0	 0	 0.000000
 10.65	 1994	 4	 5	 0	 0	 0.000000
 10.81	 1994	 4	 6	 0	 0	 0.000000
 10.8	 1994	 4	 7	 0	 0	 0.000000
 10.81	 1994	 4	 8	 0	 0	 0.000000
 11.1	 1994	 4	 9	 0	 0	 0.000000
 10.75	 1994	 4	 10	 0	 0	 0.000000
 10.51	 1994	 4	 11	 0	 0	 0.000000
 11.01	 1994	 4	 12	 0	 0	 0.000000
 11.45	 1994	 4	 13	 0	 0	 0.000000
 11.64	 1994	 4	 14	 0	 0	 0.000000
 12.54	 1994	 4	 15	 0	 0	 0.000000
 13.12	 1994	 4	 16	 0	 0	 0.000000
 13.33	 1994	 4	 17	 0	 0	 0.000000
 13.32	 1994	 4	 18	 0	 0	 0.000000
 13.42	 1994	 4	 19	 0	 0	 0.000000
 12.39	 1994	 4	 20	 0	 0	 0.000000
 12.65	 1994	 4	 21	 0	 0	 0.000000
 13.24	 1994	 4	 22	 0	 0	 0.000000
 13.72	 1994	 4	 23	 0	 0	 0.000000
 13.98	 1994	 4	 24	 0	 0	 0.000000
 13.76	 1994	 4	 25	 0	 0	 0.000000
 13.76	 1994	 4	 26	 0	 0	 0.000000
 14.13	 1994	 4	 27	 0	 0	 0.000000
 14.46	 1994	 4	 28	 0	 0	 0.000000
 14.56	 1994	 4	 29	 0	 0	 0.000000
 14.63	 1994	 4	 30	 0	 0	 0.000000
 14.74	 1994	 5	 1	 0	 0	 0.000000
 14.86	 1994	 5	 2	 0	 0	 0.000000
 14.26	 1994	 5	 3	 0	 0	 0.000000
 13.39	 1994	 5	 4	 0	 0	 0.000000
 13.57	 1994	 5	 5	 0	 0	 0.000000
 13.99	 1994	 5	 6	 0	 0	 0.000000
 13.96	 1994	 5	 7	 0	 0	 0.000000
 14.5	 1994	 5	 8	 0	 0	 0.000000
 14.69	 1994	 5	 9	 0	 0	 0.000000
 14.85	 1994	 5	 10	 0	 0	 0.000000
 14.87	 1994	 5	 11	 0	 0	 0.000000
 14.84	 1994	 5	 12	 0	 0	 0.000000
 14.64	 1994	 5	 13	 0	 0	 0.000000
 15.1	 1994	 5	 14	 0	 0	 0.000000
 15.3	 1994	 5	 15	 0	 0	 0.000000
 15.46	 1994	 5	 16	 0	 0	 0.000000
 15.66	 1994	 5	 17	 0	 0	 0.000000
 17.1	 1994	 5	 18	 0	 0	 0.000000
 17.07	 1994	 5	 19	 0	 0	 0.000000
 17.02	 1994	 5	 20	 0	 0	 0.000000
 17.11	 1994	 5	 21	 0	 0	 0.000000
 18.23	 1994	 5	 22	 0	 0	 0.000000
 18.47	 1994	 5	 23	 0	 0	 0.000000
 18.72	 1994	 5	 24	 0	 0	 0.000000
 18.8	 1994	 5	 25	 0	 0	 0.000000
 18.8	 1994	 5	 26	 0	 0	 0.000000
 19.13	 1994	 5	 27	 0	 0	 0.000000
 19.24	 1994	 5	 28	 0	 0	 0.000000
 18.85	 1994	 5	 29	 0	 0	 0.000000
 19.19	 1994	 5	 30	 0	 0	 0.000000
 19.63	 1994	 5	 31	 0	 0	 0.000000
 19.52	 1994	 6	 1	 0	 0	 0.000000
 18.31	 1994	 6	 2	 0	 0	 0.000000
 18.18	 1994	 6	 3	 0	 0	 0.000000
 19.05	 1994	 6	 4	 0	 0	 0.000000
 19.52	 1994	 6	 5	 0	 0	 0.000000
 19.48	 1994	 6	 6	 0	 0	 0.000000
 19.07	 1994	 6	 7	 0	 0	 0.000000
 19.02	 1994	 6	 8	 0	 0	 0.000000
 19.47	 1994	 6	 9	 0	 0	 0.000000
 20.78	 1994	 6	 10	 0	 0	 0.000000
 20.44	 1994	 6	 11	 0	 0	 0.000000
 20.32	 1994	 6	 12	 0	 0	 0.000000
 20.25	 1994	 6	 13	 0	 0	 0.000000
 20.42	 1994	 6	 14	 0	 0	 0.000000
 20.83	 1994	 6	 15	 0	 0	 0.000000
 20.88	 1994	 6	 16	 0	 0	 0.000000
 20.9	 1994	 6	 17	 0	 0	 0.000000
 20.84	 1994	 6	 18	 0	 0	 0.000000
 21.05	 1994	 6	 19	 0	 0	 0.000000
 21.57	 1994	 6	 20	 0	 0	 0.000000
 21.28	 1994	 6	 21	 0	 0	 0.000000
 21.14	 1994	 6	 22	 0	 0	 0.000000
 21.3	 1994	 6	 23	 0	 0	 0.000000
 21.27	 1994	 6	 24	 0	 0	 0.000000
 20.76	 1994	 6	 25	 0	 0	 0.000000
 20.95	 1994	 6	 26	 0	 0	 0.000000
 20.89	 1994	 6	 27	 0	 0	 0.000000
 21.71	 1994	 6	 28	 0	 0	 0.000000
 21.22	 1994	 6	 29	 0	 0	 0.000000
 20.97	 1994	 6	 30	 0	 0	 0.000000
 21.67	 1994	 7	 1	 0	 0	 0.000000
 22.35	 1994	 7	 2	 0	 0	 0.000000
 22.52	 1994	 7	 3	 0	 0	 0.000000
 22.67	 1994	 7	 4	 0	 0	 0.000000
 22.82	 1994	 7	 5	 0	 0	 0.000000
 22.67	 1994	 7	 6	 0	 0	 0.000000
 22.39	 1994	 7	 7	 0	 0	 0.000000
 22.39	 1994	 7	 8	 0	 0	 0.000000
 22.43	 1994	 7	 9	 0	 0	 0.000000
 22.75	 1994	 7	 10	 0	 0	 0.000000
 23.2	 1994	 7	 11	 0	 0	 0.000000
 23.9	 1994	 7	 12	 0	 0	 0.000000
 24.26	 1994	 7	 13	 0	 0	 0.000000
 24.42	 1994	 7	 14	 0	 0	 0.000000
 24.47	 1994	 7	 15	 0	 0	 0.000000
 24.89	 1994	 7	 16	 0	 0	 0.000000
 25.13	 1994	 7	 17	 0	 0	 0.000000
 24.96	 1994	 7	 18	 0	 0	 0.000000
 23.26	 1994	 7	 19	 0	 0	 0.000000
 23.04	 1994	 7	 20	 0	 0	 0.000000
 23.38	 1994	 7	 21	 0	 0	 0.000000
 23.71	 1994	 7	 22	 0	 0	 0.000000
 24.05	 1994	 7	 23	 0	 0	 0.000000
 24.35	 1994	 7	 24	 0	 0	 0.000000
 24.68	 1994	 7	 25	 0	 0	 0.000000
 24.68	 1994	 7	 26	 0	 0	 0.000000
 24.95	 1994	 7	 27	 0	 0	 0.000000
 25	 1994	 7	 28	 0	 0	 0.000000
 25.05	 1994	 7	 29	 0	 0	 0.000000
 24.25	 1994	 7	 30	 0	 0	 0.000000
 24.46	 1994	 7	 31	 0	 0	 0.000000
 24.55	 1994	 8	 1	 0	 0	 0.000000
 24.1	 1994	 8	 2	 0	 0	 0.000000
 23.59	 1994	 8	 3	 0	 0	 0.000000
 23.66	 1994	 8	 4	 0	 0	 0.000000
 23.83	 1994	 8	 5	 0	 0	 0.000000
 24.26	 1994	 8	 6	 0	 0	 0.000000
 24.8	 1994	 8	 7	 0	 0	 0.000000
 24.43	 1994	 8	 8	 0	 0	 0.000000
 24.24	 1994	 8	 9	 0	 0	 0.000000
 23.97	 1994	 8	 10	 0	 0	 0.000000
 23.91	 1994	 8	 11	 0	 0	 0.000000
 24.41	 1994	 8	 12	 0	 0	 0.000000
 24.74	 1994	 8	 13	 0	 0	 0.000000
 24.86	 1994	 8	 14	 0	 0	 0.000000
 25	 1994	 8	 15	 0	 0	 0.000000
 24.91	 1994	 8	 16	 0	 0	 0.000000
 24.4	 1994	 8	 17	 0	 0	 0.000000
 23.8	 1994	 8	 18	 0	 0	 0.000000
 23.78	 1994	 8	 19	 0	 0	 0.000000
 23.9	 1994	 8	 20	 0	 0	 0.000000
 24.11	 1994	 8	 21	 0	 0	 0.000000
 23.98	 1994	 8	 22	 0	 0	 0.000000
 24.11	 1994	 8	 23	 0	 0	 0.000000
 24.45	 1994	 8	 24	 0	 0	 0.000000
 24.24	 1994	 8	 25	 0	 0	 0.000000
 24.08	 1994	 8	 26	 0	 0	 0.000000
 24.24	 1994	 8	 27	 0	 0	 0.000000
 24.39	 1994	 8	 28	 0	 0	 0.000000
 24.28	 1994	 8	 29	 0	 0	 0.000000
 24.48	 1994	 8	 30	 0	 0	 0.000000
 25	 1994	 8	 31	 0	 0	 0.000000
 25.23	 1994	 9	 1	 0	 0	 0.000000
 24.99	 1994	 9	 2	 0	 0	 0.000000
 25.24	 1994	 9	 3	 0	 0	 0.000000
 25.55	 1994	 9	 4	 0	 0	 0.000000
 25.49	 1994	 9	 5	 0	 0	 0.000000
 25.2	 1994	 9	 6	 0	 0	 0.000000
 24.77	 1994	 9	 7	 0	 0	 0.000000
 24.34	 1994	 9	 8	 0	 0	 0.000000
 24.69	 1994	 9	 9	 0	 0	 0.000000
 24.71	 1994	 9	 10	 0	 0	 0.000000
 24.3	 1994	 9	 11	 0	 0	 0.000000
 24.54	 1994	 9	 12	 0	 0	 0.000000
 24.58	 1994	 9	 13	 0	 0	 0.000000
 24.85	 1994	 9	 14	 0	 0	 0.000000
 24.84	 1994	 9	 15	 0	 0	 0.000000
 24.87	 1994	 9	 16	 0	 0	 0.000000
 24.8	 1994	 9	 17	 0	 0	 0.000000
 24.71	 1994	 9	 18	 0	 0	 0.000000
 24.71	 1994	 9	 19	 0	 0	 0.000000
 24.6	 1994	 9	 20	 0	 0	 0.000000
 24.64	 1994	 9	 21	 0	 0	 0.000000
 24.34	 1994	 9	 22	 0	 0	 0.000000
 24.07	 1994	 9	 23	 0	 0	 0.000000
 23.93	 1994	 9	 24	 0	 0	 0.000000
 23.84	 1994	 9	 25	 0	 0	 0.000000
 23.78	 1994	 9	 26	 0	 0	 0.000000
 23.35	 1994	 9	 27	 0	 0	 0.000000
 23.1	 1994	 9	 28	 0	 0	 0.000000
 23.48	 1994	 9	 29	 0	 0	 0.000000
 23.55	 1994	 9	 30	 0	 0	 0.000000
 23.63	 1994	 10	 1	 0	 0	 0.000000
 23.36	 1994	 10	 2	 0	 0	 0.000000
 23.46	 1994	 10	 3	 0	 0	 0.000000
 23.61	 1994	 10	 4	 0	 0	 0.000000
 23.85	 1994	 10	 5	 0	 0	 0.000000
 23.74	 1994	 10	 6	 0	 0	 0.000000
 23.35	 1994	 10	 7	 0	 0	 0.000000
 22.86	 1994	 10	 8	 0	 0	 0.000000
 22.41	 1994	 10	 9	 0	 0	 0.000000
 22.27	 1994	 10	 10	 0	 0	 0.000000
 22.29	 1994	 10	 11	 0	 0	 0.000000
 22.21	 1994	 10	 12	 0	 0	 0.000000
 21.94	 1994	 10	 13	 0	 0	 0.000000
 21.52	 1994	 10	 14	 0	 0	 0.000000
 21.28	 1994	 10	 15	 0	 0	 0.000000
 20.58	 1994	 10	 16	 0	 0	 0.000000
 20.75	 1994	 10	 17	 0	 0	 0.000000
 20.95	 1994	 10	 18	 0	 0	 0.000000
 20.86	 1994	 10	 19	 0	 0	 0.000000
 19.96	 1994	 10	 20	 0	 0	 0.000000
 19.58	 1994	 10	 21	 0	 0	 0.000000
 19.07	 1994	 10	 22	 0	 0	 0.000000
 18.97	 1994	 10	 23	 0	 0	 0.000000
 18.89	 1994	 10	 24	 0	 0	 0.000000
 18.69	 1994	 10	 25	 0	 0	 0.000000
 18.65	 1994	 10	 26	 0	 0	 0.000000
 18.5	 1994	 10	 27	 0	 0	 0.000000
 18.33	 1994	 10	 28	 0	 0	 0.000000
 18.61	 1994	 10	 29	 0	 0	 0.000000
 18.73	 1994	 10	 30	 0	 0	 0.000000
 18.76	 1994	 10	 31	 0	 0	 0.000000
 18.68	 1994	 11	 1	 0	 0	 0.000000
 18.58	 1994	 11	 2	 0	 0	 0.000000
 17.83	 1994	 11	 3	 0	 0	 0.000000
 17.35	 1994	 11	 4	 0	 0	 0.000000
 17.22	 1994	 11	 5	 0	 0	 0.000000
 16.86	 1994	 11	 6	 0	 0	 0.000000
 16.49	 1994	 11	 7	 0	 0	 0.000000
 15.61	 1994	 11	 8	 0	 0	 0.000000
 15.4	 1994	 11	 9	 0	 0	 0.000000
 15.36	 1994	 11	 10	 0	 0	 0.000000
 15.01	 1994	 11	 11	 0	 0	 0.000000
 14.56	 1994	 11	 12	 0	 0	 0.000000
 14.4	 1994	 11	 13	 0	 0	 0.000000
 14.27	 1994	 11	 14	 0	 0	 0.000000
 14.45	 1994	 11	 15	 0	 0	 0.000000
 14.52	 1994	 11	 16	 0	 0	 0.000000
 14.19	 1994	 11	 17	 0	 0	 0.000000
 14.06	 1994	 11	 18	 0	 0	 0.000000
 14.06	 1994	 11	 19	 0	 0	 0.000000
 14	 1994	 11	 20	 0	 0	 0.000000
 14.17	 1994	 11	 21	 0	 0	 0.000000
 14.65	 1994	 11	 22	 0	 0	 0.000000
 14.63	 1994	 11	 23	 0	 0	 0.000000
 14.45	 1994	 11	 24	 0	 0	 0.000000
 14.6	 1994	 11	 25	 0	 0	 0.000000
 14.59	 1994	 11	 26	 0	 0	 0.000000
 13.9	 1994	 11	 27	 0	 0	 0.000000
 13.63	 1994	 11	 28	 0	 0	 0.000000
 13.52	 1994	 11	 29	 0	 0	 0.000000
 13.33	 1994	 11	 30	 0	 0	 0.000000
 12.97	 1994	 12	 1	 0	 0	 0.000000
 12.66	 1994	 12	 2	 0	 0	 0.000000
 12.45	 1994	 12	 3	 0	 0	 0.000000
 11.45	 1994	 12	 4	 0	 0	 0.000000
 11.32	 1994	 12	 5	 0	 0	 0.000000
 11.29	 1994	 12	 6	 0	 0	 0.000000
 11.33	 1994	 12	 7	 0	 0	 0.000000
 10.64	 1994	 12	 8	 0	 0	 0.000000
 10.43	 1994	 12	 9	 0	 0	 0.000000
 10.56	 1994	 12	 10	 0	 0	 0.000000
 10.44	 1994	 12	 11	 0	 0	 0.000000
 10.28	 1994	 12	 12	 0	 0	 0.000000
 10.15	 1994	 12	 13	 0	 0	 0.000000
 10.03	 1994	 12	 14	 0	 0	 0.000000
 9.93	 1994	 12	 15	 0	 0	 0.000000
 10.2	 1994	 12	 16	 0	 0	 0.000000
 10.44	 1994	 12	 17	 0	 0	 0.000000
 10.45	 1994	 12	 18	 0	 0	 0.000000
 10.36	 1994	 12	 19	 0	 0	 0.000000
 10.31	 1994	 12	 20	 0	 0	 0.000000
 9.25	 1994	 12	 21	 0	 0	 0.000000
 9.51	 1994	 12	 22	 0	 0	 0.000000
 9.57	 1994	 12	 23	 0	 0	 0.000000
 10.03	 1994	 12	 24	 0	 0	 0.000000
 10.13	 1994	 12	 25	 0	 0	 0.000000
 10.01	 1994	 12	 26	 0	 0	 0.000000
 9.82	 1994	 12	 27	 0	 0	 0.000000
 9.64	 1994	 12	 28	 0	 0	 0.000000
 10.22	 1994	 12	 29	 0	 0	 0.000000
 10.15	 1994	 12	 30	 0	 0	 0.000000
 10.2	 1994	 12	 31	 0	 0	 0.000000
 10.21	 1995	 1	 1	 0	 0	 0.000000
 10.16	 1995	 1	 2	 0	 0	 0.000000
 10.11	 1995	 1	 3	 0	 0	 0.000000
 10.01	 1995	 1	 4	 0	 0	 0.000000
 9.91	 1995	 1	 5	 0	 0	 0.000000
 10.18	 1995	 1	 6	 0	 0	 0.000000
 10.2	 1995	 1	 7	 0	 0	 0.000000
 10.16	 1995	 1	 8	 0	 0	 0.000000
 10.22	 1995	 1	 9	 0	 0	 0.000000
 9.78	 1995	 1	 10	 0	 0	 0.000000
 9.54	 1995	 1	 11	 0	 0	 0.000000
 9.38	 1995	 1	 12	 0	 0	 0.000000
 9.27	 1995	 1	 13	 0	 0	 0.000000
 9.53	 1995	 1	 14	 0	 0	 0.000000
 9.41	 1995	 1	 15	 0	 0	 0.000000
 9.19	 1995	 1	 16	 0	 0	 0.000000
 9	 1995	 1	 17	 0	 0	 0.000000
 8.99	 1995	 1	 18	 0	 0	 0.000000
 8.7	 1995	 1	 19	 0	 0	 0.000000
 8.52	 1995	 1	 20	 0	 0	 0.000000
 8.49	 1995	 1	 21	 0	 0	 0.000000
 8.62	 1995	 1	 22	 0	 0	 0.000000
 8.96	 1995	 1	 23	 0	 0	 0.000000
 9.2	 1995	 1	 24	 0	 0	 0.000000
 9.21	 1995	 1	 25	 0	 0	 0.000000
 9.43	 1995	 1	 26	 0	 0	 0.000000
 8.35	 1995	 1	 27	 0	 0	 0.000000
 7.91	 1995	 1	 28	 0	 0	 0.000000
 7.87	 1995	 1	 29	 0	 0	 0.000000
 7.86	 1995	 1	 30	 0	 0	 0.000000
 7.95	 1995	 1	 31	 0	 0	 0.000000
 8.06	 1995	 2	 1	 0	 0	 0.000000
 8.13	 1995	 2	 2	 0	 0	 0.000000
 8.18	 1995	 2	 3	 0	 0	 0.000000
 8.18	 1995	 2	 4	 0	 0	 0.000000
 8.41	 1995	 2	 5	 0	 0	 0.000000
 9.08	 1995	 2	 6	 0	 0	 0.000000
 9.16	 1995	 2	 7	 0	 0	 0.000000
 9.22	 1995	 2	 8	 0	 0	 0.000000
 9.56	 1995	 2	 9	 0	 0	 0.000000
 9.92	 1995	 2	 10	 0	 0	 0.000000
 10.01	 1995	 2	 11	 0	 0	 0.000000
 9.87	 1995	 2	 12	 0	 0	 0.000000
 9.74	 1995	 2	 13	 0	 0	 0.000000
 9.62	 1995	 2	 14	 0	 0	 0.000000
 9.54	 1995	 2	 15	 0	 0	 0.000000
 9.9	 1995	 2	 16	 0	 0	 0.000000
 10	 1995	 2	 17	 0	 0	 0.000000
 9.8	 1995	 2	 18	 0	 0	 0.000000
 8.89	 1995	 2	 19	 0	 0	 0.000000
 8.77	 1995	 2	 20	 0	 0	 0.000000
 9.16	 1995	 2	 21	 0	 0	 0.000000
 9.27	 1995	 2	 22	 0	 0	 0.000000
 9.29	 1995	 2	 23	 0	 0	 0.000000
 9.28	 1995	 2	 24	 0	 0	 0.000000
 9.37	 1995	 2	 25	 0	 0	 0.000000
 9.39	 1995	 2	 26	 0	 0	 0.000000
 9.36	 1995	 2	 27	 0	 0	 0.000000
 9.21	 1995	 2	 28	 0	 0	 0.000000
 8.83	 1995	 3	 1	 0	 0	 0.000000
 8.74	 1995	 3	 2	 0	 0	 0.000000
 8.75	 1995	 3	 3	 0	 0	 0.000000
 8.76	 1995	 3	 4	 0	 0	 0.000000
 8.78	 1995	 3	 5	 0	 0	 0.000000
 9.01	 1995	 3	 6	 0	 0	 0.000000
 9.89	 1995	 3	 7	 0	 0	 0.000000
 10.04	 1995	 3	 8	 0	 0	 0.000000
 10.06	 1995	 3	 9	 0	 0	 0.000000
 10.03	 1995	 3	 10	 0	 0	 0.000000
 10.01	 1995	 3	 11	 0	 0	 0.000000
 9.98	 1995	 3	 12	 0	 0	 0.000000
 9.11	 1995	 3	 13	 0	 0	 0.000000
 9.01	 1995	 3	 14	 0	 0	 0.000000
 8.9	 1995	 3	 15	 0	 0	 0.000000
 8.36	 1995	 3	 16	 0	 0	 0.000000
 8.91	 1995	 3	 17	 0	 0	 0.000000
 9.43	 1995	 3	 18	 0	 0	 0.000000
 9.46	 1995	 3	 19	 0	 0	 0.000000
 9.3	 1995	 3	 20	 0	 0	 0.000000
 10.08	 1995	 3	 21	 0	 0	 0.000000
 10.45	 1995	 3	 22	 0	 0	 0.000000
 10.49	 1995	 3	 23	 0	 0	 0.000000
 10.55	 1995	 3	 24	 0	 0	 0.000000
 10.61	 1995	 3	 25	 0	 0	 0.000000
 10.74	 1995	 3	 26	 0	 0	 0.000000
 9.64	 1995	 3	 27	 0	 0	 0.000000
 9.44	 1995	 3	 28	 0	 0	 0.000000
 9.44	 1995	 3	 29	 0	 0	 0.000000
 9.45	 1995	 3	 30	 0	 0	 0.000000
 9.47	 1995	 3	 31	 0	 0	 0.000000
 9.54	 1995	 4	 1	 0	 0	 0.000000
 9.36	 1995	 4	 2	 0	 0	 0.000000
 9.69	 1995	 4	 3	 0	 0	 0.000000
 10.07	 1995	 4	 4	 0	 0	 0.000000
 10.13	 1995	 4	 5	 0	 0	 0.000000
 10.06	 1995	 4	 6	 0	 0	 0.000000
 9.88	 1995	 4	 7	 0	 0	 0.000000
 9.77	 1995	 4	 8	 0	 0	 0.000000
 9.8	 1995	 4	 9	 0	 0	 0.000000
 9.9	 1995	 4	 10	 0	 0	 0.000000
 10.11	 1995	 4	 11	 0	 0	 0.000000
 10.43	 1995	 4	 12	 0	 0	 0.000000
 10.55	 1995	 4	 13	 0	 0	 0.000000
 10.46	 1995	 4	 14	 0	 0	 0.000000
 11.02	 1995	 4	 15	 0	 0	 0.000000
 10.78	 1995	 4	 16	 0	 0	 0.000000
 10.81	 1995	 4	 17	 0	 0	 0.000000
 11.23	 1995	 4	 18	 0	 0	 0.000000
 11.43	 1995	 4	 19	 0	 0	 0.000000
 11.62	 1995	 4	 20	 0	 0	 0.000000
 11.01	 1995	 4	 21	 0	 0	 0.000000
 12.9	 1995	 4	 22	 0	 0	 0.000000
 13.28	 1995	 4	 23	 0	 0	 0.000000
 13.3	 1995	 4	 24	 0	 0	 0.000000
 12.51	 1995	 4	 25	 0	 0	 0.000000
 13.03	 1995	 4	 26	 0	 0	 0.000000
 13.92	 1995	 4	 27	 0	 0	 0.000000
 14.05	 1995	 4	 28	 0	 0	 0.000000
 14.17	 1995	 4	 29	 0	 0	 0.000000
 14.19	 1995	 4	 30	 0	 0	 0.000000
 13.66	 1995	 5	 1	 0	 0	 0.000000
 13.12	 1995	 5	 2	 0	 0	 0.000000
 13.81	 1995	 5	 3	 0	 0	 0.000000
 14.01	 1995	 5	 4	 0	 0	 0.000000
 14.08	 1995	 5	 5	 0	 0	 0.000000
 14.09	 1995	 5	 6	 0	 0	 0.000000
 14.02	 1995	 5	 7	 0	 0	 0.000000
 13.71	 1995	 5	 8	 0	 0	 0.000000
 13.31	 1995	 5	 9	 0	 0	 0.000000
 13.55	 1995	 5	 10	 0	 0	 0.000000
 13.73	 1995	 5	 11	 0	 0	 0.000000
 14.31	 1995	 5	 12	 0	 0	 0.000000
 15.17	 1995	 5	 13	 0	 0	 0.000000
 15.34	 1995	 5	 14	 0	 0	 0.000000
 15.52	 1995	 5	 15	 0	 0	 0.000000
 15.14	 1995	 5	 16	 0	 0	 0.000000
 15.32	 1995	 5	 17	 0	 0	 0.000000
 15.48	 1995	 5	 18	 0	 0	 0.000000
 15.49	 1995	 5	 19	 0	 0	 0.000000
 16.81	 1995	 5	 20	 0	 0	 0.000000
 16.37	 1995	 5	 21	 0	 0	 0.000000
 16.34	 1995	 5	 22	 0	 0	 0.000000
 16.52	 1995	 5	 23	 0	 0	 0.000000
 16.81	 1995	 5	 24	 0	 0	 0.000000
 17.27	 1995	 5	 25	 0	 0	 0.000000
 17.23	 1995	 5	 26	 0	 0	 0.000000
 17	 1995	 5	 27	 0	 0	 0.000000
 17.19	 1995	 5	 28	 0	 0	 0.000000
 17.47	 1995	 5	 29	 0	 0	 0.000000
 18.92	 1995	 5	 30	 0	 0	 0.000000
 19.34	 1995	 5	 31	 0	 0	 0.000000
 19.55	 1995	 6	 1	 0	 0	 0.000000
 19.72	 1995	 6	 2	 0	 0	 0.000000
 19.85	 1995	 6	 3	 0	 0	 0.000000
 20.01	 1995	 6	 4	 0	 0	 0.000000
 20.58	 1995	 6	 5	 0	 0	 0.000000
 21.36	 1995	 6	 6	 0	 0	 0.000000
 21.11	 1995	 6	 7	 0	 0	 0.000000
 20.17	 1995	 6	 8	 0	 0	 0.000000
 20.08	 1995	 6	 9	 0	 0	 0.000000
 20.16	 1995	 6	 10	 0	 0	 0.000000
 20.51	 1995	 6	 11	 0	 0	 0.000000
 21.06	 1995	 6	 12	 0	 0	 0.000000
 21.34	 1995	 6	 13	 0	 0	 0.000000
 21.44	 1995	 6	 14	 0	 0	 0.000000
 21.19	 1995	 6	 15	 0	 0	 0.000000
 21.46	 1995	 6	 16	 0	 0	 0.000000
 22.07	 1995	 6	 17	 0	 0	 0.000000
 22.89	 1995	 6	 18	 0	 0	 0.000000
 23.23	 1995	 6	 19	 0	 0	 0.000000
 23.19	 1995	 6	 20	 0	 0	 0.000000
 21.31	 1995	 6	 21	 0	 0	 0.000000
 20.98	 1995	 6	 22	 0	 0	 0.000000
 20.99	 1995	 6	 23	 0	 0	 0.000000
 21.36	 1995	 6	 24	 0	 0	 0.000000
 22.11	 1995	 6	 25	 0	 0	 0.000000
 23.07	 1995	 6	 26	 0	 0	 0.000000
 23.42	 1995	 6	 27	 0	 0	 0.000000
 23.53	 1995	 6	 28	 0	 0	 0.000000
 23.45	 1995	 6	 29	 0	 0	 0.000000
 23.28	 1995	 6	 30	 0	 0	 0.000000
 22.45	 1995	 7	 1	 0	 0	 0.000000
 23.47	 1995	 7	 2	 0	 0	 0.000000
 23.55	 1995	 7	 3	 0	 0	 0.000000
 22.74	 1995	 7	 4	 0	 0	 0.000000
 22.93	 1995	 7	 5	 0	 0	 0.000000
 23.99	 1995	 7	 6	 0	 0	 0.000000
 24.27	 1995	 7	 7	 0	 0	 0.000000
 24.74	 1995	 7	 8	 0	 0	 0.000000
 24.86	 1995	 7	 9	 0	 0	 0.000000
 24.92	 1995	 7	 10	 0	 0	 0.000000
 25.09	 1995	 7	 11	 0	 0	 0.000000
 25.12	 1995	 7	 12	 0	 0	 0.000000
 25.02	 1995	 7	 13	 0	 0	 0.000000
 24.91	 1995	 7	 14	 0	 0	 0.000000
 25.04	 1995	 7	 15	 0	 0	 0.000000
 25.41	 1995	 7	 16	 0	 0	 0.000000
 25.41	 1995	 7	 17	 0	 0	 0.000000
 25.22	 1995	 7	 18	 0	 0	 0.000000
 25.1	 1995	 7	 19	 0	 0	 0.000000
 25	 1995	 7	 20	 0	 0	 0.000000
 25.21	 1995	 7	 21	 0	 0	 0.000000
 25.14	 1995	 7	 22	 0	 0	 0.000000
 24.88	 1995	 7	 23	 0	 0	 0.000000
 24.61	 1995	 7	 24	 0	 0	 0.000000
 24.41	 1995	 7	 25	 0	 0	 0.000000
 24.23	 1995	 7	 26	 0	 0	 0.000000
 24.64	 1995	 7	 27	 0	 0	 0.000000
 24.97	 1995	 7	 28	 0	 0	 0.000000
 25.06	 1995	 7	 29	 0	 0	 0.000000
 23.99	 1995	 7	 30	 0	 0	 0.000000
 23.84	 1995	 7	 31	 0	 0	 0.000000
 23.85	 1995	 8	 1	 0	 0	 0.000000
 24.91	 1995	 8	 2	 0	 0	 0.000000
 24.97	 1995	 8	 3	 0	 0	 0.000000
 24.97	 1995	 8	 4	 0	 0	 0.000000
 25.11	 1995	 8	 5	 0	 0	 0.000000
 25.43	 1995	 8	 6	 0	 0	 0.000000
 25.64	 1995	 8	 7	 0	 0	 0.000000
 25.9	 1995	 8	 8	 0	 0	 0.000000
 25.5	 1995	 8	 9	 0	 0	 0.000000
 25.26	 1995	 8	 10	 0	 0	 0.000000
 25.19	 1995	 8	 11	 0	 0	 0.000000
 25.11	 1995	 8	 12	 0	 0	 0.000000
 24.82	 1995	 8	 13	 0	 0	 0.000000
 24.8	 1995	 8	 14	 0	 0	 0.000000
 24.52	 1995	 8	 15	 0	 0	 0.000000
 24.42	 1995	 8	 16	 0	 0	 0.000000
 24.4	 1995	 8	 17	 0	 0	 0.000000
 24.38	 1995	 8	 18	 0	 0	 0.000000
 24.35	 1995	 8	 19	 0	 0	 0.000000
 24.35	 1995	 8	 20	 0	 0	 0.000000
 24.57	 1995	 8	 21	 0	 0	 0.000000
 24.86	 1995	 8	 22	 0	 0	 0.000000
 25.04	 1995	 8	 23	 0	 0	 0.000000
 25.04	 1995	 8	 24	 0	 0	 0.000000
 24.8	 1995	 8	 25	 0	 0	 0.000000
 25.26	 1995	 8	 26	 0	 0	 0.000000
 25.14	 1995	 8	 27	 0	 0	 0.000000
 24.57	 1995	 8	 28	 0	 0	 0.000000
 24.33	 1995	 8	 29	 0	 0	 0.000000
 24.46	 1995	 8	 30	 0	 0	 0.000000
 24.25	 1995	 8	 31	 0	 0	 0.000000
 24.24	 1995	 9	 1	 0	 0	 0.000000
 24.46	 1995	 9	 2	 0	 0	 0.000000
 24.19	 1995	 9	 3	 0	 0	 0.000000
 24.04	 1995	 9	 4	 0	 0	 0.000000
 24.24	 1995	 9	 5	 0	 0	 0.000000
 25.3	 1995	 9	 6	 0	 0	 0.000000
 25.52	 1995	 9	 7	 0	 0	 0.000000
 25.13	 1995	 9	 8	 0	 0	 0.000000
 24.81	 1995	 9	 9	 0	 0	 0.000000
 24.77	 1995	 9	 10	 0	 0	 0.000000
 24.53	 1995	 9	 11	 0	 0	 0.000000
 24.37	 1995	 9	 12	 0	 0	 0.000000
 24.33	 1995	 9	 13	 0	 0	 0.000000
 24.1	 1995	 9	 14	 0	 0	 0.000000
 23.91	 1995	 9	 15	 0	 0	 0.000000
 24.08	 1995	 9	 16	 0	 0	 0.000000
 24.13	 1995	 9	 17	 0	 0	 0.000000
 23.69	 1995	 9	 18	 0	 0	 0.000000
 23.37	 1995	 9	 19	 0	 0	 0.000000
 22.99	 1995	 9	 20	 0	 0	 0.000000
 22.71	 1995	 9	 21	 0	 0	 0.000000
 22.6	 1995	 9	 22	 0	 0	 0.000000
 22.02	 1995	 9	 23	 0	 0	 0.000000
 21.87	 1995	 9	 24	 0	 0	 0.000000
 21.59	 1995	 9	 25	 0	 0	 0.000000
 21.2	 1995	 9	 26	 0	 0	 0.000000
 21.08	 1995	 9	 27	 0	 0	 0.000000
 21.02	 1995	 9	 28	 0	 0	 0.000000
 21	 1995	 9	 29	 0	 0	 0.000000
 20.71	 1995	 9	 30	 0	 0	 0.000000
 20.12	 1995	 10	 1	 0	 0	 0.000000
 20.12	 1995	 10	 2	 0	 0	 0.000000
 19.89	 1995	 10	 3	 0	 0	 0.000000
 19.74	 1995	 10	 4	 0	 0	 0.000000
 19.43	 1995	 10	 5	 0	 0	 0.000000
 19.45	 1995	 10	 6	 0	 0	 0.000000
 19.24	 1995	 10	 7	 0	 0	 0.000000
 18.96	 1995	 10	 8	 0	 0	 0.000000
 18.73	 1995	 10	 9	 0	 0	 0.000000
 18.64	 1995	 10	 10	 0	 0	 0.000000
 18.6	 1995	 10	 11	 0	 0	 0.000000
 18.44	 1995	 10	 12	 0	 0	 0.000000
 18.34	 1995	 10	 13	 0	 0	 0.000000
 18.19	 1995	 10	 14	 0	 0	 0.000000
 18.25	 1995	 10	 15	 0	 0	 0.000000
 18.35	 1995	 10	 16	 0	 0	 0.000000
 17.85	 1995	 10	 17	 0	 0	 0.000000
 17.76	 1995	 10	 18	 0	 0	 0.000000
 17.77	 1995	 10	 19	 0	 0	 0.000000
 17.74	 1995	 10	 20	 0	 0	 0.000000
 17.73	 1995	 10	 21	 0	 0	 0.000000
 17.69	 1995	 10	 22	 0	 0	 0.000000
 17.45	 1995	 10	 23	 0	 0	 0.000000
 17.43	 1995	 10	 24	 0	 0	 0.000000
 17.46	 1995	 10	 25	 0	 0	 0.000000
 18.19	 1995	 10	 26	 0	 0	 0.000000
 18.42	 1995	 10	 27	 0	 0	 0.000000
 18.31	 1995	 10	 28	 0	 0	 0.000000
 18.21	 1995	 10	 29	 0	 0	 0.000000
 18.18	 1995	 10	 30	 0	 0	 0.000000
 17.67	 1995	 10	 31	 0	 0	 0.000000
 17.42	 1995	 11	 1	 0	 0	 0.000000
 17.09	 1995	 11	 2	 0	 0	 0.000000
 17	 1995	 11	 3	 0	 0	 0.000000
 17.17	 1995	 11	 4	 0	 0	 0.000000
 17.24	 1995	 11	 5	 0	 0	 0.000000
 17.17	 1995	 11	 6	 0	 0	 0.000000
 17.06	 1995	 11	 7	 0	 0	 0.000000
 16.88	 1995	 11	 8	 0	 0	 0.000000
 16.71	 1995	 11	 9	 0	 0	 0.000000
 16.38	 1995	 11	 10	 0	 0	 0.000000
 16.12	 1995	 11	 11	 0	 0	 0.000000
 15.98	 1995	 11	 12	 0	 0	 0.000000
 15.77	 1995	 11	 13	 0	 0	 0.000000
 15.19	 1995	 11	 14	 0	 0	 0.000000
 15.27	 1995	 11	 15	 0	 0	 0.000000
 15.31	 1995	 11	 16	 0	 0	 0.000000
 15.39	 1995	 11	 17	 0	 0	 0.000000
 15.37	 1995	 11	 18	 0	 0	 0.000000
 15.2	 1995	 11	 19	 0	 0	 0.000000
 15.05	 1995	 11	 20	 0	 0	 0.000000
 14.74	 1995	 11	 21	 0	 0	 0.000000
 14.7	 1995	 11	 22	 0	 0	 0.000000
 14.7	 1995	 11	 23	 0	 0	 0.000000
 14.58	 1995	 11	 24	 0	 0	 0.000000
 13.82	 1995	 11	 25	 0	 0	 0.000000
 13.87	 1995	 11	 26	 0	 0	 0.000000
 14.17	 1995	 11	 27	 0	 0	 0.000000
 14.33	 1995	 11	 28	 0	 0	 0.000000
 14.35	 1995	 11	 29	 0	 0	 0.000000
 14.12	 1995	 11	 30	 0	 0	 0.000000
 13.77	 1995	 12	 1	 0	 0	 0.000000
 13.42	 1995	 12	 2	 0	 0	 0.000000
 13.45	 1995	 12	 3	 0	 0	 0.000000
 13.44	 1995	 12	 4	 0	 0	 0.000000
 13.57	 1995	 12	 5	 0	 0	 0.000000
 13.54	 1995	 12	 6	 0	 0	 0.000000
 12.95	 1995	 12	 7	 0	 0	 0.000000
 12.68	 1995	 12	 8	 0	 0	 0.000000
 12.59	 1995	 12	 9	 0	 0	 0.000000
 12.53	 1995	 12	 10	 0	 0	 0.000000
 12.4	 1995	 12	 11	 0	 0	 0.000000
 12.1	 1995	 12	 12	 0	 0	 0.000000
 11.98	 1995	 12	 13	 0	 0	 0.000000
 11.96	 1995	 12	 14	 0	 0	 0.000000
 11.63	 1995	 12	 15	 0	 0	 0.000000
 11.05	 1995	 12	 16	 0	 0	 0.000000
 10.97	 1995	 12	 17	 0	 0	 0.000000
 10.92	 1995	 12	 18	 0	 0	 0.000000
 10.73	 1995	 12	 19	 0	 0	 0.000000
 10.58	 1995	 12	 20	 0	 0	 0.000000
 10.46	 1995	 12	 21	 0	 0	 0.000000
 10.63	 1995	 12	 22	 0	 0	 0.000000
 10.65	 1995	 12	 23	 0	 0	 0.000000
 10.64	 1995	 12	 24	 0	 0	 0.000000
 10.63	 1995	 12	 25	 0	 0	 0.000000
 10.61	 1995	 12	 26	 0	 0	 0.000000
 10.57	 1995	 12	 27	 0	 0	 0.000000
 10.53	 1995	 12	 28	 0	 0	 0.000000
 10.47	 1995	 12	 29	 0	 0	 0.000000
 10.42	 1995	 12	 30	 0	 0	 0.000000
 10.22	 1995	 12	 31	 0	 0	 0.000000
 10.36	 1996	 1	 1	 0	 0	 0.000000
 10.5	 1996	 1	 2	 0	 0	 0.000000
 10.49	 1996	 1	 3	 0	 0	 0.000000
 10.35	 1996	 1	 4	 0	 0	 0.000000
 10.27	 1996	 1	 5	 0	 0	 0.000000
 10.14	 1996	 1	 6	 0	 0	 0.000000
 9.86	 1996	 1	 7	 0	 0	 0.000000
 10.56	 1996	 1	 8	 0	 0	 0.000000
 10.39	 1996	 1	 9	 0	 0	 0.000000
 10.48	 1996	 1	 10	 0	 0	 0.000000
 10.53	 1996	 1	 11	 0	 0	 0.000000
 10.48	 1996	 1	 12	 0	 0	 0.000000
 10.35	 1996	 1	 13	 0	 0	 0.000000
 10.33	 1996	 1	 14	 0	 0	 0.000000
 10.4	 1996	 1	 15	 0	 0	 0.000000
 10	 1996	 1	 16	 0	 0	 0.000000
 9.83	 1996	 1	 17	 0	 0	 0.000000
 9.89	 1996	 1	 18	 0	 0	 0.000000
 9.81	 1996	 1	 19	 0	 0	 0.000000
 9.62	 1996	 1	 20	 0	 0	 0.000000
 9.67	 1996	 1	 21	 0	 0	 0.000000
 9.57	 1996	 1	 22	 0	 0	 0.000000
 9.44	 1996	 1	 23	 0	 0	 0.000000
 9.43	 1996	 1	 24	 0	 0	 0.000000
 9.48	 1996	 1	 25	 0	 0	 0.000000
 9.46	 1996	 1	 26	 0	 0	 0.000000
 9.42	 1996	 1	 27	 0	 0	 0.000000
 9.24	 1996	 1	 28	 0	 0	 0.000000
 9.19	 1996	 1	 29	 0	 0	 0.000000
 9.12	 1996	 1	 30	 0	 0	 0.000000
 9.06	 1996	 1	 31	 0	 0	 0.000000
 9.16	 1996	 2	 1	 0	 0	 0.000000
 9.11	 1996	 2	 2	 0	 0	 0.000000
 9.14	 1996	 2	 3	 0	 0	 0.000000
 9.18	 1996	 2	 4	 0	 0	 0.000000
 9.19	 1996	 2	 5	 0	 0	 0.000000
 9.16	 1996	 2	 6	 0	 0	 0.000000
 9.1	 1996	 2	 7	 0	 0	 0.000000
 8.23	 1996	 2	 8	 0	 0	 0.000000
 8.13	 1996	 2	 9	 0	 0	 0.000000
 8.14	 1996	 2	 10	 0	 0	 0.000000
 8.12	 1996	 2	 11	 0	 0	 0.000000
 8.04	 1996	 2	 12	 0	 0	 0.000000
 8.19	 1996	 2	 13	 0	 0	 0.000000
 8.96	 1996	 2	 14	 0	 0	 0.000000
 9.48	 1996	 2	 15	 0	 0	 0.000000
 9.58	 1996	 2	 16	 0	 0	 0.000000
 9.4	 1996	 2	 17	 0	 0	 0.000000
 9.04	 1996	 2	 18	 0	 0	 0.000000
 8.98	 1996	 2	 19	 0	 0	 0.000000
 9.03	 1996	 2	 20	 0	 0	 0.000000
 8.97	 1996	 2	 21	 0	 0	 0.000000
 8.98	 1996	 2	 22	 0	 0	 0.000000
 9.25	 1996	 2	 23	 0	 0	 0.000000
 9.37	 1996	 2	 24	 0	 0	 0.000000
 9.05	 1996	 2	 25	 0	 0	 0.000000
 8.74	 1996	 2	 26	 0	 0	 0.000000
 8.64	 1996	 2	 27	 0	 0	 0.000000
 8.34	 1996	 2	 28	 0	 0	 0.000000
 8.26	 1996	 2	 29	 0	 0	 0.000000
 8.14	 1996	 3	 1	 0	 0	 0.000000
 8.09	 1996	 3	 2	 0	 0	 0.000000
 8	 1996	 3	 3	 0	 0	 0.000000
 7.89	 1996	 3	 4	 0	 0	 0.000000
 7.87	 1996	 3	 5	 0	 0	 0.000000
 7.87	 1996	 3	 6	 0	 0	 0.000000
 7.87	 1996	 3	 7	 0	 0	 0.000000
 7.87	 1996	 3	 8	 0	 0	 0.000000
 7.88	 1996	 3	 9	 0	 0	 0.000000
 7.89	 1996	 3	 10	 0	 0	 0.000000
 7.81	 1996	 3	 11	 0	 0	 0.000000
 7.73	 1996	 3	 12	 0	 0	 0.000000
 8.28	 1996	 3	 13	 0	 0	 0.000000
 8.65	 1996	 3	 14	 0	 0	 0.000000
 8.87	 1996	 3	 15	 0	 0	 0.000000
 9.07	 1996	 3	 16	 0	 0	 0.000000
 9.09	 1996	 3	 17	 0	 0	 0.000000
 9.06	 1996	 3	 18	 0	 0	 0.000000
 8.54	 1996	 3	 19	 0	 0	 0.000000
 8.29	 1996	 3	 20	 0	 0	 0.000000
 8.03	 1996	 3	 21	 0	 0	 0.000000
 7.85	 1996	 3	 22	 0	 0	 0.000000
 7.86	 1996	 3	 23	 0	 0	 0.000000
 7.98	 1996	 3	 24	 0	 0	 0.000000
 8.09	 1996	 3	 25	 0	 0	 0.000000
 8.15	 1996	 3	 26	 0	 0	 0.000000
 7.66	 1996	 3	 27	 0	 0	 0.000000
 7.62	 1996	 3	 28	 0	 0	 0.000000
 7.61	 1996	 3	 29	 0	 0	 0.000000
 8.18	 1996	 3	 30	 0	 0	 0.000000
 8.22	 1996	 3	 31	 0	 0	 0.000000
 8.64	 1996	 4	 1	 0	 0	 0.000000
 9.27	 1996	 4	 2	 0	 0	 0.000000
 9.2	 1996	 4	 3	 0	 0	 0.000000
 9.49	 1996	 4	 4	 0	 0	 0.000000
 8.72	 1996	 4	 5	 0	 0	 0.000000
 8.61	 1996	 4	 6	 0	 0	 0.000000
 8.58	 1996	 4	 7	 0	 0	 0.000000
 8.6	 1996	 4	 8	 0	 0	 0.000000
 8.44	 1996	 4	 9	 0	 0	 0.000000
 9.04	 1996	 4	 10	 0	 0	 0.000000
 9.47	 1996	 4	 11	 0	 0	 0.000000
 9.35	 1996	 4	 12	 0	 0	 0.000000
 8.87	 1996	 4	 13	 0	 0	 0.000000
 8.84	 1996	 4	 14	 0	 0	 0.000000
 9.17	 1996	 4	 15	 0	 0	 0.000000
 9.56	 1996	 4	 16	 0	 0	 0.000000
 9.64	 1996	 4	 17	 0	 0	 0.000000
 9.74	 1996	 4	 18	 0	 0	 0.000000
 9.52	 1996	 4	 19	 0	 0	 0.000000
 9.33	 1996	 4	 20	 0	 0	 0.000000
 9.27	 1996	 4	 21	 0	 0	 0.000000
 10.1	 1996	 4	 22	 0	 0	 0.000000
 9.89	 1996	 4	 23	 0	 0	 0.000000
 9.96	 1996	 4	 24	 0	 0	 0.000000
 9.66	 1996	 4	 25	 0	 0	 0.000000
 10.89	 1996	 4	 26	 0	 0	 0.000000
 11.31	 1996	 4	 27	 0	 0	 0.000000
 12.15	 1996	 4	 28	 0	 0	 0.000000
 13.2	 1996	 4	 29	 0	 0	 0.000000
 13.74	 1996	 4	 30	 0	 0	 0.000000
 14.06	 1996	 5	 1	 0	 0	 0.000000
 13.16	 1996	 5	 2	 0	 0	 0.000000
 12.99	 1996	 5	 3	 0	 0	 0.000000
 13.07	 1996	 5	 4	 0	 0	 0.000000
 13.09	 1996	 5	 5	 0	 0	 0.000000
 13.28	 1996	 5	 6	 0	 0	 0.000000
 13.45	 1996	 5	 7	 0	 0	 0.000000
 13.59	 1996	 5	 8	 0	 0	 0.000000
 13.71	 1996	 5	 9	 0	 0	 0.000000
 15.42	 1996	 5	 10	 0	 0	 0.000000
 16.08	 1996	 5	 11	 0	 0	 0.000000
 16.5	 1996	 5	 12	 0	 0	 0.000000
 16.47	 1996	 5	 13	 0	 0	 0.000000
 15.68	 1996	 5	 14	 0	 0	 0.000000
 15.38	 1996	 5	 15	 0	 0	 0.000000
 15.41	 1996	 5	 16	 0	 0	 0.000000
 16.25	 1996	 5	 17	 0	 0	 0.000000
 16.31	 1996	 5	 18	 0	 0	 0.000000
 16.34	 1996	 5	 19	 0	 0	 0.000000
 17.72	 1996	 5	 20	 0	 0	 0.000000
 17.8	 1996	 5	 21	 0	 0	 0.000000
 17.9	 1996	 5	 22	 0	 0	 0.000000
 17.57	 1996	 5	 23	 0	 0	 0.000000
 17.57	 1996	 5	 24	 0	 0	 0.000000
 17.72	 1996	 5	 25	 0	 0	 0.000000
 18.05	 1996	 5	 26	 0	 0	 0.000000
 18.34	 1996	 5	 27	 0	 0	 0.000000
 19.06	 1996	 5	 28	 0	 0	 0.000000
 19.57	 1996	 5	 29	 0	 0	 0.000000
 19.48	 1996	 5	 30	 0	 0	 0.000000
 19.09	 1996	 5	 31	 0	 0	 0.000000
 19.06	 1996	 6	 1	 0	 0	 0.000000
 17.95	 1996	 6	 2	 0	 0	 0.000000
 17.96	 1996	 6	 3	 0	 0	 0.000000
 17.98	 1996	 6	 4	 0	 0	 0.000000
 18.18	 1996	 6	 5	 0	 0	 0.000000
 18.06	 1996	 6	 6	 0	 0	 0.000000
 17.9	 1996	 6	 7	 0	 0	 0.000000
 18.13	 1996	 6	 8	 0	 0	 0.000000
 18.32	 1996	 6	 9	 0	 0	 0.000000
 18.64	 1996	 6	 10	 0	 0	 0.000000
 19.17	 1996	 6	 11	 0	 0	 0.000000
 19.51	 1996	 6	 12	 0	 0	 0.000000
 20.62	 1996	 6	 13	 0	 0	 0.000000
 20.7	 1996	 6	 14	 0	 0	 0.000000
 20.79	 1996	 6	 15	 0	 0	 0.000000
 21.35	 1996	 6	 16	 0	 0	 0.000000
 21.27	 1996	 6	 17	 0	 0	 0.000000
 20.14	 1996	 6	 18	 0	 0	 0.000000
 20.28	 1996	 6	 19	 0	 0	 0.000000
 20.12	 1996	 6	 20	 0	 0	 0.000000
 20.1	 1996	 6	 21	 0	 0	 0.000000
 20.21	 1996	 6	 22	 0	 0	 0.000000
 20.46	 1996	 6	 23	 0	 0	 0.000000
 20.43	 1996	 6	 24	 0	 0	 0.000000
 21.02	 1996	 6	 25	 0	 0	 0.000000
 21.86	 1996	 6	 26	 0	 0	 0.000000
 22.5	 1996	 6	 27	 0	 0	 0.000000
 22.8	 1996	 6	 28	 0	 0	 0.000000
 22.53	 1996	 6	 29	 0	 0	 0.000000
 22.11	 1996	 6	 30	 0	 0	 0.000000
 22.51	 1996	 7	 1	 0	 0	 0.000000
 23.35	 1996	 7	 2	 0	 0	 0.000000
 23.67	 1996	 7	 3	 0	 0	 0.000000
 24.17	 1996	 7	 4	 0	 0	 0.000000
 24.19	 1996	 7	 5	 0	 0	 0.000000
 24.75	 1996	 7	 6	 0	 0	 0.000000
 25.19	 1996	 7	 7	 0	 0	 0.000000
 25.29	 1996	 7	 8	 0	 0	 0.000000
 25.58	 1996	 7	 9	 0	 0	 0.000000
 26.08	 1996	 7	 10	 0	 0	 0.000000
 26.4	 1996	 7	 11	 0	 0	 0.000000
 26.29	 1996	 7	 12	 0	 0	 0.000000
 26.17	 1996	 7	 13	 0	 0	 0.000000
 26.52	 1996	 7	 14	 0	 0	 0.000000
 26.59	 1996	 7	 15	 0	 0	 0.000000
 26.49	 1996	 7	 16	 0	 0	 0.000000
 26.47	 1996	 7	 17	 0	 0	 0.000000
 25.87	 1996	 7	 18	 0	 0	 0.000000
 25.4	 1996	 7	 19	 0	 0	 0.000000
 25.12	 1996	 7	 20	 0	 0	 0.000000
 24.99	 1996	 7	 21	 0	 0	 0.000000
 24.69	 1996	 7	 22	 0	 0	 0.000000
 24.72	 1996	 7	 23	 0	 0	 0.000000
 24.12	 1996	 7	 24	 0	 0	 0.000000
 24.08	 1996	 7	 25	 0	 0	 0.000000
 23.79	 1996	 7	 26	 0	 0	 0.000000
 23.37	 1996	 7	 27	 0	 0	 0.000000
 23.49	 1996	 7	 28	 0	 0	 0.000000
 23.65	 1996	 7	 29	 0	 0	 0.000000
 23.73	 1996	 7	 30	 0	 0	 0.000000
 24.08	 1996	 7	 31	 0	 0	 0.000000
 24.49	 1996	 8	 1	 0	 0	 0.000000
 24.53	 1996	 8	 2	 0	 0	 0.000000
 24.59	 1996	 8	 3	 0	 0	 0.000000
 24.68	 1996	 8	 4	 0	 0	 0.000000
 24.87	 1996	 8	 5	 0	 0	 0.000000
 25.07	 1996	 8	 6	 0	 0	 0.000000
 25.18	 1996	 8	 7	 0	 0	 0.000000
 24.92	 1996	 8	 8	 0	 0	 0.000000
 25.25	 1996	 8	 9	 0	 0	 0.000000
 24.68	 1996	 8	 10	 0	 0	 0.000000
 24.28	 1996	 8	 11	 0	 0	 0.000000
 24.64	 1996	 8	 12	 0	 0	 0.000000
 24.69	 1996	 8	 13	 0	 0	 0.000000
 24.55	 1996	 8	 14	 0	 0	 0.000000
 24.61	 1996	 8	 15	 0	 0	 0.000000
 25.09	 1996	 8	 16	 0	 0	 0.000000
 25.99	 1996	 8	 17	 0	 0	 0.000000
 25.77	 1996	 8	 18	 0	 0	 0.000000
 25.81	 1996	 8	 19	 0	 0	 0.000000
 25.85	 1996	 8	 20	 0	 0	 0.000000
 25.84	 1996	 8	 21	 0	 0	 0.000000
 25.42	 1996	 8	 22	 0	 0	 0.000000
 25.33	 1996	 8	 23	 0	 0	 0.000000
 25.47	 1996	 8	 24	 0	 0	 0.000000
 25.23	 1996	 8	 25	 0	 0	 0.000000
 24.79	 1996	 8	 26	 0	 0	 0.000000
 24.94	 1996	 8	 27	 0	 0	 0.000000
 25.27	 1996	 8	 28	 0	 0	 0.000000
 25.17	 1996	 8	 29	 0	 0	 0.000000
 24.46	 1996	 8	 30	 0	 0	 0.000000
 24.7	 1996	 8	 31	 0	 0	 0.000000
 24.21	 1996	 9	 1	 0	 0	 0.000000
 24.26	 1996	 9	 2	 0	 0	 0.000000
 24.21	 1996	 9	 3	 0	 0	 0.000000
 24.43	 1996	 9	 4	 0	 0	 0.000000
 24.43	 1996	 9	 5	 0	 0	 0.000000
 24.35	 1996	 9	 6	 0	 0	 0.000000
 24.34	 1996	 9	 7	 0	 0	 0.000000
 24.44	 1996	 9	 8	 0	 0	 0.000000
 24.42	 1996	 9	 9	 0	 0	 0.000000
 23.24	 1996	 9	 10	 0	 0	 0.000000
 23.19	 1996	 9	 11	 0	 0	 0.000000
 23.04	 1996	 9	 12	 0	 0	 0.000000
 23.13	 1996	 9	 13	 0	 0	 0.000000
 22.85	 1996	 9	 14	 0	 0	 0.000000
 22.53	 1996	 9	 15	 0	 0	 0.000000
 22.56	 1996	 9	 16	 0	 0	 0.000000
 22.91	 1996	 9	 17	 0	 0	 0.000000
 23.25	 1996	 9	 18	 0	 0	 0.000000
 22.72	 1996	 9	 19	 0	 0	 0.000000
 22	 1996	 9	 20	 0	 0	 0.000000
 21.97	 1996	 9	 21	 0	 0	 0.000000
 22.18	 1996	 9	 22	 0	 0	 0.000000
 22.25	 1996	 9	 23	 0	 0	 0.000000
 22.22	 1996	 9	 24	 0	 0	 0.000000
 22.53	 1996	 9	 25	 0	 0	 0.000000
 22.74	 1996	 9	 26	 0	 0	 0.000000
 22.71	 1996	 9	 27	 0	 0	 0.000000
 22.49	 1996	 9	 28	 0	 0	 0.000000
 22.35	 1996	 9	 29	 0	 0	 0.000000
 21.48	 1996	 9	 30	 0	 0	 0.000000
 21.37	 1996	 10	 1	 0	 0	 0.000000
 21.16	 1996	 10	 2	 0	 0	 0.000000
 21.13	 1996	 10	 3	 0	 0	 0.000000
 20.98	 1996	 10	 4	 0	 0	 0.000000
 20.6	 1996	 10	 5	 0	 0	 0.000000
 20.42	 1996	 10	 6	 0	 0	 0.000000
 20.47	 1996	 10	 7	 0	 0	 0.000000
 20.39	 1996	 10	 8	 0	 0	 0.000000
 20.44	 1996	 10	 9	 0	 0	 0.000000
 20.44	 1996	 10	 10	 0	 0	 0.000000
 20.44	 1996	 10	 11	 0	 0	 0.000000
 19.81	 1996	 10	 12	 0	 0	 0.000000
 19.75	 1996	 10	 13	 0	 0	 0.000000
 19.62	 1996	 10	 14	 0	 0	 0.000000
 19.43	 1996	 10	 15	 0	 0	 0.000000
 19.68	 1996	 10	 16	 0	 0	 0.000000
 19.83	 1996	 10	 17	 0	 0	 0.000000
 19.8	 1996	 10	 18	 0	 0	 0.000000
 19.86	 1996	 10	 19	 0	 0	 0.000000
 19.85	 1996	 10	 20	 0	 0	 0.000000
 19.63	 1996	 10	 21	 0	 0	 0.000000
 19.19	 1996	 10	 22	 0	 0	 0.000000
 18.96	 1996	 10	 23	 0	 0	 0.000000
 18.69	 1996	 10	 24	 0	 0	 0.000000
 18.63	 1996	 10	 25	 0	 0	 0.000000
 18.73	 1996	 10	 26	 0	 0	 0.000000
 17.93	 1996	 10	 27	 0	 0	 0.000000
 17.77	 1996	 10	 28	 0	 0	 0.000000
 17.7	 1996	 10	 29	 0	 0	 0.000000
 17.71	 1996	 10	 30	 0	 0	 0.000000
 17.47	 1996	 10	 31	 0	 0	 0.000000
 16.87	 1996	 11	 1	 0	 0	 0.000000
 16.72	 1996	 11	 2	 0	 0	 0.000000
 16.59	 1996	 11	 3	 0	 0	 0.000000
 15.64	 1996	 11	 4	 0	 0	 0.000000
 15.7	 1996	 11	 5	 0	 0	 0.000000
 15.98	 1996	 11	 6	 0	 0	 0.000000
 15.82	 1996	 11	 7	 0	 0	 0.000000
 15.96	 1996	 11	 8	 0	 0	 0.000000
 15.99	 1996	 11	 9	 0	 0	 0.000000
 15.65	 1996	 11	 10	 0	 0	 0.000000
 15.3	 1996	 11	 11	 0	 0	 0.000000
 15.1	 1996	 11	 12	 0	 0	 0.000000
 14.98	 1996	 11	 13	 0	 0	 0.000000
 14.79	 1996	 11	 14	 0	 0	 0.000000
 14.73	 1996	 11	 15	 0	 0	 0.000000
 14.83	 1996	 11	 16	 0	 0	 0.000000
 14.78	 1996	 11	 17	 0	 0	 0.000000
 14.8	 1996	 11	 18	 0	 0	 0.000000
 15.08	 1996	 11	 19	 0	 0	 0.000000
 15.45	 1996	 11	 20	 0	 0	 0.000000
 15.34	 1996	 11	 21	 0	 0	 0.000000
 15.17	 1996	 11	 22	 0	 0	 0.000000
 15.13	 1996	 11	 23	 0	 0	 0.000000
 14.53	 1996	 11	 24	 0	 0	 0.000000
 14.4	 1996	 11	 25	 0	 0	 0.000000
 14.29	 1996	 11	 26	 0	 0	 0.000000
 14.35	 1996	 11	 27	 0	 0	 0.000000
 14.6	 1996	 11	 28	 0	 0	 0.000000
 14.37	 1996	 11	 29	 0	 0	 0.000000
 14.29	 1996	 11	 30	 0	 0	 0.000000
 14.29	 1996	 12	 1	 0	 0	 0.000000
 14.22	 1996	 12	 2	 0	 0	 0.000000
 14.15	 1996	 12	 3	 0	 0	 0.000000
 13.95	 1996	 12	 4	 0	 0	 0.000000
 14.04	 1996	 12	 5	 0	 0	 0.000000
 14.02	 1996	 12	 6	 0	 0	 0.000000
 13.23	 1996	 12	 7	 0	 0	 0.000000
 12.73	 1996	 12	 8	 0	 0	 0.000000
 12.61	 1996	 12	 9	 0	 0	 0.000000
 12.62	 1996	 12	 10	 0	 0	 0.000000
 12.81	 1996	 12	 11	 0	 0	 0.000000
 12.82	 1996	 12	 12	 0	 0	 0.000000
 13.02	 1996	 12	 13	 0	 0	 0.000000
 13.05	 1996	 12	 14	 0	 0	 0.000000
 13.2	 1996	 12	 15	 0	 0	 0.000000
 13.04	 1996	 12	 16	 0	 0	 0.000000
 12.92	 1996	 12	 17	 0	 0	 0.000000
 12.87	 1996	 12	 18	 0	 0	 0.000000
 12.82	 1996	 12	 19	 0	 0	 0.000000
 12.81	 1996	 12	 20	 0	 0	 0.000000
 12.68	 1996	 12	 21	 0	 0	 0.000000
 12.61	 1996	 12	 22	 0	 0	 0.000000
 12.52	 1996	 12	 23	 0	 0	 0.000000
 12.44	 1996	 12	 24	 0	 0	 0.000000
 12.35	 1996	 12	 25	 0	 0	 0.000000
 12.26	 1996	 12	 26	 0	 0	 0.000000
 12.17	 1996	 12	 27	 0	 0	 0.000000
 12.08	 1996	 12	 28	 0	 0	 0.000000
 11.98	 1996	 12	 29	 0	 0	 0.000000
 11.57	 1996	 12	 30	 0	 0	 0.000000
 11.67	 1996	 12	 31	 0	 0	 0.000000
 11.74	 1997	 1	 1	 0	 0	 0.000000
 11.53	 1997	 1	 2	 0	 0	 0.000000
 11.4	 1997	 1	 3	 0	 0	 0.000000
 11.28	 1997	 1	 4	 0	 0	 0.000000
 11.17	 1997	 1	 5	 0	 0	 0.000000
 11.23	 1997	 1	 6	 0	 0	 0.000000
 11.38	 1997	 1	 7	 0	 0	 0.000000
 11.36	 1997	 1	 8	 0	 0	 0.000000
 11.26	 1997	 1	 9	 0	 0	 0.000000
 11.29	 1997	 1	 10	 0	 0	 0.000000
 10.32	 1997	 1	 11	 0	 0	 0.000000
 10.25	 1997	 1	 12	 0	 0	 0.000000
 10.74	 1997	 1	 13	 0	 0	 0.000000
 10.97	 1997	 1	 14	 0	 0	 0.000000
 10.88	 1997	 1	 15	 0	 0	 0.000000
 10.38	 1997	 1	 16	 0	 0	 0.000000
 10.31	 1997	 1	 17	 0	 0	 0.000000
 10.39	 1997	 1	 18	 0	 0	 0.000000
 10.55	 1997	 1	 19	 0	 0	 0.000000
 10.55	 1997	 1	 20	 0	 0	 0.000000
 10.53	 1997	 1	 21	 0	 0	 0.000000
 10.09	 1997	 1	 22	 0	 0	 0.000000
 9.55	 1997	 1	 23	 0	 0	 0.000000
 9.42	 1997	 1	 24	 0	 0	 0.000000
 9.46	 1997	 1	 25	 0	 0	 0.000000
 9.6	 1997	 1	 26	 0	 0	 0.000000
 9.45	 1997	 1	 27	 0	 0	 0.000000
 9.44	 1997	 1	 28	 0	 0	 0.000000
 9.33	 1997	 1	 29	 0	 0	 0.000000
 9	 1997	 1	 30	 0	 0	 0.000000
 8.92	 1997	 1	 31	 0	 0	 0.000000
 8.29	 1997	 2	 1	 0	 0	 0.000000
 8.07	 1997	 2	 2	 0	 0	 0.000000
 8.15	 1997	 2	 3	 0	 0	 0.000000
 7.95	 1997	 2	 4	 0	 0	 0.000000
 7.84	 1997	 2	 5	 0	 0	 0.000000
 7.78	 1997	 2	 6	 0	 0	 0.000000
 8.45	 1997	 2	 7	 0	 0	 0.000000
 8.58	 1997	 2	 8	 0	 0	 0.000000
 8.29	 1997	 2	 9	 0	 0	 0.000000
 7.88	 1997	 2	 10	 0	 0	 0.000000
 8.08	 1997	 2	 11	 0	 0	 0.000000
 8.24	 1997	 2	 12	 0	 0	 0.000000
 8.27	 1997	 2	 13	 0	 0	 0.000000
 8.25	 1997	 2	 14	 0	 0	 0.000000
 9.02	 1997	 2	 15	 0	 0	 0.000000
 9.15	 1997	 2	 16	 0	 0	 0.000000
 9.11	 1997	 2	 17	 0	 0	 0.000000
 8.64	 1997	 2	 18	 0	 0	 0.000000
 8.71	 1997	 2	 19	 0	 0	 0.000000
 8.76	 1997	 2	 20	 0	 0	 0.000000
 8.78	 1997	 2	 21	 0	 0	 0.000000
 8.56	 1997	 2	 22	 0	 0	 0.000000
 8.64	 1997	 2	 23	 0	 0	 0.000000
 8.6	 1997	 2	 24	 0	 0	 0.000000
 8.67	 1997	 2	 25	 0	 0	 0.000000
 8.83	 1997	 2	 26	 0	 0	 0.000000
 8.6	 1997	 2	 27	 0	 0	 0.000000
 8.41	 1997	 2	 28	 0	 0	 0.000000
 8.41	 1997	 3	 1	 0	 0	 0.000000
 8.65	 1997	 3	 2	 0	 0	 0.000000
 8.58	 1997	 3	 3	 0	 0	 0.000000
 8.54	 1997	 3	 4	 0	 0	 0.000000
 8.46	 1997	 3	 5	 0	 0	 0.000000
 8.27	 1997	 3	 6	 0	 0	 0.000000
 8.26	 1997	 3	 7	 0	 0	 0.000000
 8.22	 1997	 3	 8	 0	 0	 0.000000
 7.9	 1997	 3	 9	 0	 0	 0.000000
 8.55	 1997	 3	 10	 0	 0	 0.000000
 8.83	 1997	 3	 11	 0	 0	 0.000000
 8.7	 1997	 3	 12	 0	 0	 0.000000
 8.48	 1997	 3	 13	 0	 0	 0.000000
 8.59	 1997	 3	 14	 0	 0	 0.000000
 8.72	 1997	 3	 15	 0	 0	 0.000000
 8.75	 1997	 3	 16	 0	 0	 0.000000
 8.36	 1997	 3	 17	 0	 0	 0.000000
 7.91	 1997	 3	 18	 0	 0	 0.000000
 7.84	 1997	 3	 19	 0	 0	 0.000000
 7.79	 1997	 3	 20	 0	 0	 0.000000
 7.49	 1997	 3	 21	 0	 0	 0.000000
 7.15	 1997	 3	 22	 0	 0	 0.000000
 7.21	 1997	 3	 23	 0	 0	 0.000000
 7.62	 1997	 3	 24	 0	 0	 0.000000
 7.64	 1997	 3	 25	 0	 0	 0.000000
 7.66	 1997	 3	 26	 0	 0	 0.000000
 7.57	 1997	 3	 27	 0	 0	 0.000000
 8.05	 1997	 3	 28	 0	 0	 0.000000
 8.17	 1997	 3	 29	 0	 0	 0.000000
 8.67	 1997	 3	 30	 0	 0	 0.000000
 8.67	 1997	 3	 31	 0	 0	 0.000000
 9.6	 1997	 4	 1	 0	 0	 0.000000
 9.72	 1997	 4	 2	 0	 0	 0.000000
 9.63	 1997	 4	 3	 0	 0	 0.000000
 9.77	 1997	 4	 4	 0	 0	 0.000000
 9.54	 1997	 4	 5	 0	 0	 0.000000
 9.6	 1997	 4	 6	 0	 0	 0.000000
 9.83	 1997	 4	 7	 0	 0	 0.000000
 9.76	 1997	 4	 8	 0	 0	 0.000000
 9.74	 1997	 4	 9	 0	 0	 0.000000
 9.49	 1997	 4	 10	 0	 0	 0.000000
 9.18	 1997	 4	 11	 0	 0	 0.000000
 9.55	 1997	 4	 12	 0	 0	 0.000000
 10.34	 1997	 4	 13	 0	 0	 0.000000
 10.52	 1997	 4	 14	 0	 0	 0.000000
 10.48	 1997	 4	 15	 0	 0	 0.000000
 10.42	 1997	 4	 16	 0	 0	 0.000000
 10.77	 1997	 4	 17	 0	 0	 0.000000
 11	 1997	 4	 18	 0	 0	 0.000000
 10.32	 1997	 4	 19	 0	 0	 0.000000
 10.28	 1997	 4	 20	 0	 0	 0.000000
 10.41	 1997	 4	 21	 0	 0	 0.000000
 10.23	 1997	 4	 22	 0	 0	 0.000000
 10.09	 1997	 4	 23	 0	 0	 0.000000
 10.3	 1997	 4	 24	 0	 0	 0.000000
 10.5	 1997	 4	 25	 0	 0	 0.000000
 10.69	 1997	 4	 26	 0	 0	 0.000000
 10.85	 1997	 4	 27	 0	 0	 0.000000
 11.02	 1997	 4	 28	 0	 0	 0.000000
 11.32	 1997	 4	 29	 0	 0	 0.000000
 11.44	 1997	 4	 30	 0	 0	 0.000000
 11.86	 1997	 5	 1	 0	 0	 0.000000
 11.91	 1997	 5	 2	 0	 0	 0.000000
 11.95	 1997	 5	 3	 0	 0	 0.000000
 11.84	 1997	 5	 4	 0	 0	 0.000000
 12.37	 1997	 5	 5	 0	 0	 0.000000
 12.7	 1997	 5	 6	 0	 0	 0.000000
 12.87	 1997	 5	 7	 0	 0	 0.000000
 13.69	 1997	 5	 8	 0	 0	 0.000000
 14.64	 1997	 5	 9	 0	 0	 0.000000
 15.54	 1997	 5	 10	 0	 0	 0.000000
 16.31	 1997	 5	 11	 0	 0	 0.000000
 16.33	 1997	 5	 12	 0	 0	 0.000000
 17.06	 1997	 5	 13	 0	 0	 0.000000
 17.86	 1997	 5	 14	 0	 0	 0.000000
 17.92	 1997	 5	 15	 0	 0	 0.000000
 17.81	 1997	 5	 16	 0	 0	 0.000000
 17.54	 1997	 5	 17	 0	 0	 0.000000
 19.28	 1997	 5	 18	 0	 0	 0.000000
 19.24	 1997	 5	 19	 0	 0	 0.000000
 19.18	 1997	 5	 20	 0	 0	 0.000000
 19.21	 1997	 5	 21	 0	 0	 0.000000
 19.6	 1997	 5	 22	 0	 0	 0.000000
 19.98	 1997	 5	 23	 0	 0	 0.000000
 20.16	 1997	 5	 24	 0	 0	 0.000000
 20.15	 1997	 5	 25	 0	 0	 0.000000
 19.55	 1997	 5	 26	 0	 0	 0.000000
 18.54	 1997	 5	 27	 0	 0	 0.000000
 18.49	 1997	 5	 28	 0	 0	 0.000000
 18.64	 1997	 5	 29	 0	 0	 0.000000
 18.69	 1997	 5	 30	 0	 0	 0.000000
 18.67	 1997	 5	 31	 0	 0	 0.000000
 18.12	 1997	 6	 1	 0	 0	 0.000000
 18.22	 1997	 6	 2	 0	 0	 0.000000
 17.91	 1997	 6	 3	 0	 0	 0.000000
 17.61	 1997	 6	 4	 0	 0	 0.000000
 17.58	 1997	 6	 5	 0	 0	 0.000000
 18.05	 1997	 6	 6	 0	 0	 0.000000
 17.97	 1997	 6	 7	 0	 0	 0.000000
 18.02	 1997	 6	 8	 0	 0	 0.000000
 19.67	 1997	 6	 9	 0	 0	 0.000000
 20.18	 1997	 6	 10	 0	 0	 0.000000
 20.23	 1997	 6	 11	 0	 0	 0.000000
 20.17	 1997	 6	 12	 0	 0	 0.000000
 20.61	 1997	 6	 13	 0	 0	 0.000000
 20.3	 1997	 6	 14	 0	 0	 0.000000
 21.64	 1997	 6	 15	 0	 0	 0.000000
 21.8	 1997	 6	 16	 0	 0	 0.000000
 21.57	 1997	 6	 17	 0	 0	 0.000000
 21.58	 1997	 6	 18	 0	 0	 0.000000
 21.95	 1997	 6	 19	 0	 0	 0.000000
 22.48	 1997	 6	 20	 0	 0	 0.000000
 22.41	 1997	 6	 21	 0	 0	 0.000000
 22.57	 1997	 6	 22	 0	 0	 0.000000
 22.88	 1997	 6	 23	 0	 0	 0.000000
 23.28	 1997	 6	 24	 0	 0	 0.000000
 23.24	 1997	 6	 25	 0	 0	 0.000000
 23.25	 1997	 6	 26	 0	 0	 0.000000
 23.02	 1997	 6	 27	 0	 0	 0.000000
 22.91	 1997	 6	 28	 0	 0	 0.000000
 22.94	 1997	 6	 29	 0	 0	 0.000000
 22.92	 1997	 6	 30	 0	 0	 0.000000
 22.71	 1997	 7	 1	 0	 0	 0.000000
 23.02	 1997	 7	 2	 0	 0	 0.000000
 23.81	 1997	 7	 3	 0	 0	 0.000000
 23.46	 1997	 7	 4	 0	 0	 0.000000
 23.33	 1997	 7	 5	 0	 0	 0.000000
 23.96	 1997	 7	 6	 0	 0	 0.000000
 24.37	 1997	 7	 7	 0	 0	 0.000000
 24.34	 1997	 7	 8	 0	 0	 0.000000
 23.94	 1997	 7	 9	 0	 0	 0.000000
 23.72	 1997	 7	 10	 0	 0	 0.000000
 23.98	 1997	 7	 11	 0	 0	 0.000000
 24.62	 1997	 7	 12	 0	 0	 0.000000
 25.03	 1997	 7	 13	 0	 0	 0.000000
 25.18	 1997	 7	 14	 0	 0	 0.000000
 24.99	 1997	 7	 15	 0	 0	 0.000000
 24.51	 1997	 7	 16	 0	 0	 0.000000
 23.18	 1997	 7	 17	 0	 0	 0.000000
 22.92	 1997	 7	 18	 0	 0	 0.000000
 22.96	 1997	 7	 19	 0	 0	 0.000000
 23.3	 1997	 7	 20	 0	 0	 0.000000
 23.89	 1997	 7	 21	 0	 0	 0.000000
 23.69	 1997	 7	 22	 0	 0	 0.000000
 23.78	 1997	 7	 23	 0	 0	 0.000000
 23.79	 1997	 7	 24	 0	 0	 0.000000
 23.75	 1997	 7	 25	 0	 0	 0.000000
 24.72	 1997	 7	 26	 0	 0	 0.000000
 25.16	 1997	 7	 27	 0	 0	 0.000000
 25.14	 1997	 7	 28	 0	 0	 0.000000
 24.63	 1997	 7	 29	 0	 0	 0.000000
 24.46	 1997	 7	 30	 0	 0	 0.000000
 24.3	 1997	 7	 31	 0	 0	 0.000000
 24.32	 1997	 8	 1	 0	 0	 0.000000
 24.92	 1997	 8	 2	 0	 0	 0.000000
 25.55	 1997	 8	 3	 0	 0	 0.000000
 25.56	 1997	 8	 4	 0	 0	 0.000000
 24.57	 1997	 8	 5	 0	 0	 0.000000
 24.56	 1997	 8	 6	 0	 0	 0.000000
 24.77	 1997	 8	 7	 0	 0	 0.000000
 24.89	 1997	 8	 8	 0	 0	 0.000000
 25.15	 1997	 8	 9	 0	 0	 0.000000
 25.49	 1997	 8	 10	 0	 0	 0.000000
 26.15	 1997	 8	 11	 0	 0	 0.000000
 25.66	 1997	 8	 12	 0	 0	 0.000000
 25.28	 1997	 8	 13	 0	 0	 0.000000
 25.85	 1997	 8	 14	 0	 0	 0.000000
 25.71	 1997	 8	 15	 0	 0	 0.000000
 25.11	 1997	 8	 16	 0	 0	 0.000000
 25.58	 1997	 8	 17	 0	 0	 0.000000
 26.1	 1997	 8	 18	 0	 0	 0.000000
 25.86	 1997	 8	 19	 0	 0	 0.000000
 25.18	 1997	 8	 20	 0	 0	 0.000000
 24.74	 1997	 8	 21	 0	 0	 0.000000
 24.37	 1997	 8	 22	 0	 0	 0.000000
 24.41	 1997	 8	 23	 0	 0	 0.000000
 24.61	 1997	 8	 24	 0	 0	 0.000000
 24.96	 1997	 8	 25	 0	 0	 0.000000
 24.68	 1997	 8	 26	 0	 0	 0.000000
 24.48	 1997	 8	 27	 0	 0	 0.000000
 24.18	 1997	 8	 28	 0	 0	 0.000000
 24.17	 1997	 8	 29	 0	 0	 0.000000
 24.82	 1997	 8	 30	 0	 0	 0.000000
 24.75	 1997	 8	 31	 0	 0	 0.000000
 24.37	 1997	 9	 1	 0	 0	 0.000000
 23.17	 1997	 9	 2	 0	 0	 0.000000
 23.07	 1997	 9	 3	 0	 0	 0.000000
 23.11	 1997	 9	 4	 0	 0	 0.000000
 22.51	 1997	 9	 5	 0	 0	 0.000000
 22.42	 1997	 9	 6	 0	 0	 0.000000
 22.28	 1997	 9	 7	 0	 0	 0.000000
 22.33	 1997	 9	 8	 0	 0	 0.000000
 21.88	 1997	 9	 9	 0	 0	 0.000000
 21.78	 1997	 9	 10	 0	 0	 0.000000
 21.83	 1997	 9	 11	 0	 0	 0.000000
 21.32	 1997	 9	 12	 0	 0	 0.000000
 21.27	 1997	 9	 13	 0	 0	 0.000000
 21.38	 1997	 9	 14	 0	 0	 0.000000
 21.38	 1997	 9	 15	 0	 0	 0.000000
 21.14	 1997	 9	 16	 0	 0	 0.000000
 21.66	 1997	 9	 17	 0	 0	 0.000000
 21.94	 1997	 9	 18	 0	 0	 0.000000
 21.17	 1997	 9	 19	 0	 0	 0.000000
 20.86	 1997	 9	 20	 0	 0	 0.000000
 21.09	 1997	 9	 21	 0	 0	 0.000000
 21.2	 1997	 9	 22	 0	 0	 0.000000
 21.1	 1997	 9	 23	 0	 0	 0.000000
 21.11	 1997	 9	 24	 0	 0	 0.000000
 21.07	 1997	 9	 25	 0	 0	 0.000000
 20.64	 1997	 9	 26	 0	 0	 0.000000
 20.4	 1997	 9	 27	 0	 0	 0.000000
 20.24	 1997	 9	 28	 0	 0	 0.000000
 20.22	 1997	 9	 29	 0	 0	 0.000000
 19.92	 1997	 9	 30	 0	 0	 0.000000
 19.93	 1997	 10	 1	 0	 0	 0.000000
 19.81	 1997	 10	 2	 0	 0	 0.000000
 19.32	 1997	 10	 3	 0	 0	 0.000000
 18.62	 1997	 10	 4	 0	 0	 0.000000
 18.04	 1997	 10	 5	 0	 0	 0.000000
 18.87	 1997	 10	 6	 0	 0	 0.000000
 19.15	 1997	 10	 7	 0	 0	 0.000000
 19.29	 1997	 10	 8	 0	 0	 0.000000
 19.34	 1997	 10	 9	 0	 0	 0.000000
 19.37	 1997	 10	 10	 0	 0	 0.000000
 19.24	 1997	 10	 11	 0	 0	 0.000000
 19.23	 1997	 10	 12	 0	 0	 0.000000
 19.22	 1997	 10	 13	 0	 0	 0.000000
 19.22	 1997	 10	 14	 0	 0	 0.000000
 19.58	 1997	 10	 15	 0	 0	 0.000000
 19.59	 1997	 10	 16	 0	 0	 0.000000
 19.06	 1997	 10	 17	 0	 0	 0.000000
 18.69	 1997	 10	 18	 0	 0	 0.000000
 18.86	 1997	 10	 19	 0	 0	 0.000000
 19.28	 1997	 10	 20	 0	 0	 0.000000
 19.36	 1997	 10	 21	 0	 0	 0.000000
 19.18	 1997	 10	 22	 0	 0	 0.000000
 18.93	 1997	 10	 23	 0	 0	 0.000000
 18.86	 1997	 10	 24	 0	 0	 0.000000
 18.8	 1997	 10	 25	 0	 0	 0.000000
 18.66	 1997	 10	 26	 0	 0	 0.000000
 18.29	 1997	 10	 27	 0	 0	 0.000000
 18.17	 1997	 10	 28	 0	 0	 0.000000
 18.52	 1997	 10	 29	 0	 0	 0.000000
 18.53	 1997	 10	 30	 0	 0	 0.000000
 18.04	 1997	 10	 31	 0	 0	 0.000000
 17.57	 1997	 11	 1	 0	 0	 0.000000
 17.41	 1997	 11	 2	 0	 0	 0.000000
 17.05	 1997	 11	 3	 0	 0	 0.000000
 16.93	 1997	 11	 4	 0	 0	 0.000000
 15.61	 1997	 11	 5	 0	 0	 0.000000
 15.7	 1997	 11	 6	 0	 0	 0.000000
 15.91	 1997	 11	 7	 0	 0	 0.000000
 16.12	 1997	 11	 8	 0	 0	 0.000000
 16.16	 1997	 11	 9	 0	 0	 0.000000
 16.2	 1997	 11	 10	 0	 0	 0.000000
 16.16	 1997	 11	 11	 0	 0	 0.000000
 15.97	 1997	 11	 12	 0	 0	 0.000000
 15.8	 1997	 11	 13	 0	 0	 0.000000
 15.57	 1997	 11	 14	 0	 0	 0.000000
 14.91	 1997	 11	 15	 0	 0	 0.000000
 14.71	 1997	 11	 16	 0	 0	 0.000000
 15.13	 1997	 11	 17	 0	 0	 0.000000
 15.24	 1997	 11	 18	 0	 0	 0.000000
 15.12	 1997	 11	 19	 0	 0	 0.000000
 15.04	 1997	 11	 20	 0	 0	 0.000000
 14.86	 1997	 11	 21	 0	 0	 0.000000
 14.91	 1997	 11	 22	 0	 0	 0.000000
 14.64	 1997	 11	 23	 0	 0	 0.000000
 14.82	 1997	 11	 24	 0	 0	 0.000000
 14.83	 1997	 11	 25	 0	 0	 0.000000
 14.75	 1997	 11	 26	 0	 0	 0.000000
 14.6	 1997	 11	 27	 0	 0	 0.000000
 14.47	 1997	 11	 28	 0	 0	 0.000000
 13.89	 1997	 11	 29	 0	 0	 0.000000
 14.48	 1997	 11	 30	 0	 0	 0.000000
 14.59	 1997	 12	 1	 0	 0	 0.000000
 14.54	 1997	 12	 2	 0	 0	 0.000000
 14.35	 1997	 12	 3	 0	 0	 0.000000
 13.77	 1997	 12	 4	 0	 0	 0.000000
 13.58	 1997	 12	 5	 0	 0	 0.000000
 13.33	 1997	 12	 6	 0	 0	 0.000000
 13.2	 1997	 12	 7	 0	 0	 0.000000
 12.84	 1997	 12	 8	 0	 0	 0.000000
 12.44	 1997	 12	 9	 0	 0	 0.000000
 12.42	 1997	 12	 10	 0	 0	 0.000000
 12.75	 1997	 12	 11	 0	 0	 0.000000
 12.95	 1997	 12	 12	 0	 0	 0.000000
 13	 1997	 12	 13	 0	 0	 0.000000
 12.78	 1997	 12	 14	 0	 0	 0.000000
 12.62	 1997	 12	 15	 0	 0	 0.000000
 12.47	 1997	 12	 16	 0	 0	 0.000000
 12.18	 1997	 12	 17	 0	 0	 0.000000
 11.96	 1997	 12	 18	 0	 0	 0.000000
 12.55	 1997	 12	 19	 0	 0	 0.000000
 12.71	 1997	 12	 20	 0	 0	 0.000000
 12.65	 1997	 12	 21	 0	 0	 0.000000
 12.38	 1997	 12	 22	 0	 0	 0.000000
 12.23	 1997	 12	 23	 0	 0	 0.000000
 11.74	 1997	 12	 24	 0	 0	 0.000000
 11.41	 1997	 12	 25	 0	 0	 0.000000
 11.34	 1997	 12	 26	 0	 0	 0.000000
 11.31	 1997	 12	 27	 0	 0	 0.000000
 11.71	 1997	 12	 28	 0	 0	 0.000000
 11.71	 1997	 12	 29	 0	 0	 0.000000
 11.68	 1997	 12	 30	 0	 0	 0.000000
 10.51	 1997	 12	 31	 0	 0	 0.000000
 10.39	 1998	 1	 1	 0	 0	 0.000000
 10.45	 1998	 1	 2	 0	 0	 0.000000
 10.41	 1998	 1	 3	 0	 0	 0.000000
 10.38	 1998	 1	 4	 0	 0	 0.000000
 10.14	 1998	 1	 5	 0	 0	 0.000000
 10.11	 1998	 1	 6	 0	 0	 0.000000
 10.11	 1998	 1	 7	 0	 0	 0.000000
 9.94	 1998	 1	 8	 0	 0	 0.000000
 9.86	 1998	 1	 9	 0	 0	 0.000000
 9.1	 1998	 1	 10	 0	 0	 0.000000
 8.85	 1998	 1	 11	 0	 0	 0.000000
 8.8	 1998	 1	 12	 0	 0	 0.000000
 8.74	 1998	 1	 13	 0	 0	 0.000000
 8.48	 1998	 1	 14	 0	 0	 0.000000
 8.37	 1998	 1	 15	 0	 0	 0.000000
 8.34	 1998	 1	 16	 0	 0	 0.000000
 8.61	 1998	 1	 17	 0	 0	 0.000000
 8.69	 1998	 1	 18	 0	 0	 0.000000
 8.7	 1998	 1	 19	 0	 0	 0.000000
 8.83	 1998	 1	 20	 0	 0	 0.000000
 8.84	 1998	 1	 21	 0	 0	 0.000000
 8.76	 1998	 1	 22	 0	 0	 0.000000
 8.68	 1998	 1	 23	 0	 0	 0.000000
 8.32	 1998	 1	 24	 0	 0	 0.000000
 8.18	 1998	 1	 25	 0	 0	 0.000000
 8.07	 1998	 1	 26	 0	 0	 0.000000
 8.22	 1998	 1	 27	 0	 0	 0.000000
 8.08	 1998	 1	 28	 0	 0	 0.000000
 8.05	 1998	 1	 29	 0	 0	 0.000000
 8.22	 1998	 1	 30	 0	 0	 0.000000
 8.21	 1998	 1	 31	 0	 0	 0.000000
 8.15	 1998	 2	 1	 0	 0	 0.000000
 8.14	 1998	 2	 2	 0	 0	 0.000000
 8.13	 1998	 2	 3	 0	 0	 0.000000
 8.08	 1998	 2	 4	 0	 0	 0.000000
 8.03	 1998	 2	 5	 0	 0	 0.000000
 7.99	 1998	 2	 6	 0	 0	 0.000000
 8.13	 1998	 2	 7	 0	 0	 0.000000
 8.11	 1998	 2	 8	 0	 0	 0.000000
 8.01	 1998	 2	 9	 0	 0	 0.000000
 8.16	 1998	 2	 10	 0	 0	 0.000000
 8.32	 1998	 2	 11	 0	 0	 0.000000
 8.33	 1998	 2	 12	 0	 0	 0.000000
 8.38	 1998	 2	 13	 0	 0	 0.000000
 8.37	 1998	 2	 14	 0	 0	 0.000000
 8.13	 1998	 2	 15	 0	 0	 0.000000
 7.82	 1998	 2	 16	 0	 0	 0.000000
 7.71	 1998	 2	 17	 0	 0	 0.000000
 7.52	 1998	 2	 18	 0	 0	 0.000000
 7.36	 1998	 2	 19	 0	 0	 0.000000
 7.33	 1998	 2	 20	 0	 0	 0.000000
 7.6	 1998	 2	 21	 0	 0	 0.000000
 7.81	 1998	 2	 22	 0	 0	 0.000000
 8	 1998	 2	 23	 0	 0	 0.000000
 8.15	 1998	 2	 24	 0	 0	 0.000000
 8	 1998	 2	 25	 0	 0	 0.000000
 7.41	 1998	 2	 26	 0	 0	 0.000000
 7.51	 1998	 2	 27	 0	 0	 0.000000
 7.87	 1998	 2	 28	 0	 0	 0.000000
 8.2	 1998	 3	 1	 0	 0	 0.000000
 8.12	 1998	 3	 2	 0	 0	 0.000000
 8.05	 1998	 3	 3	 0	 0	 0.000000
 7.78	 1998	 3	 4	 0	 0	 0.000000
 7.83	 1998	 3	 5	 0	 0	 0.000000
 8	 1998	 3	 6	 0	 0	 0.000000
 8.13	 1998	 3	 7	 0	 0	 0.000000
 8.39	 1998	 3	 8	 0	 0	 0.000000
 8.43	 1998	 3	 9	 0	 0	 0.000000
 8.47	 1998	 3	 10	 0	 0	 0.000000
 8.46	 1998	 3	 11	 0	 0	 0.000000
 8.45	 1998	 3	 12	 0	 0	 0.000000
 8.22	 1998	 3	 13	 0	 0	 0.000000
 8.24	 1998	 3	 14	 0	 0	 0.000000
 8.24	 1998	 3	 15	 0	 0	 0.000000
 8.23	 1998	 3	 16	 0	 0	 0.000000
 8.3	 1998	 3	 17	 0	 0	 0.000000
 8.38	 1998	 3	 18	 0	 0	 0.000000
 8.46	 1998	 3	 19	 0	 0	 0.000000
 8.54	 1998	 3	 20	 0	 0	 0.000000
 8.62	 1998	 3	 21	 0	 0	 0.000000
 8.7	 1998	 3	 22	 0	 0	 0.000000
 8.57	 1998	 3	 23	 0	 0	 0.000000
 8.21	 1998	 3	 24	 0	 0	 0.000000
 8.19	 1998	 3	 25	 0	 0	 0.000000
 8.26	 1998	 3	 26	 0	 0	 0.000000
 8.95	 1998	 3	 27	 0	 0	 0.000000
 9.09	 1998	 3	 28	 0	 0	 0.000000
 9.1	 1998	 3	 29	 0	 0	 0.000000
 8.93	 1998	 3	 30	 0	 0	 0.000000
 8.34	 1998	 3	 31	 0	 0	 0.000000
 8.4	 1998	 4	 1	 0	 0	 0.000000
 8.51	 1998	 4	 2	 0	 0	 0.000000
 8.91	 1998	 4	 3	 0	 0	 0.000000
 8.86	 1998	 4	 4	 0	 0	 0.000000
 9.66	 1998	 4	 5	 0	 0	 0.000000
 11.06	 1998	 4	 6	 0	 0	 0.000000
 11.11	 1998	 4	 7	 0	 0	 0.000000
 10.99	 1998	 4	 8	 0	 0	 0.000000
 11.09	 1998	 4	 9	 0	 0	 0.000000
 10.97	 1998	 4	 10	 0	 0	 0.000000
 10.74	 1998	 4	 11	 0	 0	 0.000000
 13.51	 1998	 4	 12	 0	 0	 0.000000
 13.85	 1998	 4	 13	 0	 0	 0.000000
 13.79	 1998	 4	 14	 0	 0	 0.000000
 13.23	 1998	 4	 15	 0	 0	 0.000000
 13.27	 1998	 4	 16	 0	 0	 0.000000
 13.29	 1998	 4	 17	 0	 0	 0.000000
 13.34	 1998	 4	 18	 0	 0	 0.000000
 13.27	 1998	 4	 19	 0	 0	 0.000000
 13.57	 1998	 4	 20	 0	 0	 0.000000
 13.49	 1998	 4	 21	 0	 0	 0.000000
 12.59	 1998	 4	 22	 0	 0	 0.000000
 11.93	 1998	 4	 23	 0	 0	 0.000000
 12.53	 1998	 4	 24	 0	 0	 0.000000
 13.26	 1998	 4	 25	 0	 0	 0.000000
 12.85	 1998	 4	 26	 0	 0	 0.000000
 12.67	 1998	 4	 27	 0	 0	 0.000000
 12.9	 1998	 4	 28	 0	 0	 0.000000
 13.45	 1998	 4	 29	 0	 0	 0.000000
 14.17	 1998	 4	 30	 0	 0	 0.000000
 14.63	 1998	 5	 1	 0	 0	 0.000000
 15	 1998	 5	 2	 0	 0	 0.000000
 15.13	 1998	 5	 3	 0	 0	 0.000000
 15.08	 1998	 5	 4	 0	 0	 0.000000
 15.2	 1998	 5	 5	 0	 0	 0.000000
 14.07	 1998	 5	 6	 0	 0	 0.000000
 14.2	 1998	 5	 7	 0	 0	 0.000000
 14.69	 1998	 5	 8	 0	 0	 0.000000
 14.87	 1998	 5	 9	 0	 0	 0.000000
 15.44	 1998	 5	 10	 0	 0	 0.000000
 15.54	 1998	 5	 11	 0	 0	 0.000000
 16.25	 1998	 5	 12	 0	 0	 0.000000
 16.07	 1998	 5	 13	 0	 0	 0.000000
 16.06	 1998	 5	 14	 0	 0	 0.000000
 16.56	 1998	 5	 15	 0	 0	 0.000000
 16.33	 1998	 5	 16	 0	 0	 0.000000
 16.32	 1998	 5	 17	 0	 0	 0.000000
 17.09	 1998	 5	 18	 0	 0	 0.000000
 17.16	 1998	 5	 19	 0	 0	 0.000000
 16.76	 1998	 5	 20	 0	 0	 0.000000
 16.62	 1998	 5	 21	 0	 0	 0.000000
 16.7	 1998	 5	 22	 0	 0	 0.000000
 16.77	 1998	 5	 23	 0	 0	 0.000000
 15.66	 1998	 5	 24	 0	 0	 0.000000
 15.58	 1998	 5	 25	 0	 0	 0.000000
 16.75	 1998	 5	 26	 0	 0	 0.000000
 17.41	 1998	 5	 27	 0	 0	 0.000000
 17.57	 1998	 5	 28	 0	 0	 0.000000
 17.24	 1998	 5	 29	 0	 0	 0.000000
 18.35	 1998	 5	 30	 0	 0	 0.000000
 18.86	 1998	 5	 31	 0	 0	 0.000000
 18.82	 1998	 6	 1	 0	 0	 0.000000
 19.43	 1998	 6	 2	 0	 0	 0.000000
 19.33	 1998	 6	 3	 0	 0	 0.000000
 18.95	 1998	 6	 4	 0	 0	 0.000000
 18.58	 1998	 6	 5	 0	 0	 0.000000
 18.8	 1998	 6	 6	 0	 0	 0.000000
 19.13	 1998	 6	 7	 0	 0	 0.000000
 19.34	 1998	 6	 8	 0	 0	 0.000000
 19.79	 1998	 6	 9	 0	 0	 0.000000
 19.89	 1998	 6	 10	 0	 0	 0.000000
 20.52	 1998	 6	 11	 0	 0	 0.000000
 20.96	 1998	 6	 12	 0	 0	 0.000000
 21.36	 1998	 6	 13	 0	 0	 0.000000
 22.16	 1998	 6	 14	 0	 0	 0.000000
 21.89	 1998	 6	 15	 0	 0	 0.000000
 21.43	 1998	 6	 16	 0	 0	 0.000000
 21.41	 1998	 6	 17	 0	 0	 0.000000
 21.76	 1998	 6	 18	 0	 0	 0.000000
 21.94	 1998	 6	 19	 0	 0	 0.000000
 22.19	 1998	 6	 20	 0	 0	 0.000000
 22.24	 1998	 6	 21	 0	 0	 0.000000
 22.2	 1998	 6	 22	 0	 0	 0.000000
 22.07	 1998	 6	 23	 0	 0	 0.000000
 22.34	 1998	 6	 24	 0	 0	 0.000000
 22.95	 1998	 6	 25	 0	 0	 0.000000
 23.18	 1998	 6	 26	 0	 0	 0.000000
 22.92	 1998	 6	 27	 0	 0	 0.000000
 22.87	 1998	 6	 28	 0	 0	 0.000000
 22.79	 1998	 6	 29	 0	 0	 0.000000
 23	 1998	 6	 30	 0	 0	 0.000000
 23.34	 1998	 7	 1	 0	 0	 0.000000
 23.57	 1998	 7	 2	 0	 0	 0.000000
 23.76	 1998	 7	 3	 0	 0	 0.000000
 23.8	 1998	 7	 4	 0	 0	 0.000000
 23.42	 1998	 7	 5	 0	 0	 0.000000
 22.7	 1998	 7	 6	 0	 0	 0.000000
 22.62	 1998	 7	 7	 0	 0	 0.000000
 22.93	 1998	 7	 8	 0	 0	 0.000000
 23.21	 1998	 7	 9	 0	 0	 0.000000
 23.01	 1998	 7	 10	 0	 0	 0.000000
 22.68	 1998	 7	 11	 0	 0	 0.000000
 22.93	 1998	 7	 12	 0	 0	 0.000000
 23.09	 1998	 7	 13	 0	 0	 0.000000
 23.66	 1998	 7	 14	 0	 0	 0.000000
 23.13	 1998	 7	 15	 0	 0	 0.000000
 23.34	 1998	 7	 16	 0	 0	 0.000000
 23.83	 1998	 7	 17	 0	 0	 0.000000
 23.86	 1998	 7	 18	 0	 0	 0.000000
 24.35	 1998	 7	 19	 0	 0	 0.000000
 23.99	 1998	 7	 20	 0	 0	 0.000000
 24.05	 1998	 7	 21	 0	 0	 0.000000
 24.73	 1998	 7	 22	 0	 0	 0.000000
 25.01	 1998	 7	 23	 0	 0	 0.000000
 25.15	 1998	 7	 24	 0	 0	 0.000000
 25.37	 1998	 7	 25	 0	 0	 0.000000
 25.67	 1998	 7	 26	 0	 0	 0.000000
 26.19	 1998	 7	 27	 0	 0	 0.000000
 26.9	 1998	 7	 28	 0	 0	 0.000000
 27.04	 1998	 7	 29	 0	 0	 0.000000
 26.97	 1998	 7	 30	 0	 0	 0.000000
 26.86	 1998	 7	 31	 0	 0	 0.000000
 26.92	 1998	 8	 1	 0	 0	 0.000000
 26.4	 1998	 8	 2	 0	 0	 0.000000
 26.39	 1998	 8	 3	 0	 0	 0.000000
 26.59	 1998	 8	 4	 0	 0	 0.000000
 26.99	 1998	 8	 5	 0	 0	 0.000000
 27.18	 1998	 8	 6	 0	 0	 0.000000
 26.72	 1998	 8	 7	 0	 0	 0.000000
 26.39	 1998	 8	 8	 0	 0	 0.000000
 26.49	 1998	 8	 9	 0	 0	 0.000000
 25.94	 1998	 8	 10	 0	 0	 0.000000
 25.57	 1998	 8	 11	 0	 0	 0.000000
 25.28	 1998	 8	 12	 0	 0	 0.000000
 24.93	 1998	 8	 13	 0	 0	 0.000000
 24.7	 1998	 8	 14	 0	 0	 0.000000
 24.8	 1998	 8	 15	 0	 0	 0.000000
 24.97	 1998	 8	 16	 0	 0	 0.000000
 25.29	 1998	 8	 17	 0	 0	 0.000000
 25.47	 1998	 8	 18	 0	 0	 0.000000
 25.32	 1998	 8	 19	 0	 0	 0.000000
 25.07	 1998	 8	 20	 0	 0	 0.000000
 25.11	 1998	 8	 21	 0	 0	 0.000000
 25.25	 1998	 8	 22	 0	 0	 0.000000
 25.81	 1998	 8	 23	 0	 0	 0.000000
 26.16	 1998	 8	 24	 0	 0	 0.000000
 26.16	 1998	 8	 25	 0	 0	 0.000000
 26.04	 1998	 8	 26	 0	 0	 0.000000
 26.06	 1998	 8	 27	 0	 0	 0.000000
 25.93	 1998	 8	 28	 0	 0	 0.000000
 25.23	 1998	 8	 29	 0	 0	 0.000000
 25.29	 1998	 8	 30	 0	 0	 0.000000
 25.3	 1998	 8	 31	 0	 0	 0.000000
 24.99	 1998	 9	 1	 0	 0	 0.000000
 24.41	 1998	 9	 2	 0	 0	 0.000000
 24.32	 1998	 9	 3	 0	 0	 0.000000
 24	 1998	 9	 4	 0	 0	 0.000000
 24.02	 1998	 9	 5	 0	 0	 0.000000
 23.35	 1998	 9	 6	 0	 0	 0.000000
 23.45	 1998	 9	 7	 0	 0	 0.000000
 23.43	 1998	 9	 8	 0	 0	 0.000000
 23.12	 1998	 9	 9	 0	 0	 0.000000
 22.99	 1998	 9	 10	 0	 0	 0.000000
 23.14	 1998	 9	 11	 0	 0	 0.000000
 23.19	 1998	 9	 12	 0	 0	 0.000000
 23.03	 1998	 9	 13	 0	 0	 0.000000
 23.16	 1998	 9	 14	 0	 0	 0.000000
 23.5	 1998	 9	 15	 0	 0	 0.000000
 22.83	 1998	 9	 16	 0	 0	 0.000000
 22.4	 1998	 9	 17	 0	 0	 0.000000
 22.18	 1998	 9	 18	 0	 0	 0.000000
 22.29	 1998	 9	 19	 0	 0	 0.000000
 22.35	 1998	 9	 20	 0	 0	 0.000000
 22.71	 1998	 9	 21	 0	 0	 0.000000
 23.23	 1998	 9	 22	 0	 0	 0.000000
 22.81	 1998	 9	 23	 0	 0	 0.000000
 22.36	 1998	 9	 24	 0	 0	 0.000000
 22.03	 1998	 9	 25	 0	 0	 0.000000
 21.91	 1998	 9	 26	 0	 0	 0.000000
 21.53	 1998	 9	 27	 0	 0	 0.000000
 21.58	 1998	 9	 28	 0	 0	 0.000000
 21.31	 1998	 9	 29	 0	 0	 0.000000
 21.94	 1998	 9	 30	 0	 0	 0.000000
 21.96	 1998	 10	 1	 0	 0	 0.000000
 22.21	 1998	 10	 2	 0	 0	 0.000000
 22.63	 1998	 10	 3	 0	 0	 0.000000
 22.47	 1998	 10	 4	 0	 0	 0.000000
 22.43	 1998	 10	 5	 0	 0	 0.000000
 21.72	 1998	 10	 6	 0	 0	 0.000000
 21.45	 1998	 10	 7	 0	 0	 0.000000
 21.03	 1998	 10	 8	 0	 0	 0.000000
 20.88	 1998	 10	 9	 0	 0	 0.000000
 20.65	 1998	 10	 10	 0	 0	 0.000000
 20.35	 1998	 10	 11	 0	 0	 0.000000
 20.92	 1998	 10	 12	 0	 0	 0.000000
 21.28	 1998	 10	 13	 0	 0	 0.000000
 20.77	 1998	 10	 14	 0	 0	 0.000000
 20.59	 1998	 10	 15	 0	 0	 0.000000
 20.53	 1998	 10	 16	 0	 0	 0.000000
 20.43	 1998	 10	 17	 0	 0	 0.000000
 19.85	 1998	 10	 18	 0	 0	 0.000000
 19.92	 1998	 10	 19	 0	 0	 0.000000
 20.24	 1998	 10	 20	 0	 0	 0.000000
 20.15	 1998	 10	 21	 0	 0	 0.000000
 19.48	 1998	 10	 22	 0	 0	 0.000000
 18.92	 1998	 10	 23	 0	 0	 0.000000
 18.74	 1998	 10	 24	 0	 0	 0.000000
 18.84	 1998	 10	 25	 0	 0	 0.000000
 18.79	 1998	 10	 26	 0	 0	 0.000000
 18.57	 1998	 10	 27	 0	 0	 0.000000
 17.96	 1998	 10	 28	 0	 0	 0.000000
 18.02	 1998	 10	 29	 0	 0	 0.000000
 17.98	 1998	 10	 30	 0	 0	 0.000000
 17.97	 1998	 10	 31	 0	 0	 0.000000
 17.41	 1998	 11	 1	 0	 0	 0.000000
 17.21	 1998	 11	 2	 0	 0	 0.000000
 17.17	 1998	 11	 3	 0	 0	 0.000000
 17.19	 1998	 11	 4	 0	 0	 0.000000
 17.22	 1998	 11	 5	 0	 0	 0.000000
 17.28	 1998	 11	 6	 0	 0	 0.000000
 17.11	 1998	 11	 7	 0	 0	 0.000000
 16.71	 1998	 11	 8	 0	 0	 0.000000
 16.86	 1998	 11	 9	 0	 0	 0.000000
 16.84	 1998	 11	 10	 0	 0	 0.000000
 16.16	 1998	 11	 11	 0	 0	 0.000000
 15.93	 1998	 11	 12	 0	 0	 0.000000
 15.96	 1998	 11	 13	 0	 0	 0.000000
 15.91	 1998	 11	 14	 0	 0	 0.000000
 15.34	 1998	 11	 15	 0	 0	 0.000000
 15.1	 1998	 11	 16	 0	 0	 0.000000
 15.12	 1998	 11	 17	 0	 0	 0.000000
 14.91	 1998	 11	 18	 0	 0	 0.000000
 14.81	 1998	 11	 19	 0	 0	 0.000000
 15.14	 1998	 11	 20	 0	 0	 0.000000
 15.1	 1998	 11	 21	 0	 0	 0.000000
 14.79	 1998	 11	 22	 0	 0	 0.000000
 14.34	 1998	 11	 23	 0	 0	 0.000000
 14.3	 1998	 11	 24	 0	 0	 0.000000
 14.29	 1998	 11	 25	 0	 0	 0.000000
 13.58	 1998	 11	 26	 0	 0	 0.000000
 12.77	 1998	 11	 27	 0	 0	 0.000000
 12.7	 1998	 11	 28	 0	 0	 0.000000
 12.69	 1998	 11	 29	 0	 0	 0.000000
 12.64	 1998	 11	 30	 0	 0	 0.000000
 12.62	 1998	 12	 1	 0	 0	 0.000000
 13.13	 1998	 12	 2	 0	 0	 0.000000
 13.21	 1998	 12	 3	 0	 0	 0.000000
 13.18	 1998	 12	 4	 0	 0	 0.000000
 13.05	 1998	 12	 5	 0	 0	 0.000000
 12.93	 1998	 12	 6	 0	 0	 0.000000
 13.01	 1998	 12	 7	 0	 0	 0.000000
 12.99	 1998	 12	 8	 0	 0	 0.000000
 12.97	 1998	 12	 9	 0	 0	 0.000000
 12.81	 1998	 12	 10	 0	 0	 0.000000
 12.69	 1998	 12	 11	 0	 0	 0.000000
 12.72	 1998	 12	 12	 0	 0	 0.000000
 12.9	 1998	 12	 13	 0	 0	 0.000000
 12.88	 1998	 12	 14	 0	 0	 0.000000
 12.61	 1998	 12	 15	 0	 0	 0.000000
 12.52	 1998	 12	 16	 0	 0	 0.000000
 12.39	 1998	 12	 17	 0	 0	 0.000000
 12.91	 1998	 12	 18	 0	 0	 0.000000
 13.02	 1998	 12	 19	 0	 0	 0.000000
 13.04	 1998	 12	 20	 0	 0	 0.000000
 12.94	 1998	 12	 21	 0	 0	 0.000000
 12.77	 1998	 12	 22	 0	 0	 0.000000
 12.68	 1998	 12	 23	 0	 0	 0.000000
 12.14	 1998	 12	 24	 0	 0	 0.000000
 12.03	 1998	 12	 25	 0	 0	 0.000000
 12.15	 1998	 12	 26	 0	 0	 0.000000
 12.19	 1998	 12	 27	 0	 0	 0.000000
 12.26	 1998	 12	 28	 0	 0	 0.000000
 12.23	 1998	 12	 29	 0	 0	 0.000000
 12.24	 1998	 12	 30	 0	 0	 0.000000
 12.2	 1998	 12	 31	 0	 0	 0.000000
 12.05	 1999	 1	 1	 0	 0	 0.000000
 12.16	 1999	 1	 2	 0	 0	 0.000000
 12.04	 1999	 1	 3	 0	 0	 0.000000
 11.84	 1999	 1	 4	 0	 0	 0.000000
 11.79	 1999	 1	 5	 0	 0	 0.000000
 11.57	 1999	 1	 6	 0	 0	 0.000000
 10.54	 1999	 1	 7	 0	 0	 0.000000
 10.57	 1999	 1	 8	 0	 0	 0.000000
 10.43	 1999	 1	 9	 0	 0	 0.000000
 10.43	 1999	 1	 10	 0	 0	 0.000000
 10.47	 1999	 1	 11	 0	 0	 0.000000
 9.92	 1999	 1	 12	 0	 0	 0.000000
 10.23	 1999	 1	 13	 0	 0	 0.000000
 10.61	 1999	 1	 14	 0	 0	 0.000000
 10.61	 1999	 1	 15	 0	 0	 0.000000
 10.06	 1999	 1	 16	 0	 0	 0.000000
 10.15	 1999	 1	 17	 0	 0	 0.000000
 10.29	 1999	 1	 18	 0	 0	 0.000000
 10.3	 1999	 1	 19	 0	 0	 0.000000
 10.08	 1999	 1	 20	 0	 0	 0.000000
 10.05	 1999	 1	 21	 0	 0	 0.000000
 10.36	 1999	 1	 22	 0	 0	 0.000000
 10.53	 1999	 1	 23	 0	 0	 0.000000
 10.56	 1999	 1	 24	 0	 0	 0.000000
 10.58	 1999	 1	 25	 0	 0	 0.000000
 10.63	 1999	 1	 26	 0	 0	 0.000000
 10.62	 1999	 1	 27	 0	 0	 0.000000
 10.69	 1999	 1	 28	 0	 0	 0.000000
 10.53	 1999	 1	 29	 0	 0	 0.000000
 10.04	 1999	 1	 30	 0	 0	 0.000000
 9.96	 1999	 1	 31	 0	 0	 0.000000
 9.76	 1999	 2	 1	 0	 0	 0.000000
 9.63	 1999	 2	 2	 0	 0	 0.000000
 9.58	 1999	 2	 3	 0	 0	 0.000000
 9.52	 1999	 2	 4	 0	 0	 0.000000
 9.2	 1999	 2	 5	 0	 0	 0.000000
 9.22	 1999	 2	 6	 0	 0	 0.000000
 9.22	 1999	 2	 7	 0	 0	 0.000000
 9.27	 1999	 2	 8	 0	 0	 0.000000
 9.39	 1999	 2	 9	 0	 0	 0.000000
 9.44	 1999	 2	 10	 0	 0	 0.000000
 9.72	 1999	 2	 11	 0	 0	 0.000000
 9.83	 1999	 2	 12	 0	 0	 0.000000
 9.97	 1999	 2	 13	 0	 0	 0.000000
 9.97	 1999	 2	 14	 0	 0	 0.000000
 9.85	 1999	 2	 15	 0	 0	 0.000000
 9.41	 1999	 2	 16	 0	 0	 0.000000
 9.35	 1999	 2	 17	 0	 0	 0.000000
 9.35	 1999	 2	 18	 0	 0	 0.000000
 9.33	 1999	 2	 19	 0	 0	 0.000000
 9.23	 1999	 2	 20	 0	 0	 0.000000
 9.19	 1999	 2	 21	 0	 0	 0.000000
 9.16	 1999	 2	 22	 0	 0	 0.000000
 9.14	 1999	 2	 23	 0	 0	 0.000000
 9.12	 1999	 2	 24	 0	 0	 0.000000
 9.56	 1999	 2	 25	 0	 0	 0.000000
 9.68	 1999	 2	 26	 0	 0	 0.000000
 9.7	 1999	 2	 27	 0	 0	 0.000000
 10.4	 1999	 2	 28	 0	 0	 0.000000
 10.41	 1999	 3	 1	 0	 0	 0.000000
 10.58	 1999	 3	 2	 0	 0	 0.000000
 10.27	 1999	 3	 3	 0	 0	 0.000000
 10.16	 1999	 3	 4	 0	 0	 0.000000
 10.14	 1999	 3	 5	 0	 0	 0.000000
 10.1	 1999	 3	 6	 0	 0	 0.000000
 10.18	 1999	 3	 7	 0	 0	 0.000000
 10.28	 1999	 3	 8	 0	 0	 0.000000
 10.32	 1999	 3	 9	 0	 0	 0.000000
 10.2	 1999	 3	 10	 0	 0	 0.000000
 10.13	 1999	 3	 11	 0	 0	 0.000000
 10.1	 1999	 3	 12	 0	 0	 0.000000
 10.08	 1999	 3	 13	 0	 0	 0.000000
 9.86	 1999	 3	 14	 0	 0	 0.000000
 9.27	 1999	 3	 15	 0	 0	 0.000000
 9.37	 1999	 3	 16	 0	 0	 0.000000
 9.44	 1999	 3	 17	 0	 0	 0.000000
 9.59	 1999	 3	 18	 0	 0	 0.000000
 9.65	 1999	 3	 19	 0	 0	 0.000000
 9.61	 1999	 3	 20	 0	 0	 0.000000
 9.65	 1999	 3	 21	 0	 0	 0.000000
 9.7	 1999	 3	 22	 0	 0	 0.000000
 9.78	 1999	 3	 23	 0	 0	 0.000000
 9.68	 1999	 3	 24	 0	 0	 0.000000
 9.64	 1999	 3	 25	 0	 0	 0.000000
 9.56	 1999	 3	 26	 0	 0	 0.000000
 10.46	 1999	 3	 27	 0	 0	 0.000000
 10.39	 1999	 3	 28	 0	 0	 0.000000
 10.39	 1999	 3	 29	 0	 0	 0.000000
 10.41	 1999	 3	 30	 0	 0	 0.000000
 10.66	 1999	 3	 31	 0	 0	 0.000000
 10.68	 1999	 4	 1	 0	 0	 0.000000
 10.73	 1999	 4	 2	 0	 0	 0.000000
 10.7	 1999	 4	 3	 0	 0	 0.000000
 10.73	 1999	 4	 4	 0	 0	 0.000000
 10.97	 1999	 4	 5	 0	 0	 0.000000
 10.95	 1999	 4	 6	 0	 0	 0.000000
 10.88	 1999	 4	 7	 0	 0	 0.000000
 11.01	 1999	 4	 8	 0	 0	 0.000000
 11.94	 1999	 4	 9	 0	 0	 0.000000
 12.17	 1999	 4	 10	 0	 0	 0.000000
 11.7	 1999	 4	 11	 0	 0	 0.000000
 11.56	 1999	 4	 12	 0	 0	 0.000000
 11.46	 1999	 4	 13	 0	 0	 0.000000
 11.46	 1999	 4	 14	 0	 0	 0.000000
 11.7	 1999	 4	 15	 0	 0	 0.000000
 12	 1999	 4	 16	 0	 0	 0.000000
 12.28	 1999	 4	 17	 0	 0	 0.000000
 13.45	 1999	 4	 18	 0	 0	 0.000000
 13.54	 1999	 4	 19	 0	 0	 0.000000
 12.79	 1999	 4	 20	 0	 0	 0.000000
 12.53	 1999	 4	 21	 0	 0	 0.000000
 12.53	 1999	 4	 22	 0	 0	 0.000000
 13.34	 1999	 4	 23	 0	 0	 0.000000
 13.63	 1999	 4	 24	 0	 0	 0.000000
 14.43	 1999	 4	 25	 0	 0	 0.000000
 15.11	 1999	 4	 26	 0	 0	 0.000000
 14.99	 1999	 4	 27	 0	 0	 0.000000
 14.67	 1999	 4	 28	 0	 0	 0.000000
 14.68	 1999	 4	 29	 0	 0	 0.000000
 14.5	 1999	 4	 30	 0	 0	 0.000000
 14.42	 1999	 5	 1	 0	 0	 0.000000
 14.87	 1999	 5	 2	 0	 0	 0.000000
 15.23	 1999	 5	 3	 0	 0	 0.000000
 15.5	 1999	 5	 4	 0	 0	 0.000000
 15.54	 1999	 5	 5	 0	 0	 0.000000
 14.45	 1999	 5	 6	 0	 0	 0.000000
 14.32	 1999	 5	 7	 0	 0	 0.000000
 14.43	 1999	 5	 8	 0	 0	 0.000000
 14.73	 1999	 5	 9	 0	 0	 0.000000
 15.26	 1999	 5	 10	 0	 0	 0.000000
 15.78	 1999	 5	 11	 0	 0	 0.000000
 15.77	 1999	 5	 12	 0	 0	 0.000000
 15.8	 1999	 5	 13	 0	 0	 0.000000
 16.04	 1999	 5	 14	 0	 0	 0.000000
 16.16	 1999	 5	 15	 0	 0	 0.000000
 16.29	 1999	 5	 16	 0	 0	 0.000000
 15.92	 1999	 5	 17	 0	 0	 0.000000
 15.91	 1999	 5	 18	 0	 0	 0.000000
 16.06	 1999	 5	 19	 0	 0	 0.000000
 16.37	 1999	 5	 20	 0	 0	 0.000000
 16.95	 1999	 5	 21	 0	 0	 0.000000
 18.02	 1999	 5	 22	 0	 0	 0.000000
 18.35	 1999	 5	 23	 0	 0	 0.000000
 18.29	 1999	 5	 24	 0	 0	 0.000000
 18	 1999	 5	 25	 0	 0	 0.000000
 17.69	 1999	 5	 26	 0	 0	 0.000000
 17.93	 1999	 5	 27	 0	 0	 0.000000
 18.87	 1999	 5	 28	 0	 0	 0.000000
 18.91	 1999	 5	 29	 0	 0	 0.000000
 19.25	 1999	 5	 30	 0	 0	 0.000000
 20.48	 1999	 5	 31	 0	 0	 0.000000
 19.85	 1999	 6	 1	 0	 0	 0.000000
 19.5	 1999	 6	 2	 0	 0	 0.000000
 19.58	 1999	 6	 3	 0	 0	 0.000000
 19.69	 1999	 6	 4	 0	 0	 0.000000
 20.16	 1999	 6	 5	 0	 0	 0.000000
 20.46	 1999	 6	 6	 0	 0	 0.000000
 20.3	 1999	 6	 7	 0	 0	 0.000000
 20.25	 1999	 6	 8	 0	 0	 0.000000
 20.65	 1999	 6	 9	 0	 0	 0.000000
 20.76	 1999	 6	 10	 0	 0	 0.000000
 21.32	 1999	 6	 11	 0	 0	 0.000000
 21.09	 1999	 6	 12	 0	 0	 0.000000
 22.45	 1999	 6	 13	 0	 0	 0.000000
 22.77	 1999	 6	 14	 0	 0	 0.000000
 23.19	 1999	 6	 15	 0	 0	 0.000000
 23.55	 1999	 6	 16	 0	 0	 0.000000
 23.64	 1999	 6	 17	 0	 0	 0.000000
 23.96	 1999	 6	 18	 0	 0	 0.000000
 24.68	 1999	 6	 19	 0	 0	 0.000000
 24.64	 1999	 6	 20	 0	 0	 0.000000
 23.72	 1999	 6	 21	 0	 0	 0.000000
 22.85	 1999	 6	 22	 0	 0	 0.000000
 23.22	 1999	 6	 23	 0	 0	 0.000000
 22.91	 1999	 6	 24	 0	 0	 0.000000
 22.43	 1999	 6	 25	 0	 0	 0.000000
 23.3	 1999	 6	 26	 0	 0	 0.000000
 23.55	 1999	 6	 27	 0	 0	 0.000000
 23.02	 1999	 6	 28	 0	 0	 0.000000
 22.85	 1999	 6	 29	 0	 0	 0.000000
 23.05	 1999	 6	 30	 0	 0	 0.000000
 23.26	 1999	 7	 1	 0	 0	 0.000000
 23.86	 1999	 7	 2	 0	 0	 0.000000
 24.18	 1999	 7	 3	 0	 0	 0.000000
 24.59	 1999	 7	 4	 0	 0	 0.000000
 24.82	 1999	 7	 5	 0	 0	 0.000000
 25.52	 1999	 7	 6	 0	 0	 0.000000
 25.47	 1999	 7	 7	 0	 0	 0.000000
 25.27	 1999	 7	 8	 0	 0	 0.000000
 25.66	 1999	 7	 9	 0	 0	 0.000000
 26.21	 1999	 7	 10	 0	 0	 0.000000
 26.53	 1999	 7	 11	 0	 0	 0.000000
 26.27	 1999	 7	 12	 0	 0	 0.000000
 26.03	 1999	 7	 13	 0	 0	 0.000000
 26.17	 1999	 7	 14	 0	 0	 0.000000
 26.16	 1999	 7	 15	 0	 0	 0.000000
 26.09	 1999	 7	 16	 0	 0	 0.000000
 25.97	 1999	 7	 17	 0	 0	 0.000000
 25.87	 1999	 7	 18	 0	 0	 0.000000
 25.5	 1999	 7	 19	 0	 0	 0.000000
 25.47	 1999	 7	 20	 0	 0	 0.000000
 25.35	 1999	 7	 21	 0	 0	 0.000000
 25.18	 1999	 7	 22	 0	 0	 0.000000
 25.26	 1999	 7	 23	 0	 0	 0.000000
 24.85	 1999	 7	 24	 0	 0	 0.000000
 24.47	 1999	 7	 25	 0	 0	 0.000000
 24.75	 1999	 7	 26	 0	 0	 0.000000
 25.22	 1999	 7	 27	 0	 0	 0.000000
 25.53	 1999	 7	 28	 0	 0	 0.000000
 25.73	 1999	 7	 29	 0	 0	 0.000000
 26.34	 1999	 7	 30	 0	 0	 0.000000
 25.94	 1999	 7	 31	 0	 0	 0.000000
 26.18	 1999	 8	 1	 0	 0	 0.000000
 26.09	 1999	 8	 2	 0	 0	 0.000000
 25.99	 1999	 8	 3	 0	 0	 0.000000
 26.01	 1999	 8	 4	 0	 0	 0.000000
 26.68	 1999	 8	 5	 0	 0	 0.000000
 26.86	 1999	 8	 6	 0	 0	 0.000000
 26.49	 1999	 8	 7	 0	 0	 0.000000
 26.14	 1999	 8	 8	 0	 0	 0.000000
 25.98	 1999	 8	 9	 0	 0	 0.000000
 26.2	 1999	 8	 10	 0	 0	 0.000000
 26.14	 1999	 8	 11	 0	 0	 0.000000
 26.06	 1999	 8	 12	 0	 0	 0.000000
 26.05	 1999	 8	 13	 0	 0	 0.000000
 26.2	 1999	 8	 14	 0	 0	 0.000000
 26.26	 1999	 8	 15	 0	 0	 0.000000
 26.34	 1999	 8	 16	 0	 0	 0.000000
 26.18	 1999	 8	 17	 0	 0	 0.000000
 26.21	 1999	 8	 18	 0	 0	 0.000000
 26.52	 1999	 8	 19	 0	 0	 0.000000
 26.41	 1999	 8	 20	 0	 0	 0.000000
 26.26	 1999	 8	 21	 0	 0	 0.000000
 26.49	 1999	 8	 22	 0	 0	 0.000000
 26.58	 1999	 8	 23	 0	 0	 0.000000
 26.57	 1999	 8	 24	 0	 0	 0.000000
 26.65	 1999	 8	 25	 0	 0	 0.000000
 26.44	 1999	 8	 26	 0	 0	 0.000000
 26.63	 1999	 8	 27	 0	 0	 0.000000
 26.67	 1999	 8	 28	 0	 0	 0.000000
 25.76	 1999	 8	 29	 0	 0	 0.000000
 25.72	 1999	 8	 30	 0	 0	 0.000000
 25.51	 1999	 8	 31	 0	 0	 0.000000
 25.54	 1999	 9	 1	 0	 0	 0.000000
 26.04	 1999	 9	 2	 0	 0	 0.000000
 26.48	 1999	 9	 3	 0	 0	 0.000000
 26.35	 1999	 9	 4	 0	 0	 0.000000
 25.95	 1999	 9	 5	 0	 0	 0.000000
 25.41	 1999	 9	 6	 0	 0	 0.000000
 24.96	 1999	 9	 7	 0	 0	 0.000000
 25.22	 1999	 9	 8	 0	 0	 0.000000
 25.58	 1999	 9	 9	 0	 0	 0.000000
 25.33	 1999	 9	 10	 0	 0	 0.000000
 25.08	 1999	 9	 11	 0	 0	 0.000000
 24.93	 1999	 9	 12	 0	 0	 0.000000
 24.91	 1999	 9	 13	 0	 0	 0.000000
 24.63	 1999	 9	 14	 0	 0	 0.000000
 24.55	 1999	 9	 15	 0	 0	 0.000000
 24.36	 1999	 9	 16	 0	 0	 0.000000
 24.01	 1999	 9	 17	 0	 0	 0.000000
 23.98	 1999	 9	 18	 0	 0	 0.000000
 24.01	 1999	 9	 19	 0	 0	 0.000000
 23.64	 1999	 9	 20	 0	 0	 0.000000
 23.44	 1999	 9	 21	 0	 0	 0.000000
 23.27	 1999	 9	 22	 0	 0	 0.000000
 23.2	 1999	 9	 23	 0	 0	 0.000000
 23.18	 1999	 9	 24	 0	 0	 0.000000
 23.09	 1999	 9	 25	 0	 0	 0.000000
 23.05	 1999	 9	 26	 0	 0	 0.000000
 23.13	 1999	 9	 27	 0	 0	 0.000000
 23.31	 1999	 9	 28	 0	 0	 0.000000
 23.41	 1999	 9	 29	 0	 0	 0.000000
 23.63	 1999	 9	 30	 0	 0	 0.000000
 23.72	 1999	 10	 1	 0	 0	 0.000000
 23.64	 1999	 10	 2	 0	 0	 0.000000
 23.05	 1999	 10	 3	 0	 0	 0.000000
 22.49	 1999	 10	 4	 0	 0	 0.000000
 22.96	 1999	 10	 5	 0	 0	 0.000000
 23.3	 1999	 10	 6	 0	 0	 0.000000
 23.24	 1999	 10	 7	 0	 0	 0.000000
 22.73	 1999	 10	 8	 0	 0	 0.000000
 22.21	 1999	 10	 9	 0	 0	 0.000000
 22.06	 1999	 10	 10	 0	 0	 0.000000
 21.5	 1999	 10	 11	 0	 0	 0.000000
 21.41	 1999	 10	 12	 0	 0	 0.000000
 21.33	 1999	 10	 13	 0	 0	 0.000000
 21.15	 1999	 10	 14	 0	 0	 0.000000
 21.01	 1999	 10	 15	 0	 0	 0.000000
 20.81	 1999	 10	 16	 0	 0	 0.000000
 20.71	 1999	 10	 17	 0	 0	 0.000000
 19.99	 1999	 10	 18	 0	 0	 0.000000
 19.83	 1999	 10	 19	 0	 0	 0.000000
 19.56	 1999	 10	 20	 0	 0	 0.000000
 19.39	 1999	 10	 21	 0	 0	 0.000000
 19.22	 1999	 10	 22	 0	 0	 0.000000
 19.2	 1999	 10	 23	 0	 0	 0.000000
 19.25	 1999	 10	 24	 0	 0	 0.000000
 19.25	 1999	 10	 25	 0	 0	 0.000000
 19.34	 1999	 10	 26	 0	 0	 0.000000
 19.38	 1999	 10	 27	 0	 0	 0.000000
 19.25	 1999	 10	 28	 0	 0	 0.000000
 18.61	 1999	 10	 29	 0	 0	 0.000000
 18.26	 1999	 10	 30	 0	 0	 0.000000
 18.09	 1999	 10	 31	 0	 0	 0.000000
 18.16	 1999	 11	 1	 0	 0	 0.000000
 18.37	 1999	 11	 2	 0	 0	 0.000000
 18.5	 1999	 11	 3	 0	 0	 0.000000
 18.61	 1999	 11	 4	 0	 0	 0.000000
 18.42	 1999	 11	 5	 0	 0	 0.000000
 18.14	 1999	 11	 6	 0	 0	 0.000000
 18.02	 1999	 11	 7	 0	 0	 0.000000
 17.87	 1999	 11	 8	 0	 0	 0.000000
 17.67	 1999	 11	 9	 0	 0	 0.000000
 17.49	 1999	 11	 10	 0	 0	 0.000000
 17.3	 1999	 11	 11	 0	 0	 0.000000
 17.17	 1999	 11	 12	 0	 0	 0.000000
 16.57	 1999	 11	 13	 0	 0	 0.000000
 15.98	 1999	 11	 14	 0	 0	 0.000000
 16.21	 1999	 11	 15	 0	 0	 0.000000
 16.26	 1999	 11	 16	 0	 0	 0.000000
 16.2	 1999	 11	 17	 0	 0	 0.000000
 16.13	 1999	 11	 18	 0	 0	 0.000000
 15.57	 1999	 11	 19	 0	 0	 0.000000
 15.65	 1999	 11	 20	 0	 0	 0.000000
 16.02	 1999	 11	 21	 0	 0	 0.000000
 16.05	 1999	 11	 22	 0	 0	 0.000000
 16.01	 1999	 11	 23	 0	 0	 0.000000
 15.91	 1999	 11	 24	 0	 0	 0.000000
 15.73	 1999	 11	 25	 0	 0	 0.000000
 15.54	 1999	 11	 26	 0	 0	 0.000000
 15.36	 1999	 11	 27	 0	 0	 0.000000
 15.17	 1999	 11	 28	 0	 0	 0.000000
 14.3	 1999	 11	 29	 0	 0	 0.000000
 14.57	 1999	 11	 30	 0	 0	 0.000000
 14.71	 1999	 12	 1	 0	 0	 0.000000
 14.29	 1999	 12	 2	 0	 0	 0.000000
 14.13	 1999	 12	 3	 0	 0	 0.000000
 13.9	 1999	 12	 4	 0	 0	 0.000000
 13.87	 1999	 12	 5	 0	 0	 0.000000
 13.8	 1999	 12	 6	 0	 0	 0.000000
 13.76	 1999	 12	 7	 0	 0	 0.000000
 13.64	 1999	 12	 8	 0	 0	 0.000000
 13.49	 1999	 12	 9	 0	 0	 0.000000
 13.59	 1999	 12	 10	 0	 0	 0.000000
 13.61	 1999	 12	 11	 0	 0	 0.000000
 13.55	 1999	 12	 12	 0	 0	 0.000000
 13.21	 1999	 12	 13	 0	 0	 0.000000
 13.01	 1999	 12	 14	 0	 0	 0.000000
 12.93	 1999	 12	 15	 0	 0	 0.000000
 12.69	 1999	 12	 16	 0	 0	 0.000000
 12.69	 1999	 12	 17	 0	 0	 0.000000
 12.73	 1999	 12	 18	 0	 0	 0.000000
 12.74	 1999	 12	 19	 0	 0	 0.000000
 12.79	 1999	 12	 20	 0	 0	 0.000000
 12.52	 1999	 12	 21	 0	 0	 0.000000
 12.32	 1999	 12	 22	 0	 0	 0.000000
 11.54	 1999	 12	 23	 0	 0	 0.000000
 10.88	 1999	 12	 24	 0	 0	 0.000000
 10.68	 1999	 12	 25	 0	 0	 0.000000
 10.63	 1999	 12	 26	 0	 0	 0.000000
 10.59	 1999	 12	 27	 0	 0	 0.000000
 10.54	 1999	 12	 28	 0	 0	 0.000000
 10.5	 1999	 12	 29	 0	 0	 0.000000
 10.45	 1999	 12	 30	 0	 0	 0.000000
 10.41	 1999	 12	 31	 0	 0	 0.000000
 10.36	 2000	 1	 1	 0	 0	 0.000000
 10.31	 2000	 1	 2	 0	 0	 0.000000
 10.26	 2000	 1	 3	 0	 0	 0.000000
 10.21	 2000	 1	 4	 0	 0	 0.000000
 10.16	 2000	 1	 5	 0	 0	 0.000000
 10.76	 2000	 1	 6	 0	 0	 0.000000
 10.79	 2000	 1	 7	 0	 0	 0.000000
 10.74	 2000	 1	 8	 0	 0	 0.000000
 10.48	 2000	 1	 9	 0	 0	 0.000000
 10.32	 2000	 1	 10	 0	 0	 0.000000
 10.3	 2000	 1	 11	 0	 0	 0.000000
 9.9	 2000	 1	 12	 0	 0	 0.000000
 9.87	 2000	 1	 13	 0	 0	 0.000000
 10.07	 2000	 1	 14	 0	 0	 0.000000
 10.25	 2000	 1	 15	 0	 0	 0.000000
 10.55	 2000	 1	 16	 0	 0	 0.000000
 10.67	 2000	 1	 17	 0	 0	 0.000000
 10.57	 2000	 1	 18	 0	 0	 0.000000
 10.11	 2000	 1	 19	 0	 0	 0.000000
 9.82	 2000	 1	 20	 0	 0	 0.000000
 9.66	 2000	 1	 21	 0	 0	 0.000000
 9.55	 2000	 1	 22	 0	 0	 0.000000
 9.48	 2000	 1	 23	 0	 0	 0.000000
 9.4	 2000	 1	 24	 0	 0	 0.000000
 9.33	 2000	 1	 25	 0	 0	 0.000000
 8.81	 2000	 1	 26	 0	 0	 0.000000
 8.67	 2000	 1	 27	 0	 0	 0.000000
 8.48	 2000	 1	 28	 0	 0	 0.000000
 8.49	 2000	 1	 29	 0	 0	 0.000000
 8.52	 2000	 1	 30	 0	 0	 0.000000
 8.51	 2000	 1	 31	 0	 0	 0.000000
 8.17	 2000	 2	 1	 0	 0	 0.000000
 8.19	 2000	 2	 2	 0	 0	 0.000000
 8.2	 2000	 2	 3	 0	 0	 0.000000
 8.27	 2000	 2	 4	 0	 0	 0.000000
 8.02	 2000	 2	 5	 0	 0	 0.000000
 8.24	 2000	 2	 6	 0	 0	 0.000000
 8.35	 2000	 2	 7	 0	 0	 0.000000
 8.24	 2000	 2	 8	 0	 0	 0.000000
 8.67	 2000	 2	 9	 0	 0	 0.000000
 9.03	 2000	 2	 10	 0	 0	 0.000000
 9	 2000	 2	 11	 0	 0	 0.000000
 8.14	 2000	 2	 12	 0	 0	 0.000000
 8.14	 2000	 2	 13	 0	 0	 0.000000
 8.23	 2000	 2	 14	 0	 0	 0.000000
 8.2	 2000	 2	 15	 0	 0	 0.000000
 8.17	 2000	 2	 16	 0	 0	 0.000000
 8.63	 2000	 2	 17	 0	 0	 0.000000
 8.81	 2000	 2	 18	 0	 0	 0.000000
 8.98	 2000	 2	 19	 0	 0	 0.000000
 8.88	 2000	 2	 20	 0	 0	 0.000000
 9.04	 2000	 2	 21	 0	 0	 0.000000
 9.06	 2000	 2	 22	 0	 0	 0.000000
 8.84	 2000	 2	 23	 0	 0	 0.000000
 8.73	 2000	 2	 24	 0	 0	 0.000000
 8.68	 2000	 2	 25	 0	 0	 0.000000
 8.67	 2000	 2	 26	 0	 0	 0.000000
 8.79	 2000	 2	 27	 0	 0	 0.000000
 8.69	 2000	 2	 28	 0	 0	 0.000000
 8.65	 2000	 2	 29	 0	 0	 0.000000
 8.62	 2000	 3	 1	 0	 0	 0.000000
 8.55	 2000	 3	 2	 0	 0	 0.000000
 8.38	 2000	 3	 3	 0	 0	 0.000000
 8.36	 2000	 3	 4	 0	 0	 0.000000
 8.11	 2000	 3	 5	 0	 0	 0.000000
 8.05	 2000	 3	 6	 0	 0	 0.000000
 8.48	 2000	 3	 7	 0	 0	 0.000000
 8.68	 2000	 3	 8	 0	 0	 0.000000
 8.71	 2000	 3	 9	 0	 0	 0.000000
 8.67	 2000	 3	 10	 0	 0	 0.000000
 8.69	 2000	 3	 11	 0	 0	 0.000000
 8.44	 2000	 3	 12	 0	 0	 0.000000
 8.54	 2000	 3	 13	 0	 0	 0.000000
 8.64	 2000	 3	 14	 0	 0	 0.000000
 8.68	 2000	 3	 15	 0	 0	 0.000000
 8.44	 2000	 3	 16	 0	 0	 0.000000
 8.33	 2000	 3	 17	 0	 0	 0.000000
 8.36	 2000	 3	 18	 0	 0	 0.000000
 8.48	 2000	 3	 19	 0	 0	 0.000000
 8.98	 2000	 3	 20	 0	 0	 0.000000
 8.85	 2000	 3	 21	 0	 0	 0.000000
 8.73	 2000	 3	 22	 0	 0	 0.000000
 8.74	 2000	 3	 23	 0	 0	 0.000000
 8.97	 2000	 3	 24	 0	 0	 0.000000
 9.23	 2000	 3	 25	 0	 0	 0.000000
 9.44	 2000	 3	 26	 0	 0	 0.000000
 9.45	 2000	 3	 27	 0	 0	 0.000000
 10.04	 2000	 3	 28	 0	 0	 0.000000
 10.58	 2000	 3	 29	 0	 0	 0.000000
 10.64	 2000	 3	 30	 0	 0	 0.000000
 11.12	 2000	 3	 31	 0	 0	 0.000000
 11.05	 2000	 4	 1	 0	 0	 0.000000
 11.15	 2000	 4	 2	 0	 0	 0.000000
 11.01	 2000	 4	 3	 0	 0	 0.000000
 11.26	 2000	 4	 4	 0	 0	 0.000000
 11.42	 2000	 4	 5	 0	 0	 0.000000
 11.75	 2000	 4	 6	 0	 0	 0.000000
 11.62	 2000	 4	 7	 0	 0	 0.000000
 11.55	 2000	 4	 8	 0	 0	 0.000000
 11.54	 2000	 4	 9	 0	 0	 0.000000
 10.94	 2000	 4	 10	 0	 0	 0.000000
 10.92	 2000	 4	 11	 0	 0	 0.000000
 10.38	 2000	 4	 12	 0	 0	 0.000000
 10.63	 2000	 4	 13	 0	 0	 0.000000
 11.15	 2000	 4	 14	 0	 0	 0.000000
 12.62	 2000	 4	 15	 0	 0	 0.000000
 12.59	 2000	 4	 16	 0	 0	 0.000000
 12.33	 2000	 4	 17	 0	 0	 0.000000
 12.41	 2000	 4	 18	 0	 0	 0.000000
 11.2	 2000	 4	 19	 0	 0	 0.000000
 10.82	 2000	 4	 20	 0	 0	 0.000000
 11.79	 2000	 4	 21	 0	 0	 0.000000
 12.24	 2000	 4	 22	 0	 0	 0.000000
 14.43	 2000	 4	 23	 0	 0	 0.000000
 14.71	 2000	 4	 24	 0	 0	 0.000000
 15.1	 2000	 4	 25	 0	 0	 0.000000
 15.55	 2000	 4	 26	 0	 0	 0.000000
 15.76	 2000	 4	 27	 0	 0	 0.000000
 15.86	 2000	 4	 28	 0	 0	 0.000000
 15.97	 2000	 4	 29	 0	 0	 0.000000
 15.6	 2000	 4	 30	 0	 0	 0.000000
 15.75	 2000	 5	 1	 0	 0	 0.000000
 15.79	 2000	 5	 2	 0	 0	 0.000000
 15.28	 2000	 5	 3	 0	 0	 0.000000
 14.97	 2000	 5	 4	 0	 0	 0.000000
 14.95	 2000	 5	 5	 0	 0	 0.000000
 15.01	 2000	 5	 6	 0	 0	 0.000000
 14.56	 2000	 5	 7	 0	 0	 0.000000
 14.47	 2000	 5	 8	 0	 0	 0.000000
 14.48	 2000	 5	 9	 0	 0	 0.000000
 15.28	 2000	 5	 10	 0	 0	 0.000000
 15.45	 2000	 5	 11	 0	 0	 0.000000
 15.58	 2000	 5	 12	 0	 0	 0.000000
 15.77	 2000	 5	 13	 0	 0	 0.000000
 16.05	 2000	 5	 14	 0	 0	 0.000000
 16.08	 2000	 5	 15	 0	 0	 0.000000
 16.2	 2000	 5	 16	 0	 0	 0.000000
 16.32	 2000	 5	 17	 0	 0	 0.000000
 16.29	 2000	 5	 18	 0	 0	 0.000000
 16.85	 2000	 5	 19	 0	 0	 0.000000
 17.52	 2000	 5	 20	 0	 0	 0.000000
 18.16	 2000	 5	 21	 0	 0	 0.000000
 18.56	 2000	 5	 22	 0	 0	 0.000000
 18.8	 2000	 5	 23	 0	 0	 0.000000
 18.48	 2000	 5	 24	 0	 0	 0.000000
 18.54	 2000	 5	 25	 0	 0	 0.000000
 18.26	 2000	 5	 26	 0	 0	 0.000000
 19.02	 2000	 5	 27	 0	 0	 0.000000
 19.71	 2000	 5	 28	 0	 0	 0.000000
 20.28	 2000	 5	 29	 0	 0	 0.000000
 20.55	 2000	 5	 30	 0	 0	 0.000000
 20.26	 2000	 5	 31	 0	 0	 0.000000
 19.62	 2000	 6	 1	 0	 0	 0.000000
 19.7	 2000	 6	 2	 0	 0	 0.000000
 19.55	 2000	 6	 3	 0	 0	 0.000000
 19.48	 2000	 6	 4	 0	 0	 0.000000
 20.37	 2000	 6	 5	 0	 0	 0.000000
 20.45	 2000	 6	 6	 0	 0	 0.000000
 20.46	 2000	 6	 7	 0	 0	 0.000000
 20.66	 2000	 6	 8	 0	 0	 0.000000
 21.04	 2000	 6	 9	 0	 0	 0.000000
 20.52	 2000	 6	 10	 0	 0	 0.000000
 20.53	 2000	 6	 11	 0	 0	 0.000000
 21.1	 2000	 6	 12	 0	 0	 0.000000
 21.63	 2000	 6	 13	 0	 0	 0.000000
 21.8	 2000	 6	 14	 0	 0	 0.000000
 21.49	 2000	 6	 15	 0	 0	 0.000000
 21.39	 2000	 6	 16	 0	 0	 0.000000
 21.91	 2000	 6	 17	 0	 0	 0.000000
 22.17	 2000	 6	 18	 0	 0	 0.000000
 20.75	 2000	 6	 19	 0	 0	 0.000000
 19.82	 2000	 6	 20	 0	 0	 0.000000
 19.63	 2000	 6	 21	 0	 0	 0.000000
 19.71	 2000	 6	 22	 0	 0	 0.000000
 20.17	 2000	 6	 23	 0	 0	 0.000000
 20.63	 2000	 6	 24	 0	 0	 0.000000
 20.49	 2000	 6	 25	 0	 0	 0.000000
 21.83	 2000	 6	 26	 0	 0	 0.000000
 22.75	 2000	 6	 27	 0	 0	 0.000000
 22.6	 2000	 6	 28	 0	 0	 0.000000
 22.34	 2000	 6	 29	 0	 0	 0.000000
 22.35	 2000	 6	 30	 0	 0	 0.000000
 23.17	 2000	 7	 1	 0	 0	 0.000000
 23.48	 2000	 7	 2	 0	 0	 0.000000
 23.59	 2000	 7	 3	 0	 0	 0.000000
 23.72	 2000	 7	 4	 0	 0	 0.000000
 23.87	 2000	 7	 5	 0	 0	 0.000000
 24.09	 2000	 7	 6	 0	 0	 0.000000
 24.41	 2000	 7	 7	 0	 0	 0.000000
 24.74	 2000	 7	 8	 0	 0	 0.000000
 24.92	 2000	 7	 9	 0	 0	 0.000000
 24.95	 2000	 7	 10	 0	 0	 0.000000
 24.69	 2000	 7	 11	 0	 0	 0.000000
 24.82	 2000	 7	 12	 0	 0	 0.000000
 25.12	 2000	 7	 13	 0	 0	 0.000000
 24.95	 2000	 7	 14	 0	 0	 0.000000
 24.55	 2000	 7	 15	 0	 0	 0.000000
 24.55	 2000	 7	 16	 0	 0	 0.000000
 24.94	 2000	 7	 17	 0	 0	 0.000000
 25.04	 2000	 7	 18	 0	 0	 0.000000
 24.2	 2000	 7	 19	 0	 0	 0.000000
 24.31	 2000	 7	 20	 0	 0	 0.000000
 25.22	 2000	 7	 21	 0	 0	 0.000000
 25.51	 2000	 7	 22	 0	 0	 0.000000
 25.13	 2000	 7	 23	 0	 0	 0.000000
 25.09	 2000	 7	 24	 0	 0	 0.000000
 25.03	 2000	 7	 25	 0	 0	 0.000000
 24.94	 2000	 7	 26	 0	 0	 0.000000
 25.11	 2000	 7	 27	 0	 0	 0.000000
 25.66	 2000	 7	 28	 0	 0	 0.000000
 26.39	 2000	 7	 29	 0	 0	 0.000000
 26.92	 2000	 7	 30	 0	 0	 0.000000
 26.77	 2000	 7	 31	 0	 0	 0.000000
 26.66	 2000	 8	 1	 0	 0	 0.000000
 26.49	 2000	 8	 2	 0	 0	 0.000000
 26.36	 2000	 8	 3	 0	 0	 0.000000
 25.58	 2000	 8	 4	 0	 0	 0.000000
 25.44	 2000	 8	 5	 0	 0	 0.000000
 25.1	 2000	 8	 6	 0	 0	 0.000000
 24.91	 2000	 8	 7	 0	 0	 0.000000
 25.04	 2000	 8	 8	 0	 0	 0.000000
 24.92	 2000	 8	 9	 0	 0	 0.000000
 24.48	 2000	 8	 10	 0	 0	 0.000000
 24.67	 2000	 8	 11	 0	 0	 0.000000
 25.08	 2000	 8	 12	 0	 0	 0.000000
 25.92	 2000	 8	 13	 0	 0	 0.000000
 25.55	 2000	 8	 14	 0	 0	 0.000000
 25.66	 2000	 8	 15	 0	 0	 0.000000
 25.86	 2000	 8	 16	 0	 0	 0.000000
 25.96	 2000	 8	 17	 0	 0	 0.000000
 25.74	 2000	 8	 18	 0	 0	 0.000000
 25.34	 2000	 8	 19	 0	 0	 0.000000
 25.5	 2000	 8	 20	 0	 0	 0.000000
 25.8	 2000	 8	 21	 0	 0	 0.000000
 26.24	 2000	 8	 22	 0	 0	 0.000000
 26.26	 2000	 8	 23	 0	 0	 0.000000
 25.83	 2000	 8	 24	 0	 0	 0.000000
 24.98	 2000	 8	 25	 0	 0	 0.000000
 24.91	 2000	 8	 26	 0	 0	 0.000000
 24.91	 2000	 8	 27	 0	 0	 0.000000
 24.36	 2000	 8	 28	 0	 0	 0.000000
 23.97	 2000	 8	 29	 0	 0	 0.000000
 23.83	 2000	 8	 30	 0	 0	 0.000000
 24.53	 2000	 8	 31	 0	 0	 0.000000
 24.72	 2000	 9	 1	 0	 0	 0.000000
 24.84	 2000	 9	 2	 0	 0	 0.000000
 24.83	 2000	 9	 3	 0	 0	 0.000000
 24.84	 2000	 9	 4	 0	 0	 0.000000
 24.66	 2000	 9	 5	 0	 0	 0.000000
 24.77	 2000	 9	 6	 0	 0	 0.000000
 24.34	 2000	 9	 7	 0	 0	 0.000000
 24.45	 2000	 9	 8	 0	 0	 0.000000
 24.43	 2000	 9	 9	 0	 0	 0.000000
 24.3	 2000	 9	 10	 0	 0	 0.000000
 24.24	 2000	 9	 11	 0	 0	 0.000000
 24.17	 2000	 9	 12	 0	 0	 0.000000
 24.04	 2000	 9	 13	 0	 0	 0.000000
 23.93	 2000	 9	 14	 0	 0	 0.000000
 23.83	 2000	 9	 15	 0	 0	 0.000000
 24.09	 2000	 9	 16	 0	 0	 0.000000
 24.06	 2000	 9	 17	 0	 0	 0.000000
 24.25	 2000	 9	 18	 0	 0	 0.000000
 24.6	 2000	 9	 19	 0	 0	 0.000000
 24.5	 2000	 9	 20	 0	 0	 0.000000
 23.73	 2000	 9	 21	 0	 0	 0.000000
 23.3	 2000	 9	 22	 0	 0	 0.000000
 23.33	 2000	 9	 23	 0	 0	 0.000000
 23.16	 2000	 9	 24	 0	 0	 0.000000
 22.8	 2000	 9	 25	 0	 0	 0.000000
 22.74	 2000	 9	 26	 0	 0	 0.000000
 22.61	 2000	 9	 27	 0	 0	 0.000000
 22.47	 2000	 9	 28	 0	 0	 0.000000
 22.46	 2000	 9	 29	 0	 0	 0.000000
 22.43	 2000	 9	 30	 0	 0	 0.000000
 22.16	 2000	 10	 1	 0	 0	 0.000000
 22.13	 2000	 10	 2	 0	 0	 0.000000
 22.34	 2000	 10	 3	 0	 0	 0.000000
 22.24	 2000	 10	 4	 0	 0	 0.000000
 22.25	 2000	 10	 5	 0	 0	 0.000000
 22.22	 2000	 10	 6	 0	 0	 0.000000
 22.12	 2000	 10	 7	 0	 0	 0.000000
 22.09	 2000	 10	 8	 0	 0	 0.000000
 21.44	 2000	 10	 9	 0	 0	 0.000000
 21.19	 2000	 10	 10	 0	 0	 0.000000
 20.9	 2000	 10	 11	 0	 0	 0.000000
 20.84	 2000	 10	 12	 0	 0	 0.000000
 20.94	 2000	 10	 13	 0	 0	 0.000000
 20.55	 2000	 10	 14	 0	 0	 0.000000
 20.15	 2000	 10	 15	 0	 0	 0.000000
 19.73	 2000	 10	 16	 0	 0	 0.000000
 19.69	 2000	 10	 17	 0	 0	 0.000000
 19.75	 2000	 10	 18	 0	 0	 0.000000
 18.99	 2000	 10	 19	 0	 0	 0.000000
 19.12	 2000	 10	 20	 0	 0	 0.000000
 19.13	 2000	 10	 21	 0	 0	 0.000000
 18.45	 2000	 10	 22	 0	 0	 0.000000
 18.01	 2000	 10	 23	 0	 0	 0.000000
 17.95	 2000	 10	 24	 0	 0	 0.000000
 17.9	 2000	 10	 25	 0	 0	 0.000000
 18.17	 2000	 10	 26	 0	 0	 0.000000
 18.5	 2000	 10	 27	 0	 0	 0.000000
 18.55	 2000	 10	 28	 0	 0	 0.000000
 18.57	 2000	 10	 29	 0	 0	 0.000000
 17.8	 2000	 10	 30	 0	 0	 0.000000
 17.64	 2000	 10	 31	 0	 0	 0.000000
 17.78	 2000	 11	 1	 0	 0	 0.000000
 18	 2000	 11	 2	 0	 0	 0.000000
 18.09	 2000	 11	 3	 0	 0	 0.000000
 18.23	 2000	 11	 4	 0	 0	 0.000000
 18.22	 2000	 11	 5	 0	 0	 0.000000
 18.08	 2000	 11	 6	 0	 0	 0.000000
 17.51	 2000	 11	 7	 0	 0	 0.000000
 17.58	 2000	 11	 8	 0	 0	 0.000000
 17.65	 2000	 11	 9	 0	 0	 0.000000
 17.59	 2000	 11	 10	 0	 0	 0.000000
 16.86	 2000	 11	 11	 0	 0	 0.000000
 17.07	 2000	 11	 12	 0	 0	 0.000000
 17.19	 2000	 11	 13	 0	 0	 0.000000
 16.99	 2000	 11	 14	 0	 0	 0.000000
 16.88	 2000	 11	 15	 0	 0	 0.000000
 16.65	 2000	 11	 16	 0	 0	 0.000000
 16.3	 2000	 11	 17	 0	 0	 0.000000
 16.08	 2000	 11	 18	 0	 0	 0.000000
 16.18	 2000	 11	 19	 0	 0	 0.000000
 16.37	 2000	 11	 20	 0	 0	 0.000000
 16.24	 2000	 11	 21	 0	 0	 0.000000
 15.9	 2000	 11	 22	 0	 0	 0.000000
 15.64	 2000	 11	 23	 0	 0	 0.000000
 15.17	 2000	 11	 24	 0	 0	 0.000000
 15	 2000	 11	 25	 0	 0	 0.000000
 15.26	 2000	 11	 26	 0	 0	 0.000000
 15.35	 2000	 11	 27	 0	 0	 0.000000
 15.34	 2000	 11	 28	 0	 0	 0.000000
 15.43	 2000	 11	 29	 0	 0	 0.000000
 15.4	 2000	 11	 30	 0	 0	 0.000000
 15.03	 2000	 12	 1	 0	 0	 0.000000
 14.67	 2000	 12	 2	 0	 0	 0.000000
 15.03	 2000	 12	 3	 0	 0	 0.000000
 15.23	 2000	 12	 4	 0	 0	 0.000000
 15.37	 2000	 12	 5	 0	 0	 0.000000
 15.37	 2000	 12	 6	 0	 0	 0.000000
 15.16	 2000	 12	 7	 0	 0	 0.000000
 14.66	 2000	 12	 8	 0	 0	 0.000000
 14.54	 2000	 12	 9	 0	 0	 0.000000
 14.46	 2000	 12	 10	 0	 0	 0.000000
 14.25	 2000	 12	 11	 0	 0	 0.000000
 14.16	 2000	 12	 12	 0	 0	 0.000000
 14.06	 2000	 12	 13	 0	 0	 0.000000
 13.88	 2000	 12	 14	 0	 0	 0.000000
 13.75	 2000	 12	 15	 0	 0	 0.000000
 13.59	 2000	 12	 16	 0	 0	 0.000000
 13.46	 2000	 12	 17	 0	 0	 0.000000
 13.02	 2000	 12	 18	 0	 0	 0.000000
 12.73	 2000	 12	 19	 0	 0	 0.000000
 12.64	 2000	 12	 20	 0	 0	 0.000000
 12.62	 2000	 12	 21	 0	 0	 0.000000
 12.93	 2000	 12	 22	 0	 0	 0.000000
 13.11	 2000	 12	 23	 0	 0	 0.000000
 13.13	 2000	 12	 24	 0	 0	 0.000000
 12.99	 2000	 12	 25	 0	 0	 0.000000
 12.86	 2000	 12	 26	 0	 0	 0.000000
 12.15	 2000	 12	 27	 0	 0	 0.000000
 11.84	 2000	 12	 28	 0	 0	 0.000000
 11.75	 2000	 12	 29	 0	 0	 0.000000
 11.5	 2000	 12	 30	 0	 0	 0.000000
 11.44	 2000	 12	 31	 0	 0	 0.000000
 11.33	 2001	 1	 1	 0	 0	 0.000000
 11.49	 2001	 1	 2	 0	 0	 0.000000
 11.71	 2001	 1	 3	 0	 0	 0.000000
 11.72	 2001	 1	 4	 0	 0	 0.000000
 11.39	 2001	 1	 5	 0	 0	 0.000000
 11.36	 2001	 1	 6	 0	 0	 0.000000
 11.32	 2001	 1	 7	 0	 0	 0.000000
 11.22	 2001	 1	 8	 0	 0	 0.000000
 11.32	 2001	 1	 9	 0	 0	 0.000000
 11.29	 2001	 1	 10	 0	 0	 0.000000
 10.93	 2001	 1	 11	 0	 0	 0.000000
 10.95	 2001	 1	 12	 0	 0	 0.000000
 11.01	 2001	 1	 13	 0	 0	 0.000000
 10.39	 2001	 1	 14	 0	 0	 0.000000
 10.26	 2001	 1	 15	 0	 0	 0.000000
 10.39	 2001	 1	 16	 0	 0	 0.000000
 10.46	 2001	 1	 17	 0	 0	 0.000000
 10.49	 2001	 1	 18	 0	 0	 0.000000
 10.44	 2001	 1	 19	 0	 0	 0.000000
 10.31	 2001	 1	 20	 0	 0	 0.000000
 10.24	 2001	 1	 21	 0	 0	 0.000000
 10.26	 2001	 1	 22	 0	 0	 0.000000
 10.11	 2001	 1	 23	 0	 0	 0.000000
 10.06	 2001	 1	 24	 0	 0	 0.000000
 10.16	 2001	 1	 25	 0	 0	 0.000000
 10.01	 2001	 1	 26	 0	 0	 0.000000
 9.8	 2001	 1	 27	 0	 0	 0.000000
 9.78	 2001	 1	 28	 0	 0	 0.000000
 10.23	 2001	 1	 29	 0	 0	 0.000000
 10.23	 2001	 1	 30	 0	 0	 0.000000
 10.24	 2001	 1	 31	 0	 0	 0.000000
 9.76	 2001	 2	 1	 0	 0	 0.000000
 9.5	 2001	 2	 2	 0	 0	 0.000000
 9.43	 2001	 2	 3	 0	 0	 0.000000
 9.25	 2001	 2	 4	 0	 0	 0.000000
 9.35	 2001	 2	 5	 0	 0	 0.000000
 9.34	 2001	 2	 6	 0	 0	 0.000000
 9.72	 2001	 2	 7	 0	 0	 0.000000
 9.72	 2001	 2	 8	 0	 0	 0.000000
 9.84	 2001	 2	 9	 0	 0	 0.000000
 10.06	 2001	 2	 10	 0	 0	 0.000000
 10.19	 2001	 2	 11	 0	 0	 0.000000
 10.18	 2001	 2	 12	 0	 0	 0.000000
 10.01	 2001	 2	 13	 0	 0	 0.000000
 9.96	 2001	 2	 14	 0	 0	 0.000000
 9.75	 2001	 2	 15	 0	 0	 0.000000
 9.53	 2001	 2	 16	 0	 0	 0.000000
 9.4	 2001	 2	 17	 0	 0	 0.000000
 9.39	 2001	 2	 18	 0	 0	 0.000000
 9.52	 2001	 2	 19	 0	 0	 0.000000
 9.18	 2001	 2	 20	 0	 0	 0.000000
 9.04	 2001	 2	 21	 0	 0	 0.000000
 9.04	 2001	 2	 22	 0	 0	 0.000000
 8.88	 2001	 2	 23	 0	 0	 0.000000
 8.77	 2001	 2	 24	 0	 0	 0.000000
 8.75	 2001	 2	 25	 0	 0	 0.000000
 8.75	 2001	 2	 26	 0	 0	 0.000000
 8.75	 2001	 2	 27	 0	 0	 0.000000
 8.75	 2001	 2	 28	 0	 0	 0.000000
 8.88	 2001	 3	 1	 0	 0	 0.000000
 9.14	 2001	 3	 2	 0	 0	 0.000000
 9.14	 2001	 3	 3	 0	 0	 0.000000
 9.1	 2001	 3	 4	 0	 0	 0.000000
 9.8	 2001	 3	 5	 0	 0	 0.000000
 9.87	 2001	 3	 6	 0	 0	 0.000000
 9.88	 2001	 3	 7	 0	 0	 0.000000
 9.44	 2001	 3	 8	 0	 0	 0.000000
 9.42	 2001	 3	 9	 0	 0	 0.000000
 9.61	 2001	 3	 10	 0	 0	 0.000000
 9.87	 2001	 3	 11	 0	 0	 0.000000
 10.03	 2001	 3	 12	 0	 0	 0.000000
 10.01	 2001	 3	 13	 0	 0	 0.000000
 10.02	 2001	 3	 14	 0	 0	 0.000000
 9.96	 2001	 3	 15	 0	 0	 0.000000
 10.06	 2001	 3	 16	 0	 0	 0.000000
 10.09	 2001	 3	 17	 0	 0	 0.000000
 10.1	 2001	 3	 18	 0	 0	 0.000000
 10.08	 2001	 3	 19	 0	 0	 0.000000
 10.16	 2001	 3	 20	 0	 0	 0.000000
 10.18	 2001	 3	 21	 0	 0	 0.000000
 10.24	 2001	 3	 22	 0	 0	 0.000000
 10.29	 2001	 3	 23	 0	 0	 0.000000
 10.59	 2001	 3	 24	 0	 0	 0.000000
 10.38	 2001	 3	 25	 0	 0	 0.000000
 10.36	 2001	 3	 26	 0	 0	 0.000000
 10.3	 2001	 3	 27	 0	 0	 0.000000
 10.45	 2001	 3	 28	 0	 0	 0.000000
 10.61	 2001	 3	 29	 0	 0	 0.000000
 10.73	 2001	 3	 30	 0	 0	 0.000000
 10.85	 2001	 3	 31	 0	 0	 0.000000
 10.96	 2001	 4	 1	 0	 0	 0.000000
 11.06	 2001	 4	 2	 0	 0	 0.000000
 11.15	 2001	 4	 3	 0	 0	 0.000000
 10.54	 2001	 4	 4	 0	 0	 0.000000
 10.54	 2001	 4	 5	 0	 0	 0.000000
 10.87	 2001	 4	 6	 0	 0	 0.000000
 11.39	 2001	 4	 7	 0	 0	 0.000000
 11.37	 2001	 4	 8	 0	 0	 0.000000
 11.19	 2001	 4	 9	 0	 0	 0.000000
 11.11	 2001	 4	 10	 0	 0	 0.000000
 11.08	 2001	 4	 11	 0	 0	 0.000000
 11.05	 2001	 4	 12	 0	 0	 0.000000
 11.42	 2001	 4	 13	 0	 0	 0.000000
 11.79	 2001	 4	 14	 0	 0	 0.000000
 11.86	 2001	 4	 15	 0	 0	 0.000000
 11.49	 2001	 4	 16	 0	 0	 0.000000
 11.34	 2001	 4	 17	 0	 0	 0.000000
 11.46	 2001	 4	 18	 0	 0	 0.000000
 11.61	 2001	 4	 19	 0	 0	 0.000000
 11.9	 2001	 4	 20	 0	 0	 0.000000
 12.02	 2001	 4	 21	 0	 0	 0.000000
 11.99	 2001	 4	 22	 0	 0	 0.000000
 12.17	 2001	 4	 23	 0	 0	 0.000000
 12.34	 2001	 4	 24	 0	 0	 0.000000
 12.59	 2001	 4	 25	 0	 0	 0.000000
 13.36	 2001	 4	 26	 0	 0	 0.000000
 13.87	 2001	 4	 27	 0	 0	 0.000000
 14.27	 2001	 4	 28	 0	 0	 0.000000
 14.36	 2001	 4	 29	 0	 0	 0.000000
 14.81	 2001	 4	 30	 0	 0	 0.000000
 15.06	 2001	 5	 1	 0	 0	 0.000000
 15.03	 2001	 5	 2	 0	 0	 0.000000
 15.03	 2001	 5	 3	 0	 0	 0.000000
 15.08	 2001	 5	 4	 0	 0	 0.000000
 16.6	 2001	 5	 5	 0	 0	 0.000000
 16.5	 2001	 5	 6	 0	 0	 0.000000
 16.82	 2001	 5	 7	 0	 0	 0.000000
 17.28	 2001	 5	 8	 0	 0	 0.000000
 17.32	 2001	 5	 9	 0	 0	 0.000000
 17.3	 2001	 5	 10	 0	 0	 0.000000
 15.93	 2001	 5	 11	 0	 0	 0.000000
 15.85	 2001	 5	 12	 0	 0	 0.000000
 15.85	 2001	 5	 13	 0	 0	 0.000000
 15.31	 2001	 5	 14	 0	 0	 0.000000
 15.25	 2001	 5	 15	 0	 0	 0.000000
 16.44	 2001	 5	 16	 0	 0	 0.000000
 17.06	 2001	 5	 17	 0	 0	 0.000000
 17.47	 2001	 5	 18	 0	 0	 0.000000
 17.68	 2001	 5	 19	 0	 0	 0.000000
 16.86	 2001	 5	 20	 0	 0	 0.000000
 16.1	 2001	 5	 21	 0	 0	 0.000000
 16.28	 2001	 5	 22	 0	 0	 0.000000
 16.34	 2001	 5	 23	 0	 0	 0.000000
 16.52	 2001	 5	 24	 0	 0	 0.000000
 16.51	 2001	 5	 25	 0	 0	 0.000000
 16.74	 2001	 5	 26	 0	 0	 0.000000
 16.86	 2001	 5	 27	 0	 0	 0.000000
 17.63	 2001	 5	 28	 0	 0	 0.000000
 17.73	 2001	 5	 29	 0	 0	 0.000000
 16.41	 2001	 5	 30	 0	 0	 0.000000
 16.26	 2001	 5	 31	 0	 0	 0.000000
 16.22	 2001	 6	 1	 0	 0	 0.000000
 16.34	 2001	 6	 2	 0	 0	 0.000000
 17.76	 2001	 6	 3	 0	 0	 0.000000
 18.13	 2001	 6	 4	 0	 0	 0.000000
 18.82	 2001	 6	 5	 0	 0	 0.000000
 19.12	 2001	 6	 6	 0	 0	 0.000000
 18.28	 2001	 6	 7	 0	 0	 0.000000
 18.23	 2001	 6	 8	 0	 0	 0.000000
 18.62	 2001	 6	 9	 0	 0	 0.000000
 18.92	 2001	 6	 10	 0	 0	 0.000000
 19.03	 2001	 6	 11	 0	 0	 0.000000
 19.15	 2001	 6	 12	 0	 0	 0.000000
 19.58	 2001	 6	 13	 0	 0	 0.000000
 20.3	 2001	 6	 14	 0	 0	 0.000000
 20.76	 2001	 6	 15	 0	 0	 0.000000
 20.79	 2001	 6	 16	 0	 0	 0.000000
 19.69	 2001	 6	 17	 0	 0	 0.000000
 19.73	 2001	 6	 18	 0	 0	 0.000000
 19.75	 2001	 6	 19	 0	 0	 0.000000
 19.89	 2001	 6	 20	 0	 0	 0.000000
 20.02	 2001	 6	 21	 0	 0	 0.000000
 20.15	 2001	 6	 22	 0	 0	 0.000000
 22.53	 2001	 6	 23	 0	 0	 0.000000
 22.41	 2001	 6	 24	 0	 0	 0.000000
 21.89	 2001	 6	 25	 0	 0	 0.000000
 21.91	 2001	 6	 26	 0	 0	 0.000000
 22.21	 2001	 6	 27	 0	 0	 0.000000
 22.5	 2001	 6	 28	 0	 0	 0.000000
 22.56	 2001	 6	 29	 0	 0	 0.000000
 22.35	 2001	 6	 30	 0	 0	 0.000000
 22.11	 2001	 7	 1	 0	 0	 0.000000
 23.09	 2001	 7	 2	 0	 0	 0.000000
 23.51	 2001	 7	 3	 0	 0	 0.000000
 23.49	 2001	 7	 4	 0	 0	 0.000000
 23.88	 2001	 7	 5	 0	 0	 0.000000
 24.36	 2001	 7	 6	 0	 0	 0.000000
 24.46	 2001	 7	 7	 0	 0	 0.000000
 24.37	 2001	 7	 8	 0	 0	 0.000000
 24.43	 2001	 7	 9	 0	 0	 0.000000
 24.52	 2001	 7	 10	 0	 0	 0.000000
 24.81	 2001	 7	 11	 0	 0	 0.000000
 24.64	 2001	 7	 12	 0	 0	 0.000000
 24.52	 2001	 7	 13	 0	 0	 0.000000
 25.33	 2001	 7	 14	 0	 0	 0.000000
 25.66	 2001	 7	 15	 0	 0	 0.000000
 26.09	 2001	 7	 16	 0	 0	 0.000000
 26.59	 2001	 7	 17	 0	 0	 0.000000
 26.35	 2001	 7	 18	 0	 0	 0.000000
 25.77	 2001	 7	 19	 0	 0	 0.000000
 25.94	 2001	 7	 20	 0	 0	 0.000000
 26.45	 2001	 7	 21	 0	 0	 0.000000
 27.04	 2001	 7	 22	 0	 0	 0.000000
 27.33	 2001	 7	 23	 0	 0	 0.000000
 27.59	 2001	 7	 24	 0	 0	 0.000000
 27.47	 2001	 7	 25	 0	 0	 0.000000
 27.64	 2001	 7	 26	 0	 0	 0.000000
 27.59	 2001	 7	 27	 0	 0	 0.000000
 27.43	 2001	 7	 28	 0	 0	 0.000000
 26.75	 2001	 7	 29	 0	 0	 0.000000
 27.12	 2001	 7	 30	 0	 0	 0.000000
 27.53	 2001	 7	 31	 0	 0	 0.000000
 27.76	 2001	 8	 1	 0	 0	 0.000000
 27.9	 2001	 8	 2	 0	 0	 0.000000
 28.26	 2001	 8	 3	 0	 0	 0.000000
 27.5	 2001	 8	 4	 0	 0	 0.000000
 27.21	 2001	 8	 5	 0	 0	 0.000000
 27.53	 2001	 8	 6	 0	 0	 0.000000
 27.02	 2001	 8	 7	 0	 0	 0.000000
 27.13	 2001	 8	 8	 0	 0	 0.000000
 27.26	 2001	 8	 9	 0	 0	 0.000000
 27.49	 2001	 8	 10	 0	 0	 0.000000
 27.76	 2001	 8	 11	 0	 0	 0.000000
 27.99	 2001	 8	 12	 0	 0	 0.000000
 27.78	 2001	 8	 13	 0	 0	 0.000000
 27.41	 2001	 8	 14	 0	 0	 0.000000
 27.7	 2001	 8	 15	 0	 0	 0.000000
 27.83	 2001	 8	 16	 0	 0	 0.000000
 27.55	 2001	 8	 17	 0	 0	 0.000000
 27.35	 2001	 8	 18	 0	 0	 0.000000
 27.45	 2001	 8	 19	 0	 0	 0.000000
 27.51	 2001	 8	 20	 0	 0	 0.000000
 27.58	 2001	 8	 21	 0	 0	 0.000000
 27.7	 2001	 8	 22	 0	 0	 0.000000
 27.42	 2001	 8	 23	 0	 0	 0.000000
 27.35	 2001	 8	 24	 0	 0	 0.000000
 27.08	 2001	 8	 25	 0	 0	 0.000000
 27.02	 2001	 8	 26	 0	 0	 0.000000
 27.06	 2001	 8	 27	 0	 0	 0.000000
 26.64	 2001	 8	 28	 0	 0	 0.000000
 26.39	 2001	 8	 29	 0	 0	 0.000000
 26.67	 2001	 8	 30	 0	 0	 0.000000
 26.25	 2001	 8	 31	 0	 0	 0.000000
 26	 2001	 9	 1	 0	 0	 0.000000
 26.16	 2001	 9	 2	 0	 0	 0.000000
 26.37	 2001	 9	 3	 0	 0	 0.000000
 26.07	 2001	 9	 4	 0	 0	 0.000000
 25.65	 2001	 9	 5	 0	 0	 0.000000
 25.15	 2001	 9	 6	 0	 0	 0.000000
 25.04	 2001	 9	 7	 0	 0	 0.000000
 24.89	 2001	 9	 8	 0	 0	 0.000000
 24.62	 2001	 9	 9	 0	 0	 0.000000
 24.71	 2001	 9	 10	 0	 0	 0.000000
 25.13	 2001	 9	 11	 0	 0	 0.000000
 25.64	 2001	 9	 12	 0	 0	 0.000000
 25.58	 2001	 9	 13	 0	 0	 0.000000
 24.56	 2001	 9	 14	 0	 0	 0.000000
 24.22	 2001	 9	 15	 0	 0	 0.000000
 24.08	 2001	 9	 16	 0	 0	 0.000000
 24.31	 2001	 9	 17	 0	 0	 0.000000
 24.51	 2001	 9	 18	 0	 0	 0.000000
 24.1	 2001	 9	 19	 0	 0	 0.000000
 23.58	 2001	 9	 20	 0	 0	 0.000000
 23.29	 2001	 9	 21	 0	 0	 0.000000
 23.4	 2001	 9	 22	 0	 0	 0.000000
 23.69	 2001	 9	 23	 0	 0	 0.000000
 23	 2001	 9	 24	 0	 0	 0.000000
 23.29	 2001	 9	 25	 0	 0	 0.000000
 23.36	 2001	 9	 26	 0	 0	 0.000000
 23.18	 2001	 9	 27	 0	 0	 0.000000
 23.15	 2001	 9	 28	 0	 0	 0.000000
 23.15	 2001	 9	 29	 0	 0	 0.000000
 23.16	 2001	 9	 30	 0	 0	 0.000000
 23.09	 2001	 10	 1	 0	 0	 0.000000
 23.5	 2001	 10	 2	 0	 0	 0.000000
 23.5	 2001	 10	 3	 0	 0	 0.000000
 23.05	 2001	 10	 4	 0	 0	 0.000000
 22.76	 2001	 10	 5	 0	 0	 0.000000
 22.68	 2001	 10	 6	 0	 0	 0.000000
 22.75	 2001	 10	 7	 0	 0	 0.000000
 22.55	 2001	 10	 8	 0	 0	 0.000000
 22.57	 2001	 10	 9	 0	 0	 0.000000
 22.62	 2001	 10	 10	 0	 0	 0.000000
 22.4	 2001	 10	 11	 0	 0	 0.000000
 22.31	 2001	 10	 12	 0	 0	 0.000000
 22.37	 2001	 10	 13	 0	 0	 0.000000
 22.1	 2001	 10	 14	 0	 0	 0.000000
 21.6	 2001	 10	 15	 0	 0	 0.000000
 21.66	 2001	 10	 16	 0	 0	 0.000000
 21.67	 2001	 10	 17	 0	 0	 0.000000
 20.99	 2001	 10	 18	 0	 0	 0.000000
 20.98	 2001	 10	 19	 0	 0	 0.000000
 20.73	 2001	 10	 20	 0	 0	 0.000000
 19.54	 2001	 10	 21	 0	 0	 0.000000
 19.31	 2001	 10	 22	 0	 0	 0.000000
 19.22	 2001	 10	 23	 0	 0	 0.000000
 18.99	 2001	 10	 24	 0	 0	 0.000000
 18.94	 2001	 10	 25	 0	 0	 0.000000
 18.57	 2001	 10	 26	 0	 0	 0.000000
 18.22	 2001	 10	 27	 0	 0	 0.000000
 18.02	 2001	 10	 28	 0	 0	 0.000000
 17.94	 2001	 10	 29	 0	 0	 0.000000
 17.74	 2001	 10	 30	 0	 0	 0.000000
 17.62	 2001	 10	 31	 0	 0	 0.000000
 17.3	 2001	 11	 1	 0	 0	 0.000000
 17.13	 2001	 11	 2	 0	 0	 0.000000
 16.82	 2001	 11	 3	 0	 0	 0.000000
 16.9	 2001	 11	 4	 0	 0	 0.000000
 17.05	 2001	 11	 5	 0	 0	 0.000000
 17.2	 2001	 11	 6	 0	 0	 0.000000
 17.5	 2001	 11	 7	 0	 0	 0.000000
 17.49	 2001	 11	 8	 0	 0	 0.000000
 17.51	 2001	 11	 9	 0	 0	 0.000000
 17.4	 2001	 11	 10	 0	 0	 0.000000
 17.06	 2001	 11	 11	 0	 0	 0.000000
 17.22	 2001	 11	 12	 0	 0	 0.000000
 17.24	 2001	 11	 13	 0	 0	 0.000000
 17.07	 2001	 11	 14	 0	 0	 0.000000
 16.81	 2001	 11	 15	 0	 0	 0.000000
 15.85	 2001	 11	 16	 0	 0	 0.000000
 15.55	 2001	 11	 17	 0	 0	 0.000000
 15.33	 2001	 11	 18	 0	 0	 0.000000
 15.02	 2001	 11	 19	 0	 0	 0.000000
 14.89	 2001	 11	 20	 0	 0	 0.000000
 14.19	 2001	 11	 21	 0	 0	 0.000000
 14.2	 2001	 11	 22	 0	 0	 0.000000
 14.22	 2001	 11	 23	 0	 0	 0.000000
 14.23	 2001	 11	 24	 0	 0	 0.000000
 14.11	 2001	 11	 25	 0	 0	 0.000000
 13.81	 2001	 11	 26	 0	 0	 0.000000
 13.86	 2001	 11	 27	 0	 0	 0.000000
 14.37	 2001	 11	 28	 0	 0	 0.000000
 14.51	 2001	 11	 29	 0	 0	 0.000000
 14.51	 2001	 11	 30	 0	 0	 0.000000
 13.78	 2001	 12	 1	 0	 0	 0.000000
 13.81	 2001	 12	 2	 0	 0	 0.000000
 13.73	 2001	 12	 3	 0	 0	 0.000000
 13.54	 2001	 12	 4	 0	 0	 0.000000
 13.37	 2001	 12	 5	 0	 0	 0.000000
 13.15	 2001	 12	 6	 0	 0	 0.000000
 13.14	 2001	 12	 7	 0	 0	 0.000000
 12.48	 2001	 12	 8	 0	 0	 0.000000
 12.19	 2001	 12	 9	 0	 0	 0.000000
 12.17	 2001	 12	 10	 0	 0	 0.000000
 12.17	 2001	 12	 11	 0	 0	 0.000000
 12.57	 2001	 12	 12	 0	 0	 0.000000
 12.36	 2001	 12	 13	 0	 0	 0.000000
 12.24	 2001	 12	 14	 0	 0	 0.000000
 12.98	 2001	 12	 15	 0	 0	 0.000000
 12.86	 2001	 12	 16	 0	 0	 0.000000
 12.78	 2001	 12	 17	 0	 0	 0.000000
 12.68	 2001	 12	 18	 0	 0	 0.000000
 12.58	 2001	 12	 19	 0	 0	 0.000000
 12.31	 2001	 12	 20	 0	 0	 0.000000
 12.3	 2001	 12	 21	 0	 0	 0.000000
 12.13	 2001	 12	 22	 0	 0	 0.000000
 11.73	 2001	 12	 23	 0	 0	 0.000000
 11.2	 2001	 12	 24	 0	 0	 0.000000
 11.01	 2001	 12	 25	 0	 0	 0.000000
 9.68	 2001	 12	 26	 0	 0	 0.000000
 9.32	 2001	 12	 27	 0	 0	 0.000000
 10.11	 2001	 12	 28	 0	 0	 0.000000
 10.72	 2001	 12	 29	 0	 0	 0.000000
 10.67	 2001	 12	 30	 0	 0	 0.000000
 10.64	 2001	 12	 31	 0	 0	 0.000000
 10.53	 2002	 1	 1	 0	 0	 0.000000
 10.46	 2002	 1	 2	 0	 0	 0.000000
 9.75	 2002	 1	 3	 0	 0	 0.000000
 9.82	 2002	 1	 4	 0	 0	 0.000000
 9.83	 2002	 1	 5	 0	 0	 0.000000
 9.74	 2002	 1	 6	 0	 0	 0.000000
 9.66	 2002	 1	 7	 0	 0	 0.000000
 8.72	 2002	 1	 8	 0	 0	 0.000000
 8.63	 2002	 1	 9	 0	 0	 0.000000
 8.63	 2002	 1	 10	 0	 0	 0.000000
 8.59	 2002	 1	 11	 0	 0	 0.000000
 8.55	 2002	 1	 12	 0	 0	 0.000000
 8.5	 2002	 1	 13	 0	 0	 0.000000
 8.5	 2002	 1	 14	 0	 0	 0.000000
 8.65	 2002	 1	 15	 0	 0	 0.000000
 8.62	 2002	 1	 16	 0	 0	 0.000000
 8.49	 2002	 1	 17	 0	 0	 0.000000
 8.46	 2002	 1	 18	 0	 0	 0.000000
 8.48	 2002	 1	 19	 0	 0	 0.000000
 8.45	 2002	 1	 20	 0	 0	 0.000000
 8.12	 2002	 1	 21	 0	 0	 0.000000
 8.11	 2002	 1	 22	 0	 0	 0.000000
 8.19	 2002	 1	 23	 0	 0	 0.000000
 8.31	 2002	 1	 24	 0	 0	 0.000000
 8.29	 2002	 1	 25	 0	 0	 0.000000
 8.19	 2002	 1	 26	 0	 0	 0.000000
 8.23	 2002	 1	 27	 0	 0	 0.000000
 8.29	 2002	 1	 28	 0	 0	 0.000000
 8.27	 2002	 1	 29	 0	 0	 0.000000
 8.01	 2002	 1	 30	 0	 0	 0.000000
 7.88	 2002	 1	 31	 0	 0	 0.000000
 7.69	 2002	 2	 1	 0	 0	 0.000000
 7.62	 2002	 2	 2	 0	 0	 0.000000
 7.33	 2002	 2	 3	 0	 0	 0.000000
 7.62	 2002	 2	 4	 0	 0	 0.000000
 7.78	 2002	 2	 5	 0	 0	 0.000000
 8.02	 2002	 2	 6	 0	 0	 0.000000
 8.38	 2002	 2	 7	 0	 0	 0.000000
 8.04	 2002	 2	 8	 0	 0	 0.000000
 7.9	 2002	 2	 9	 0	 0	 0.000000
 7.81	 2002	 2	 10	 0	 0	 0.000000
 7.8	 2002	 2	 11	 0	 0	 0.000000
 7.76	 2002	 2	 12	 0	 0	 0.000000
 7.75	 2002	 2	 13	 0	 0	 0.000000
 7.73	 2002	 2	 14	 0	 0	 0.000000
 7.6	 2002	 2	 15	 0	 0	 0.000000
 7.54	 2002	 2	 16	 0	 0	 0.000000
 7.57	 2002	 2	 17	 0	 0	 0.000000
 7.81	 2002	 2	 18	 0	 0	 0.000000
 7.85	 2002	 2	 19	 0	 0	 0.000000
 7.84	 2002	 2	 20	 0	 0	 0.000000
 7.8	 2002	 2	 21	 0	 0	 0.000000
 7.85	 2002	 2	 22	 0	 0	 0.000000
 7.81	 2002	 2	 23	 0	 0	 0.000000
 8.08	 2002	 2	 24	 0	 0	 0.000000
 8	 2002	 2	 25	 0	 0	 0.000000
 8.18	 2002	 2	 26	 0	 0	 0.000000
 8.36	 2002	 2	 27	 0	 0	 0.000000
 8.37	 2002	 2	 28	 0	 0	 0.000000
 8.4	 2002	 3	 1	 0	 0	 0.000000
 8.37	 2002	 3	 2	 0	 0	 0.000000
 9.1	 2002	 3	 3	 0	 0	 0.000000
 9.33	 2002	 3	 4	 0	 0	 0.000000
 8.79	 2002	 3	 5	 0	 0	 0.000000
 8.48	 2002	 3	 6	 0	 0	 0.000000
 8.09	 2002	 3	 7	 0	 0	 0.000000
 7.89	 2002	 3	 8	 0	 0	 0.000000
 7.81	 2002	 3	 9	 0	 0	 0.000000
 7.86	 2002	 3	 10	 0	 0	 0.000000
 7.88	 2002	 3	 11	 0	 0	 0.000000
 7.98	 2002	 3	 12	 0	 0	 0.000000
 8.07	 2002	 3	 13	 0	 0	 0.000000
 8.05	 2002	 3	 14	 0	 0	 0.000000
 7.88	 2002	 3	 15	 0	 0	 0.000000
 7.96	 2002	 3	 16	 0	 0	 0.000000
 7.88	 2002	 3	 17	 0	 0	 0.000000
 7.76	 2002	 3	 18	 0	 0	 0.000000
 7.74	 2002	 3	 19	 0	 0	 0.000000
 7.96	 2002	 3	 20	 0	 0	 0.000000
 8.07	 2002	 3	 21	 0	 0	 0.000000
 8.38	 2002	 3	 22	 0	 0	 0.000000
 8.31	 2002	 3	 23	 0	 0	 0.000000
 8.3	 2002	 3	 24	 0	 0	 0.000000
 8.43	 2002	 3	 25	 0	 0	 0.000000
 8.4	 2002	 3	 26	 0	 0	 0.000000
 8.35	 2002	 3	 27	 0	 0	 0.000000
 9.13	 2002	 3	 28	 0	 0	 0.000000
 9.26	 2002	 3	 29	 0	 0	 0.000000
 9.57	 2002	 3	 30	 0	 0	 0.000000
 9.58	 2002	 3	 31	 0	 0	 0.000000
 9.47	 2002	 4	 1	 0	 0	 0.000000
 9.59	 2002	 4	 2	 0	 0	 0.000000
 9.74	 2002	 4	 3	 0	 0	 0.000000
 9.71	 2002	 4	 4	 0	 0	 0.000000
 9.64	 2002	 4	 5	 0	 0	 0.000000
 9.64	 2002	 4	 6	 0	 0	 0.000000
 9.64	 2002	 4	 7	 0	 0	 0.000000
 9.61	 2002	 4	 8	 0	 0	 0.000000
 9.53	 2002	 4	 9	 0	 0	 0.000000
 9.77	 2002	 4	 10	 0	 0	 0.000000
 9.72	 2002	 4	 11	 0	 0	 0.000000
 9.8	 2002	 4	 12	 0	 0	 0.000000
 10.02	 2002	 4	 13	 0	 0	 0.000000
 10.15	 2002	 4	 14	 0	 0	 0.000000
 10.32	 2002	 4	 15	 0	 0	 0.000000
 10.74	 2002	 4	 16	 0	 0	 0.000000
 10.7	 2002	 4	 17	 0	 0	 0.000000
 10.72	 2002	 4	 18	 0	 0	 0.000000
 10.73	 2002	 4	 19	 0	 0	 0.000000
 10.85	 2002	 4	 20	 0	 0	 0.000000
 10.94	 2002	 4	 21	 0	 0	 0.000000
 10.97	 2002	 4	 22	 0	 0	 0.000000
 12.68	 2002	 4	 23	 0	 0	 0.000000
 12.89	 2002	 4	 24	 0	 0	 0.000000
 12.64	 2002	 4	 25	 0	 0	 0.000000
 12.13	 2002	 4	 26	 0	 0	 0.000000
 12.45	 2002	 4	 27	 0	 0	 0.000000
 12.43	 2002	 4	 28	 0	 0	 0.000000
 12.62	 2002	 4	 29	 0	 0	 0.000000
 13.03	 2002	 4	 30	 0	 0	 0.000000
 13.5	 2002	 5	 1	 0	 0	 0.000000
 13.53	 2002	 5	 2	 0	 0	 0.000000
 13.75	 2002	 5	 3	 0	 0	 0.000000
 14.34	 2002	 5	 4	 0	 0	 0.000000
 15.32	 2002	 5	 5	 0	 0	 0.000000
 15.54	 2002	 5	 6	 0	 0	 0.000000
 15.48	 2002	 5	 7	 0	 0	 0.000000
 15.1	 2002	 5	 8	 0	 0	 0.000000
 14.81	 2002	 5	 9	 0	 0	 0.000000
 14.68	 2002	 5	 10	 0	 0	 0.000000
 15.23	 2002	 5	 11	 0	 0	 0.000000
 15.57	 2002	 5	 12	 0	 0	 0.000000
 16.29	 2002	 5	 13	 0	 0	 0.000000
 16.72	 2002	 5	 14	 0	 0	 0.000000
 16.08	 2002	 5	 15	 0	 0	 0.000000
 16.04	 2002	 5	 16	 0	 0	 0.000000
 16.48	 2002	 5	 17	 0	 0	 0.000000
 16.83	 2002	 5	 18	 0	 0	 0.000000
 17.39	 2002	 5	 19	 0	 0	 0.000000
 17.81	 2002	 5	 20	 0	 0	 0.000000
 18.24	 2002	 5	 21	 0	 0	 0.000000
 18.86	 2002	 5	 22	 0	 0	 0.000000
 18.63	 2002	 5	 23	 0	 0	 0.000000
 18.49	 2002	 5	 24	 0	 0	 0.000000
 18.55	 2002	 5	 25	 0	 0	 0.000000
 18.98	 2002	 5	 26	 0	 0	 0.000000
 19.61	 2002	 5	 27	 0	 0	 0.000000
 19.78	 2002	 5	 28	 0	 0	 0.000000
 19.93	 2002	 5	 29	 0	 0	 0.000000
 20.02	 2002	 5	 30	 0	 0	 0.000000
 20.08	 2002	 5	 31	 0	 0	 0.000000
 19.86	 2002	 6	 1	 0	 0	 0.000000
 19.41	 2002	 6	 2	 0	 0	 0.000000
 20.42	 2002	 6	 3	 0	 0	 0.000000
 20.57	 2002	 6	 4	 0	 0	 0.000000
 20.25	 2002	 6	 5	 0	 0	 0.000000
 19.88	 2002	 6	 6	 0	 0	 0.000000
 19.5	 2002	 6	 7	 0	 0	 0.000000
 19.6	 2002	 6	 8	 0	 0	 0.000000
 19.97	 2002	 6	 9	 0	 0	 0.000000
 20.44	 2002	 6	 10	 0	 0	 0.000000
 21.43	 2002	 6	 11	 0	 0	 0.000000
 21.02	 2002	 6	 12	 0	 0	 0.000000
 20.76	 2002	 6	 13	 0	 0	 0.000000
 20.56	 2002	 6	 14	 0	 0	 0.000000
 21	 2002	 6	 15	 0	 0	 0.000000
 21.53	 2002	 6	 16	 0	 0	 0.000000
 21.81	 2002	 6	 17	 0	 0	 0.000000
 22.14	 2002	 6	 18	 0	 0	 0.000000
 22.02	 2002	 6	 19	 0	 0	 0.000000
 21.39	 2002	 6	 20	 0	 0	 0.000000
 21.34	 2002	 6	 21	 0	 0	 0.000000
 20.95	 2002	 6	 22	 0	 0	 0.000000
 21.35	 2002	 6	 23	 0	 0	 0.000000
 22.45	 2002	 6	 24	 0	 0	 0.000000
 22.67	 2002	 6	 25	 0	 0	 0.000000
 22.76	 2002	 6	 26	 0	 0	 0.000000
 22.95	 2002	 6	 27	 0	 0	 0.000000
 22.53	 2002	 6	 28	 0	 0	 0.000000
 22.16	 2002	 6	 29	 0	 0	 0.000000
 23.25	 2002	 6	 30	 0	 0	 0.000000
 23.74	 2002	 7	 1	 0	 0	 0.000000
 23.94	 2002	 7	 2	 0	 0	 0.000000
 24.01	 2002	 7	 3	 0	 0	 0.000000
 24	 2002	 7	 4	 0	 0	 0.000000
 24.02	 2002	 7	 5	 0	 0	 0.000000
 23.95	 2002	 7	 6	 0	 0	 0.000000
 24.74	 2002	 7	 7	 0	 0	 0.000000
 26.49	 2002	 7	 8	 0	 0	 0.000000
 26.29	 2002	 7	 9	 0	 0	 0.000000
 25.62	 2002	 7	 10	 0	 0	 0.000000
 25.43	 2002	 7	 11	 0	 0	 0.000000
 25.62	 2002	 7	 12	 0	 0	 0.000000
 26.27	 2002	 7	 13	 0	 0	 0.000000
 25.99	 2002	 7	 14	 0	 0	 0.000000
 25.68	 2002	 7	 15	 0	 0	 0.000000
 25.49	 2002	 7	 16	 0	 0	 0.000000
 26.6	 2002	 7	 17	 0	 0	 0.000000
 27.69	 2002	 7	 18	 0	 0	 0.000000
 27.46	 2002	 7	 19	 0	 0	 0.000000
 27.58	 2002	 7	 20	 0	 0	 0.000000
 27.66	 2002	 7	 21	 0	 0	 0.000000
 27.72	 2002	 7	 22	 0	 0	 0.000000
 27.8	 2002	 7	 23	 0	 0	 0.000000
 26.08	 2002	 7	 24	 0	 0	 0.000000
 26.3	 2002	 7	 25	 0	 0	 0.000000
 26.12	 2002	 7	 26	 0	 0	 0.000000
 25.59	 2002	 7	 27	 0	 0	 0.000000
 25.8	 2002	 7	 28	 0	 0	 0.000000
 25.81	 2002	 7	 29	 0	 0	 0.000000
 26.04	 2002	 7	 30	 0	 0	 0.000000
 26.55	 2002	 7	 31	 0	 0	 0.000000
 26.84	 2002	 8	 1	 0	 0	 0.000000
 26.99	 2002	 8	 2	 0	 0	 0.000000
 27.01	 2002	 8	 3	 0	 0	 0.000000
 26.37	 2002	 8	 4	 0	 0	 0.000000
 26.16	 2002	 8	 5	 0	 0	 0.000000
 26.06	 2002	 8	 6	 0	 0	 0.000000
 26.12	 2002	 8	 7	 0	 0	 0.000000
 26.23	 2002	 8	 8	 0	 0	 0.000000
 25.94	 2002	 8	 9	 0	 0	 0.000000
 25.77	 2002	 8	 10	 0	 0	 0.000000
 26	 2002	 8	 11	 0	 0	 0.000000
 26.22	 2002	 8	 12	 0	 0	 0.000000
 26.65	 2002	 8	 13	 0	 0	 0.000000
 26.86	 2002	 8	 14	 0	 0	 0.000000
 26.63	 2002	 8	 15	 0	 0	 0.000000
 26.37	 2002	 8	 16	 0	 0	 0.000000
 26.11	 2002	 8	 17	 0	 0	 0.000000
 26.15	 2002	 8	 18	 0	 0	 0.000000
 26.35	 2002	 8	 19	 0	 0	 0.000000
 25.9	 2002	 8	 20	 0	 0	 0.000000
 25.71	 2002	 8	 21	 0	 0	 0.000000
 25.8	 2002	 8	 22	 0	 0	 0.000000
 26.03	 2002	 8	 23	 0	 0	 0.000000
 25.76	 2002	 8	 24	 0	 0	 0.000000
 25.53	 2002	 8	 25	 0	 0	 0.000000
 25.47	 2002	 8	 26	 0	 0	 0.000000
 25.29	 2002	 8	 27	 0	 0	 0.000000
 25.31	 2002	 8	 28	 0	 0	 0.000000
 25.47	 2002	 8	 29	 0	 0	 0.000000
 25.45	 2002	 8	 30	 0	 0	 0.000000
 25.55	 2002	 8	 31	 0	 0	 0.000000
 25.87	 2002	 9	 1	 0	 0	 0.000000
 25.4	 2002	 9	 2	 0	 0	 0.000000
 25.13	 2002	 9	 3	 0	 0	 0.000000
 24.75	 2002	 9	 4	 0	 0	 0.000000
 24.92	 2002	 9	 5	 0	 0	 0.000000
 25.6	 2002	 9	 6	 0	 0	 0.000000
 25.51	 2002	 9	 7	 0	 0	 0.000000
 25.21	 2002	 9	 8	 0	 0	 0.000000
 25.31	 2002	 9	 9	 0	 0	 0.000000
 25.48	 2002	 9	 10	 0	 0	 0.000000
 25.54	 2002	 9	 11	 0	 0	 0.000000
 25.34	 2002	 9	 12	 0	 0	 0.000000
 25	 2002	 9	 13	 0	 0	 0.000000
 25.08	 2002	 9	 14	 0	 0	 0.000000
 25.24	 2002	 9	 15	 0	 0	 0.000000
 24.55	 2002	 9	 16	 0	 0	 0.000000
 24.31	 2002	 9	 17	 0	 0	 0.000000
 23.99	 2002	 9	 18	 0	 0	 0.000000
 23.85	 2002	 9	 19	 0	 0	 0.000000
 23.74	 2002	 9	 20	 0	 0	 0.000000
 23.94	 2002	 9	 21	 0	 0	 0.000000
 23.91	 2002	 9	 22	 0	 0	 0.000000
 23.99	 2002	 9	 23	 0	 0	 0.000000
 24.11	 2002	 9	 24	 0	 0	 0.000000
 24.17	 2002	 9	 25	 0	 0	 0.000000
 23.76	 2002	 9	 26	 0	 0	 0.000000
 24.12	 2002	 9	 27	 0	 0	 0.000000
 23.98	 2002	 9	 28	 0	 0	 0.000000
 24.13	 2002	 9	 29	 0	 0	 0.000000
 23.48	 2002	 9	 30	 0	 0	 0.000000
 23.37	 2002	 10	 1	 0	 0	 0.000000
 23.36	 2002	 10	 2	 0	 0	 0.000000
 23.55	 2002	 10	 3	 0	 0	 0.000000
 23.32	 2002	 10	 4	 0	 0	 0.000000
 23.22	 2002	 10	 5	 0	 0	 0.000000
 23.13	 2002	 10	 6	 0	 0	 0.000000
 22.77	 2002	 10	 7	 0	 0	 0.000000
 23	 2002	 10	 8	 0	 0	 0.000000
 22.85	 2002	 10	 9	 0	 0	 0.000000
 22.56	 2002	 10	 10	 0	 0	 0.000000
 22.19	 2002	 10	 11	 0	 0	 0.000000
 22.25	 2002	 10	 12	 0	 0	 0.000000
 21.85	 2002	 10	 13	 0	 0	 0.000000
 21.88	 2002	 10	 14	 0	 0	 0.000000
 21.58	 2002	 10	 15	 0	 0	 0.000000
 21.76	 2002	 10	 16	 0	 0	 0.000000
 22.27	 2002	 10	 17	 0	 0	 0.000000
 22.2	 2002	 10	 18	 0	 0	 0.000000
 22.08	 2002	 10	 19	 0	 0	 0.000000
 22.02	 2002	 10	 20	 0	 0	 0.000000
 21.6	 2002	 10	 21	 0	 0	 0.000000
 21.41	 2002	 10	 22	 0	 0	 0.000000
 21.02	 2002	 10	 23	 0	 0	 0.000000
 20.91	 2002	 10	 24	 0	 0	 0.000000
 20.94	 2002	 10	 25	 0	 0	 0.000000
 20.75	 2002	 10	 26	 0	 0	 0.000000
 20.29	 2002	 10	 27	 0	 0	 0.000000
 19.6	 2002	 10	 28	 0	 0	 0.000000
 19.29	 2002	 10	 29	 0	 0	 0.000000
 19.06	 2002	 10	 30	 0	 0	 0.000000
 18.79	 2002	 10	 31	 0	 0	 0.000000
 18.28	 2002	 11	 1	 0	 0	 0.000000
 18.47	 2002	 11	 2	 0	 0	 0.000000
 17.93	 2002	 11	 3	 0	 0	 0.000000
 17.9	 2002	 11	 4	 0	 0	 0.000000
 18.34	 2002	 11	 5	 0	 0	 0.000000
 17.96	 2002	 11	 6	 0	 0	 0.000000
 18.17	 2002	 11	 7	 0	 0	 0.000000
 18.23	 2002	 11	 8	 0	 0	 0.000000
 18.79	 2002	 11	 9	 0	 0	 0.000000
 18.85	 2002	 11	 10	 0	 0	 0.000000
 17.88	 2002	 11	 11	 0	 0	 0.000000
 17.56	 2002	 11	 12	 0	 0	 0.000000
 17.44	 2002	 11	 13	 0	 0	 0.000000
 16.89	 2002	 11	 14	 0	 0	 0.000000
 16.99	 2002	 11	 15	 0	 0	 0.000000
 17.04	 2002	 11	 16	 0	 0	 0.000000
 17.25	 2002	 11	 17	 0	 0	 0.000000
 16.79	 2002	 11	 18	 0	 0	 0.000000
 16.76	 2002	 11	 19	 0	 0	 0.000000
 16.63	 2002	 11	 20	 0	 0	 0.000000
 16.44	 2002	 11	 21	 0	 0	 0.000000
 16.12	 2002	 11	 22	 0	 0	 0.000000
 16.29	 2002	 11	 23	 0	 0	 0.000000
 16.3	 2002	 11	 24	 0	 0	 0.000000
 16.12	 2002	 11	 25	 0	 0	 0.000000
 15.21	 2002	 11	 26	 0	 0	 0.000000
 15.26	 2002	 11	 27	 0	 0	 0.000000
 15.29	 2002	 11	 28	 0	 0	 0.000000
 15.24	 2002	 11	 29	 0	 0	 0.000000
 15.3	 2002	 11	 30	 0	 0	 0.000000
 15.13	 2002	 12	 1	 0	 0	 0.000000
 15.06	 2002	 12	 2	 0	 0	 0.000000
 15	 2002	 12	 3	 0	 0	 0.000000
 14.59	 2002	 12	 4	 0	 0	 0.000000
 14.65	 2002	 12	 5	 0	 0	 0.000000
 14.66	 2002	 12	 6	 0	 0	 0.000000
 15.27	 2002	 12	 7	 0	 0	 0.000000
 15.15	 2002	 12	 8	 0	 0	 0.000000
 14.27	 2002	 12	 9	 0	 0	 0.000000
 14.42	 2002	 12	 10	 0	 0	 0.000000
 13.9	 2002	 12	 11	 0	 0	 0.000000
 13.32	 2002	 12	 12	 0	 0	 0.000000
 12.94	 2002	 12	 13	 0	 0	 0.000000
 12.78	 2002	 12	 14	 0	 0	 0.000000
 12.44	 2002	 12	 15	 0	 0	 0.000000
 11.62	 2002	 12	 16	 0	 0	 0.000000
 12.15	 2002	 12	 17	 0	 0	 0.000000
 12.24	 2002	 12	 18	 0	 0	 0.000000
 11.75	 2002	 12	 19	 0	 0	 0.000000
 11.59	 2002	 12	 20	 0	 0	 0.000000
 11.78	 2002	 12	 21	 0	 0	 0.000000
 11.58	 2002	 12	 22	 0	 0	 0.000000
 11.22	 2002	 12	 23	 0	 0	 0.000000
 11.02	 2002	 12	 24	 0	 0	 0.000000
 10.76	 2002	 12	 25	 0	 0	 0.000000
 10.97	 2002	 12	 26	 0	 0	 0.000000
 11	 2002	 12	 27	 0	 0	 0.000000
 11	 2002	 12	 28	 0	 0	 0.000000
 10.72	 2002	 12	 29	 0	 0	 0.000000
 10.53	 2002	 12	 30	 0	 0	 0.000000
 10.55	 2002	 12	 31	 0	 0	 0.000000
 10.11	 2003	 1	 1	 0	 0	 0.000000
 9.6	 2003	 1	 2	 0	 0	 0.000000
 9.48	 2003	 1	 3	 0	 0	 0.000000
 9.64	 2003	 1	 4	 0	 0	 0.000000
 9.93	 2003	 1	 5	 0	 0	 0.000000
 9.9	 2003	 1	 6	 0	 0	 0.000000
 9.91	 2003	 1	 7	 0	 0	 0.000000
 9.62	 2003	 1	 8	 0	 0	 0.000000
 9.48	 2003	 1	 9	 0	 0	 0.000000
 9.39	 2003	 1	 10	 0	 0	 0.000000
 9.4	 2003	 1	 11	 0	 0	 0.000000
 9.26	 2003	 1	 12	 0	 0	 0.000000
 8.94	 2003	 1	 13	 0	 0	 0.000000
 9.15	 2003	 1	 14	 0	 0	 0.000000
 9.02	 2003	 1	 15	 0	 0	 0.000000
 8.95	 2003	 1	 16	 0	 0	 0.000000
 8.87	 2003	 1	 17	 0	 0	 0.000000
 8.81	 2003	 1	 18	 0	 0	 0.000000
 8.95	 2003	 1	 19	 0	 0	 0.000000
 9.2	 2003	 1	 20	 0	 0	 0.000000
 9.32	 2003	 1	 21	 0	 0	 0.000000
 9.41	 2003	 1	 22	 0	 0	 0.000000
 9.46	 2003	 1	 23	 0	 0	 0.000000
 9.66	 2003	 1	 24	 0	 0	 0.000000
 9.79	 2003	 1	 25	 0	 0	 0.000000
 9.38	 2003	 1	 26	 0	 0	 0.000000
 9.23	 2003	 1	 27	 0	 0	 0.000000
 9.51	 2003	 1	 28	 0	 0	 0.000000
 9.55	 2003	 1	 29	 0	 0	 0.000000
 9.68	 2003	 1	 30	 0	 0	 0.000000
 9.65	 2003	 1	 31	 0	 0	 0.000000
 9.51	 2003	 2	 1	 0	 0	 0.000000
 9.33	 2003	 2	 2	 0	 0	 0.000000
 9.04	 2003	 2	 3	 0	 0	 0.000000
 9.17	 2003	 2	 4	 0	 0	 0.000000
 9.16	 2003	 2	 5	 0	 0	 0.000000
 9.22	 2003	 2	 6	 0	 0	 0.000000
 8.47	 2003	 2	 7	 0	 0	 0.000000
 8.37	 2003	 2	 8	 0	 0	 0.000000
 8.41	 2003	 2	 9	 0	 0	 0.000000
 8.58	 2003	 2	 10	 0	 0	 0.000000
 8.46	 2003	 2	 11	 0	 0	 0.000000
 8.49	 2003	 2	 12	 0	 0	 0.000000
 8.73	 2003	 2	 13	 0	 0	 0.000000
 8.63	 2003	 2	 14	 0	 0	 0.000000
 8.69	 2003	 2	 15	 0	 0	 0.000000
 8.62	 2003	 2	 16	 0	 0	 0.000000
 8.28	 2003	 2	 17	 0	 0	 0.000000
 8.57	 2003	 2	 18	 0	 0	 0.000000
 8.92	 2003	 2	 19	 0	 0	 0.000000
 8.97	 2003	 2	 20	 0	 0	 0.000000
 8.85	 2003	 2	 21	 0	 0	 0.000000
 8.59	 2003	 2	 22	 0	 0	 0.000000
 8.67	 2003	 2	 23	 0	 0	 0.000000
 8.47	 2003	 2	 24	 0	 0	 0.000000
 8.37	 2003	 2	 25	 0	 0	 0.000000
 8.25	 2003	 2	 26	 0	 0	 0.000000
 7.92	 2003	 2	 27	 0	 0	 0.000000
 7.99	 2003	 2	 28	 0	 0	 0.000000
 8	 2003	 3	 1	 0	 0	 0.000000
 7.72	 2003	 3	 2	 0	 0	 0.000000
 7.66	 2003	 3	 3	 0	 0	 0.000000
 7.41	 2003	 3	 4	 0	 0	 0.000000
 7.69	 2003	 3	 5	 0	 0	 0.000000
 7.6	 2003	 3	 6	 0	 0	 0.000000
 7.49	 2003	 3	 7	 0	 0	 0.000000
 7.83	 2003	 3	 8	 0	 0	 0.000000
 8.22	 2003	 3	 9	 0	 0	 0.000000
 8.28	 2003	 3	 10	 0	 0	 0.000000
 8.1	 2003	 3	 11	 0	 0	 0.000000
 8.09	 2003	 3	 12	 0	 0	 0.000000
 8	 2003	 3	 13	 0	 0	 0.000000
 7.78	 2003	 3	 14	 0	 0	 0.000000
 7.69	 2003	 3	 15	 0	 0	 0.000000
 7.79	 2003	 3	 16	 0	 0	 0.000000
 7.85	 2003	 3	 17	 0	 0	 0.000000
 7.82	 2003	 3	 18	 0	 0	 0.000000
 7.9	 2003	 3	 19	 0	 0	 0.000000
 7.5	 2003	 3	 20	 0	 0	 0.000000
 7.11	 2003	 3	 21	 0	 0	 0.000000
 7.56	 2003	 3	 22	 0	 0	 0.000000
 7.78	 2003	 3	 23	 0	 0	 0.000000
 7.58	 2003	 3	 24	 0	 0	 0.000000
 7.77	 2003	 3	 25	 0	 0	 0.000000
 7.83	 2003	 3	 26	 0	 0	 0.000000
 8.28	 2003	 3	 27	 0	 0	 0.000000
 8.07	 2003	 3	 28	 0	 0	 0.000000
 8.19	 2003	 3	 29	 0	 0	 0.000000
 8.28	 2003	 3	 30	 0	 0	 0.000000
 8.24	 2003	 3	 31	 0	 0	 0.000000
 8.24	 2003	 4	 1	 0	 0	 0.000000
 8.06	 2003	 4	 2	 0	 0	 0.000000
 7.94	 2003	 4	 3	 0	 0	 0.000000
 7.94	 2003	 4	 4	 0	 0	 0.000000
 8.57	 2003	 4	 5	 0	 0	 0.000000
 8.49	 2003	 4	 6	 0	 0	 0.000000
 8.37	 2003	 4	 7	 0	 0	 0.000000
 8.28	 2003	 4	 8	 0	 0	 0.000000
 8.64	 2003	 4	 9	 0	 0	 0.000000
 9.05	 2003	 4	 10	 0	 0	 0.000000
 9.76	 2003	 4	 11	 0	 0	 0.000000
 9.51	 2003	 4	 12	 0	 0	 0.000000
 9.62	 2003	 4	 13	 0	 0	 0.000000
 9.85	 2003	 4	 14	 0	 0	 0.000000
 10.6	 2003	 4	 15	 0	 0	 0.000000
 10.99	 2003	 4	 16	 0	 0	 0.000000
 10.73	 2003	 4	 17	 0	 0	 0.000000
 10.62	 2003	 4	 18	 0	 0	 0.000000
 10.14	 2003	 4	 19	 0	 0	 0.000000
 10.07	 2003	 4	 20	 0	 0	 0.000000
 10.33	 2003	 4	 21	 0	 0	 0.000000
 10.9	 2003	 4	 22	 0	 0	 0.000000
 11.13	 2003	 4	 23	 0	 0	 0.000000
 10.85	 2003	 4	 24	 0	 0	 0.000000
 10.66	 2003	 4	 25	 0	 0	 0.000000
 9.79	 2003	 4	 26	 0	 0	 0.000000
 9.58	 2003	 4	 27	 0	 0	 0.000000
 10.07	 2003	 4	 28	 0	 0	 0.000000
 10.96	 2003	 4	 29	 0	 0	 0.000000
 10.97	 2003	 4	 30	 0	 0	 0.000000
 10.87	 2003	 5	 1	 0	 0	 0.000000
 11.15	 2003	 5	 2	 0	 0	 0.000000
 11.71	 2003	 5	 3	 0	 0	 0.000000
 12.48	 2003	 5	 4	 0	 0	 0.000000
 13.13	 2003	 5	 5	 0	 0	 0.000000
 13.5	 2003	 5	 6	 0	 0	 0.000000
 13.24	 2003	 5	 7	 0	 0	 0.000000
 13.18	 2003	 5	 8	 0	 0	 0.000000
 13.29	 2003	 5	 9	 0	 0	 0.000000
 14.13	 2003	 5	 10	 0	 0	 0.000000
 14.76	 2003	 5	 11	 0	 0	 0.000000
 15.07	 2003	 5	 12	 0	 0	 0.000000
 15.33	 2003	 5	 13	 0	 0	 0.000000
 15.68	 2003	 5	 14	 0	 0	 0.000000
 16.6	 2003	 5	 15	 0	 0	 0.000000
 17.4	 2003	 5	 16	 0	 0	 0.000000
 17.42	 2003	 5	 17	 0	 0	 0.000000
 17.61	 2003	 5	 18	 0	 0	 0.000000
 18.31	 2003	 5	 19	 0	 0	 0.000000
 18.46	 2003	 5	 20	 0	 0	 0.000000
 16.92	 2003	 5	 21	 0	 0	 0.000000
 17.85	 2003	 5	 22	 0	 0	 0.000000
 18.49	 2003	 5	 23	 0	 0	 0.000000
 18.46	 2003	 5	 24	 0	 0	 0.000000
 19.09	 2003	 5	 25	 0	 0	 0.000000
 18.53	 2003	 5	 26	 0	 0	 0.000000
 18.62	 2003	 5	 27	 0	 0	 0.000000
 19.56	 2003	 5	 28	 0	 0	 0.000000
 19.4	 2003	 5	 29	 0	 0	 0.000000
 19.99	 2003	 5	 30	 0	 0	 0.000000
 19.87	 2003	 5	 31	 0	 0	 0.000000
 19.89	 2003	 6	 1	 0	 0	 0.000000
 20.43	 2003	 6	 2	 0	 0	 0.000000
 20.62	 2003	 6	 3	 0	 0	 0.000000
 20.16	 2003	 6	 4	 0	 0	 0.000000
 19.89	 2003	 6	 5	 0	 0	 0.000000
 19.7	 2003	 6	 6	 0	 0	 0.000000
 20.14	 2003	 6	 7	 0	 0	 0.000000
 20.45	 2003	 6	 8	 0	 0	 0.000000
 20.1	 2003	 6	 9	 0	 0	 0.000000
 20.24	 2003	 6	 10	 0	 0	 0.000000
 20.81	 2003	 6	 11	 0	 0	 0.000000
 21.11	 2003	 6	 12	 0	 0	 0.000000
 21.27	 2003	 6	 13	 0	 0	 0.000000
 21.68	 2003	 6	 14	 0	 0	 0.000000
 22.1	 2003	 6	 15	 0	 0	 0.000000
 22.64	 2003	 6	 16	 0	 0	 0.000000
 22.79	 2003	 6	 17	 0	 0	 0.000000
 22.24	 2003	 6	 18	 0	 0	 0.000000
 21.15	 2003	 6	 19	 0	 0	 0.000000
 21.54	 2003	 6	 20	 0	 0	 0.000000
 20.85	 2003	 6	 21	 0	 0	 0.000000
 21.55	 2003	 6	 22	 0	 0	 0.000000
 21.91	 2003	 6	 23	 0	 0	 0.000000
 21.87	 2003	 6	 24	 0	 0	 0.000000
 21.84	 2003	 6	 25	 0	 0	 0.000000
 22.01	 2003	 6	 26	 0	 0	 0.000000
 22.15	 2003	 6	 27	 0	 0	 0.000000
 22.53	 2003	 6	 28	 0	 0	 0.000000
 22.42	 2003	 6	 29	 0	 0	 0.000000
 22.5	 2003	 6	 30	 0	 0	 0.000000
 22.55	 2003	 7	 1	 0	 0	 0.000000
 22.88	 2003	 7	 2	 0	 0	 0.000000
 23.28	 2003	 7	 3	 0	 0	 0.000000
 23.38	 2003	 7	 4	 0	 0	 0.000000
 23.23	 2003	 7	 5	 0	 0	 0.000000
 23.21	 2003	 7	 6	 0	 0	 0.000000
 23.14	 2003	 7	 7	 0	 0	 0.000000
 23.61	 2003	 7	 8	 0	 0	 0.000000
 23.71	 2003	 7	 9	 0	 0	 0.000000
 23.71	 2003	 7	 10	 0	 0	 0.000000
 23.98	 2003	 7	 11	 0	 0	 0.000000
 24.19	 2003	 7	 12	 0	 0	 0.000000
 23.64	 2003	 7	 13	 0	 0	 0.000000
 23.48	 2003	 7	 14	 0	 0	 0.000000
 23.45	 2003	 7	 15	 0	 0	 0.000000
 23.41	 2003	 7	 16	 0	 0	 0.000000
 23.57	 2003	 7	 17	 0	 0	 0.000000
 23.36	 2003	 7	 18	 0	 0	 0.000000
 23.12	 2003	 7	 19	 0	 0	 0.000000
 24.06	 2003	 7	 20	 0	 0	 0.000000
 24.59	 2003	 7	 21	 0	 0	 0.000000
 24.73	 2003	 7	 22	 0	 0	 0.000000
 24.65	 2003	 7	 23	 0	 0	 0.000000
 23.79	 2003	 7	 24	 0	 0	 0.000000
 23.97	 2003	 7	 25	 0	 0	 0.000000
 23.88	 2003	 7	 26	 0	 0	 0.000000
 24.59	 2003	 7	 27	 0	 0	 0.000000
 25	 2003	 7	 28	 0	 0	 0.000000
 25.02	 2003	 7	 29	 0	 0	 0.000000
 24.5	 2003	 7	 30	 0	 0	 0.000000
 24.27	 2003	 7	 31	 0	 0	 0.000000
 24.83	 2003	 8	 1	 0	 0	 0.000000
 25.32	 2003	 8	 2	 0	 0	 0.000000
 25.68	 2003	 8	 3	 0	 0	 0.000000
 25.66	 2003	 8	 4	 0	 0	 0.000000
 24.99	 2003	 8	 5	 0	 0	 0.000000
 25.09	 2003	 8	 6	 0	 0	 0.000000
 25.17	 2003	 8	 7	 0	 0	 0.000000
 25.24	 2003	 8	 8	 0	 0	 0.000000
 24.74	 2003	 8	 9	 0	 0	 0.000000
 24.81	 2003	 8	 10	 0	 0	 0.000000
 25.14	 2003	 8	 11	 0	 0	 0.000000
 25.27	 2003	 8	 12	 0	 0	 0.000000
 24.87	 2003	 8	 13	 0	 0	 0.000000
 25.36	 2003	 8	 14	 0	 0	 0.000000
 25.29	 2003	 8	 15	 0	 0	 0.000000
 25.21	 2003	 8	 16	 0	 0	 0.000000
 25.45	 2003	 8	 17	 0	 0	 0.000000
 25.47	 2003	 8	 18	 0	 0	 0.000000
 25.55	 2003	 8	 19	 0	 0	 0.000000
 25.94	 2003	 8	 20	 0	 0	 0.000000
 26.11	 2003	 8	 21	 0	 0	 0.000000
 25.74	 2003	 8	 22	 0	 0	 0.000000
 25.49	 2003	 8	 23	 0	 0	 0.000000
 25.64	 2003	 8	 24	 0	 0	 0.000000
 25.74	 2003	 8	 25	 0	 0	 0.000000
 25.64	 2003	 8	 26	 0	 0	 0.000000
 25.65	 2003	 8	 27	 0	 0	 0.000000
 25.54	 2003	 8	 28	 0	 0	 0.000000
 25.36	 2003	 8	 29	 0	 0	 0.000000
 25.7	 2003	 8	 30	 0	 0	 0.000000
 25.92	 2003	 8	 31	 0	 0	 0.000000
 25.94	 2003	 9	 1	 0	 0	 0.000000
 25.79	 2003	 9	 2	 0	 0	 0.000000
 25.66	 2003	 9	 3	 0	 0	 0.000000
 25.51	 2003	 9	 4	 0	 0	 0.000000
 25.03	 2003	 9	 5	 0	 0	 0.000000
 23.72	 2003	 9	 6	 0	 0	 0.000000
 23.61	 2003	 9	 7	 0	 0	 0.000000
 23.09	 2003	 9	 8	 0	 0	 0.000000
 23.09	 2003	 9	 9	 0	 0	 0.000000
 23.14	 2003	 9	 10	 0	 0	 0.000000
 23.25	 2003	 9	 11	 0	 0	 0.000000
 23.39	 2003	 9	 12	 0	 0	 0.000000
 23.07	 2003	 9	 13	 0	 0	 0.000000
 22.88	 2003	 9	 14	 0	 0	 0.000000
 22.98	 2003	 9	 15	 0	 0	 0.000000
 22.85	 2003	 9	 16	 0	 0	 0.000000
 22.62	 2003	 9	 17	 0	 0	 0.000000
 22.84	 2003	 9	 18	 0	 0	 0.000000
 22.27	 2003	 9	 19	 0	 0	 0.000000
 22.2	 2003	 9	 20	 0	 0	 0.000000
 22.28	 2003	 9	 21	 0	 0	 0.000000
 22.29	 2003	 9	 22	 0	 0	 0.000000
 22.43	 2003	 9	 23	 0	 0	 0.000000
 22.48	 2003	 9	 24	 0	 0	 0.000000
 22.4	 2003	 9	 25	 0	 0	 0.000000
 22.22	 2003	 9	 26	 0	 0	 0.000000
 21.87	 2003	 9	 27	 0	 0	 0.000000
 21.73	 2003	 9	 28	 0	 0	 0.000000
 21.87	 2003	 9	 29	 0	 0	 0.000000
 21.96	 2003	 9	 30	 0	 0	 0.000000
 21.72	 2003	 10	 1	 0	 0	 0.000000
 21.57	 2003	 10	 2	 0	 0	 0.000000
 21.58	 2003	 10	 3	 0	 0	 0.000000
 21.56	 2003	 10	 4	 0	 0	 0.000000
 21.35	 2003	 10	 5	 0	 0	 0.000000
 20.88	 2003	 10	 6	 0	 0	 0.000000
 20.71	 2003	 10	 7	 0	 0	 0.000000
 19.97	 2003	 10	 8	 0	 0	 0.000000
 20.02	 2003	 10	 9	 0	 0	 0.000000
 20.05	 2003	 10	 10	 0	 0	 0.000000
 19.93	 2003	 10	 11	 0	 0	 0.000000
 20.08	 2003	 10	 12	 0	 0	 0.000000
 19.94	 2003	 10	 13	 0	 0	 0.000000
 19.65	 2003	 10	 14	 0	 0	 0.000000
 19.38	 2003	 10	 15	 0	 0	 0.000000
 19.36	 2003	 10	 16	 0	 0	 0.000000
 18.93	 2003	 10	 17	 0	 0	 0.000000
 19.43	 2003	 10	 18	 0	 0	 0.000000
 19.68	 2003	 10	 19	 0	 0	 0.000000
 19.3	 2003	 10	 20	 0	 0	 0.000000
 19	 2003	 10	 21	 0	 0	 0.000000
 18.77	 2003	 10	 22	 0	 0	 0.000000
 18.71	 2003	 10	 23	 0	 0	 0.000000
 18.74	 2003	 10	 24	 0	 0	 0.000000
 18.38	 2003	 10	 25	 0	 0	 0.000000
 17.98	 2003	 10	 26	 0	 0	 0.000000
 17.96	 2003	 10	 27	 0	 0	 0.000000
 17.82	 2003	 10	 28	 0	 0	 0.000000
 17.84	 2003	 10	 29	 0	 0	 0.000000
 17.66	 2003	 10	 30	 0	 0	 0.000000
 17.47	 2003	 10	 31	 0	 0	 0.000000
 16.79	 2003	 11	 1	 0	 0	 0.000000
 16.25	 2003	 11	 2	 0	 0	 0.000000
 16.23	 2003	 11	 3	 0	 0	 0.000000
 16.23	 2003	 11	 4	 0	 0	 0.000000
 16.12	 2003	 11	 5	 0	 0	 0.000000
 16.23	 2003	 11	 6	 0	 0	 0.000000
 15.99	 2003	 11	 7	 0	 0	 0.000000
 16	 2003	 11	 8	 0	 0	 0.000000
 15.75	 2003	 11	 9	 0	 0	 0.000000
 15.72	 2003	 11	 10	 0	 0	 0.000000
 15.82	 2003	 11	 11	 0	 0	 0.000000
 15.35	 2003	 11	 12	 0	 0	 0.000000
 15.29	 2003	 11	 13	 0	 0	 0.000000
 15.34	 2003	 11	 14	 0	 0	 0.000000
 15.02	 2003	 11	 15	 0	 0	 0.000000
 15.11	 2003	 11	 16	 0	 0	 0.000000
 15	 2003	 11	 17	 0	 0	 0.000000
 14.78	 2003	 11	 18	 0	 0	 0.000000
 13.88	 2003	 11	 19	 0	 0	 0.000000
 13.46	 2003	 11	 20	 0	 0	 0.000000
 13.61	 2003	 11	 21	 0	 0	 0.000000
 14.18	 2003	 11	 22	 0	 0	 0.000000
 14.25	 2003	 11	 23	 0	 0	 0.000000
 14.52	 2003	 11	 24	 0	 0	 0.000000
 14.61	 2003	 11	 25	 0	 0	 0.000000
 14.66	 2003	 11	 26	 0	 0	 0.000000
 14.73	 2003	 11	 27	 0	 0	 0.000000
 14.07	 2003	 11	 28	 0	 0	 0.000000
 14.35	 2003	 11	 29	 0	 0	 0.000000
 14.56	 2003	 11	 30	 0	 0	 0.000000
 14.2	 2003	 12	 1	 0	 0	 0.000000
 14.2	 2003	 12	 2	 0	 0	 0.000000
 14.08	 2003	 12	 3	 0	 0	 0.000000
 13.76	 2003	 12	 4	 0	 0	 0.000000
 13.68	 2003	 12	 5	 0	 0	 0.000000
 13.33	 2003	 12	 6	 0	 0	 0.000000
 13.48	 2003	 12	 7	 0	 0	 0.000000
 13.4	 2003	 12	 8	 0	 0	 0.000000
 13.3	 2003	 12	 9	 0	 0	 0.000000
 13.29	 2003	 12	 10	 0	 0	 0.000000
 13.14	 2003	 12	 11	 0	 0	 0.000000
 12.87	 2003	 12	 12	 0	 0	 0.000000
 13.02	 2003	 12	 13	 0	 0	 0.000000
 12.96	 2003	 12	 14	 0	 0	 0.000000
 12.62	 2003	 12	 15	 0	 0	 0.000000
 12.58	 2003	 12	 16	 0	 0	 0.000000
 12.56	 2003	 12	 17	 0	 0	 0.000000
 12.48	 2003	 12	 18	 0	 0	 0.000000
 11.88	 2003	 12	 19	 0	 0	 0.000000
 11.73	 2003	 12	 20	 0	 0	 0.000000
 11.48	 2003	 12	 21	 0	 0	 0.000000
 11.57	 2003	 12	 22	 0	 0	 0.000000
 11.55	 2003	 12	 23	 0	 0	 0.000000
 11.63	 2003	 12	 24	 0	 0	 0.000000
 11.38	 2003	 12	 25	 0	 0	 0.000000
 11.31	 2003	 12	 26	 0	 0	 0.000000
 10.97	 2003	 12	 27	 0	 0	 0.000000
 10.59	 2003	 12	 28	 0	 0	 0.000000
 10.79	 2003	 12	 29	 0	 0	 0.000000
 10.93	 2003	 12	 30	 0	 0	 0.000000
 10.94	 2003	 12	 31	 0	 0	 0.000000
 10.79	 2004	 1	 1	 0	 0	 0.000000
 11.17	 2004	 1	 2	 0	 0	 0.000000
 11.19	 2004	 1	 3	 0	 0	 0.000000
 11.35	 2004	 1	 4	 0	 0	 0.000000
 11.18	 2004	 1	 5	 0	 0	 0.000000
 10.89	 2004	 1	 6	 0	 0	 0.000000
 10.82	 2004	 1	 7	 0	 0	 0.000000
 10.8	 2004	 1	 8	 0	 0	 0.000000
 10.39	 2004	 1	 9	 0	 0	 0.000000
 9.95	 2004	 1	 10	 0	 0	 0.000000
 10.04	 2004	 1	 11	 0	 0	 0.000000
 9.66	 2004	 1	 12	 0	 0	 0.000000
 9.6	 2004	 1	 13	 0	 0	 0.000000
 9.51	 2004	 1	 14	 0	 0	 0.000000
 9.68	 2004	 1	 15	 0	 0	 0.000000
 9.97	 2004	 1	 16	 0	 0	 0.000000
 9.97	 2004	 1	 17	 0	 0	 0.000000
 9.74	 2004	 1	 18	 0	 0	 0.000000
 9.4	 2004	 1	 19	 0	 0	 0.000000
 9.34	 2004	 1	 20	 0	 0	 0.000000
 9.2	 2004	 1	 21	 0	 0	 0.000000
 8.99	 2004	 1	 22	 0	 0	 0.000000
 8.81	 2004	 1	 23	 0	 0	 0.000000
 9.18	 2004	 1	 24	 0	 0	 0.000000
 9.51	 2004	 1	 25	 0	 0	 0.000000
 9.35	 2004	 1	 26	 0	 0	 0.000000
 9.64	 2004	 1	 27	 0	 0	 0.000000
 9.72	 2004	 1	 28	 0	 0	 0.000000
 9.46	 2004	 1	 29	 0	 0	 0.000000
 10	 2004	 1	 30	 0	 0	 0.000000
 10.06	 2004	 1	 31	 0	 0	 0.000000
 9.22	 2004	 2	 1	 0	 0	 0.000000
 9.43	 2004	 2	 2	 0	 0	 0.000000
 9.41	 2004	 2	 3	 0	 0	 0.000000
 9.59	 2004	 2	 4	 0	 0	 0.000000
 9.94	 2004	 2	 5	 0	 0	 0.000000
 10.33	 2004	 2	 6	 0	 0	 0.000000
 10.01	 2004	 2	 7	 0	 0	 0.000000
 10.03	 2004	 2	 8	 0	 0	 0.000000
 9.89	 2004	 2	 9	 0	 0	 0.000000
 9.9	 2004	 2	 10	 0	 0	 0.000000
 9.77	 2004	 2	 11	 0	 0	 0.000000
 9.69	 2004	 2	 12	 0	 0	 0.000000
 9.49	 2004	 2	 13	 0	 0	 0.000000
 9.49	 2004	 2	 14	 0	 0	 0.000000
 9.26	 2004	 2	 15	 0	 0	 0.000000
 8.9	 2004	 2	 16	 0	 0	 0.000000
 9.08	 2004	 2	 17	 0	 0	 0.000000
 9.29	 2004	 2	 18	 0	 0	 0.000000
 9.29	 2004	 2	 19	 0	 0	 0.000000
 9.18	 2004	 2	 20	 0	 0	 0.000000
 8.72	 2004	 2	 21	 0	 0	 0.000000
 8.91	 2004	 2	 22	 0	 0	 0.000000
 8.97	 2004	 2	 23	 0	 0	 0.000000
 8.98	 2004	 2	 24	 0	 0	 0.000000
 8.84	 2004	 2	 25	 0	 0	 0.000000
 9.17	 2004	 2	 26	 0	 0	 0.000000
 8.87	 2004	 2	 27	 0	 0	 0.000000
 8.69	 2004	 2	 28	 0	 0	 0.000000
 8.67	 2004	 2	 29	 0	 0	 0.000000
 7.94	 2004	 3	 1	 0	 0	 0.000000
 7.76	 2004	 3	 2	 0	 0	 0.000000
 7.73	 2004	 3	 3	 0	 0	 0.000000
 7.73	 2004	 3	 4	 0	 0	 0.000000
 7.83	 2004	 3	 5	 0	 0	 0.000000
 8.1	 2004	 3	 6	 0	 0	 0.000000
 8.37	 2004	 3	 7	 0	 0	 0.000000
 8.48	 2004	 3	 8	 0	 0	 0.000000
 8.56	 2004	 3	 9	 0	 0	 0.000000
 8.64	 2004	 3	 10	 0	 0	 0.000000
 8.69	 2004	 3	 11	 0	 0	 0.000000
 8.68	 2004	 3	 12	 0	 0	 0.000000
 8.41	 2004	 3	 13	 0	 0	 0.000000
 8.34	 2004	 3	 14	 0	 0	 0.000000
 8.83	 2004	 3	 15	 0	 0	 0.000000
 8.77	 2004	 3	 16	 0	 0	 0.000000
 8.52	 2004	 3	 17	 0	 0	 0.000000
 8.49	 2004	 3	 18	 0	 0	 0.000000
 8.6	 2004	 3	 19	 0	 0	 0.000000
 7.98	 2004	 3	 20	 0	 0	 0.000000
 8.11	 2004	 3	 21	 0	 0	 0.000000
 8.59	 2004	 3	 22	 0	 0	 0.000000
 9.51	 2004	 3	 23	 0	 0	 0.000000
 9.83	 2004	 3	 24	 0	 0	 0.000000
 9.74	 2004	 3	 25	 0	 0	 0.000000
 9.38	 2004	 3	 26	 0	 0	 0.000000
 9.39	 2004	 3	 27	 0	 0	 0.000000
 9.47	 2004	 3	 28	 0	 0	 0.000000
 9.43	 2004	 3	 29	 0	 0	 0.000000
 8.99	 2004	 3	 30	 0	 0	 0.000000
 8.9	 2004	 3	 31	 0	 0	 0.000000
 9.33	 2004	 4	 1	 0	 0	 0.000000
 9.41	 2004	 4	 2	 0	 0	 0.000000
 8.93	 2004	 4	 3	 0	 0	 0.000000
 8.5	 2004	 4	 4	 0	 0	 0.000000
 8.71	 2004	 4	 5	 0	 0	 0.000000
 8.77	 2004	 4	 6	 0	 0	 0.000000
 9.06	 2004	 4	 7	 0	 0	 0.000000
 9.19	 2004	 4	 8	 0	 0	 0.000000
 9.22	 2004	 4	 9	 0	 0	 0.000000
 10.16	 2004	 4	 10	 0	 0	 0.000000
 11.49	 2004	 4	 11	 0	 0	 0.000000
 12.06	 2004	 4	 12	 0	 0	 0.000000
 11.71	 2004	 4	 13	 0	 0	 0.000000
 11.6	 2004	 4	 14	 0	 0	 0.000000
 11.28	 2004	 4	 15	 0	 0	 0.000000
 11.16	 2004	 4	 16	 0	 0	 0.000000
 11.45	 2004	 4	 17	 0	 0	 0.000000
 12.05	 2004	 4	 18	 0	 0	 0.000000
 12.63	 2004	 4	 19	 0	 0	 0.000000
 12.96	 2004	 4	 20	 0	 0	 0.000000
 13.02	 2004	 4	 21	 0	 0	 0.000000
 13	 2004	 4	 22	 0	 0	 0.000000
 12.93	 2004	 4	 23	 0	 0	 0.000000
 12.29	 2004	 4	 24	 0	 0	 0.000000
 12.16	 2004	 4	 25	 0	 0	 0.000000
 12.5	 2004	 4	 26	 0	 0	 0.000000
 13.14	 2004	 4	 27	 0	 0	 0.000000
 12.85	 2004	 4	 28	 0	 0	 0.000000
 12.12	 2004	 4	 29	 0	 0	 0.000000
 12.1	 2004	 4	 30	 0	 0	 0.000000
 13.69	 2004	 5	 1	 0	 0	 0.000000
 13.76	 2004	 5	 2	 0	 0	 0.000000
 13.73	 2004	 5	 3	 0	 0	 0.000000
 13.25	 2004	 5	 4	 0	 0	 0.000000
 12.99	 2004	 5	 5	 0	 0	 0.000000
 13.68	 2004	 5	 6	 0	 0	 0.000000
 13.76	 2004	 5	 7	 0	 0	 0.000000
 14.15	 2004	 5	 8	 0	 0	 0.000000
 14.81	 2004	 5	 9	 0	 0	 0.000000
 15.03	 2004	 5	 10	 0	 0	 0.000000
 14.83	 2004	 5	 11	 0	 0	 0.000000
 14.64	 2004	 5	 12	 0	 0	 0.000000
 14.42	 2004	 5	 13	 0	 0	 0.000000
 14.49	 2004	 5	 14	 0	 0	 0.000000
 14.45	 2004	 5	 15	 0	 0	 0.000000
 14.39	 2004	 5	 16	 0	 0	 0.000000
 14.5	 2004	 5	 17	 0	 0	 0.000000
 14.78	 2004	 5	 18	 0	 0	 0.000000
 14.68	 2004	 5	 19	 0	 0	 0.000000
 14.79	 2004	 5	 20	 0	 0	 0.000000
 15.53	 2004	 5	 21	 0	 0	 0.000000
 16.09	 2004	 5	 22	 0	 0	 0.000000
 17.09	 2004	 5	 23	 0	 0	 0.000000
 18.26	 2004	 5	 24	 0	 0	 0.000000
 18.63	 2004	 5	 25	 0	 0	 0.000000
 18.59	 2004	 5	 26	 0	 0	 0.000000
 18.48	 2004	 5	 27	 0	 0	 0.000000
 17.29	 2004	 5	 28	 0	 0	 0.000000
 16.55	 2004	 5	 29	 0	 0	 0.000000
 16.96	 2004	 5	 30	 0	 0	 0.000000
 17.23	 2004	 5	 31	 0	 0	 0.000000
 17.18	 2004	 6	 1	 0	 0	 0.000000
 16.59	 2004	 6	 2	 0	 0	 0.000000
 16.65	 2004	 6	 3	 0	 0	 0.000000
 16.91	 2004	 6	 4	 0	 0	 0.000000
 17.24	 2004	 6	 5	 0	 0	 0.000000
 18.78	 2004	 6	 6	 0	 0	 0.000000
 19.83	 2004	 6	 7	 0	 0	 0.000000
 19.66	 2004	 6	 8	 0	 0	 0.000000
 19.68	 2004	 6	 9	 0	 0	 0.000000
 18.7	 2004	 6	 10	 0	 0	 0.000000
 17.95	 2004	 6	 11	 0	 0	 0.000000
 18.96	 2004	 6	 12	 0	 0	 0.000000
 19.28	 2004	 6	 13	 0	 0	 0.000000
 19.63	 2004	 6	 14	 0	 0	 0.000000
 19.99	 2004	 6	 15	 0	 0	 0.000000
 20.81	 2004	 6	 16	 0	 0	 0.000000
 20.96	 2004	 6	 17	 0	 0	 0.000000
 21	 2004	 6	 18	 0	 0	 0.000000
 21.69	 2004	 6	 19	 0	 0	 0.000000
 22.28	 2004	 6	 20	 0	 0	 0.000000
 22.8	 2004	 6	 21	 0	 0	 0.000000
 22.56	 2004	 6	 22	 0	 0	 0.000000
 22.84	 2004	 6	 23	 0	 0	 0.000000
 22.9	 2004	 6	 24	 0	 0	 0.000000
 22.64	 2004	 6	 25	 0	 0	 0.000000
 22.96	 2004	 6	 26	 0	 0	 0.000000
 23.4	 2004	 6	 27	 0	 0	 0.000000
 23.6	 2004	 6	 28	 0	 0	 0.000000
 22.77	 2004	 6	 29	 0	 0	 0.000000
 22.63	 2004	 6	 30	 0	 0	 0.000000
 22.73	 2004	 7	 1	 0	 0	 0.000000
 22.85	 2004	 7	 2	 0	 0	 0.000000
 23.86	 2004	 7	 3	 0	 0	 0.000000
 23.32	 2004	 7	 4	 0	 0	 0.000000
 23.15	 2004	 7	 5	 0	 0	 0.000000
 23.66	 2004	 7	 6	 0	 0	 0.000000
 24.3	 2004	 7	 7	 0	 0	 0.000000
 24.69	 2004	 7	 8	 0	 0	 0.000000
 24.69	 2004	 7	 9	 0	 0	 0.000000
 24.85	 2004	 7	 10	 0	 0	 0.000000
 24.7	 2004	 7	 11	 0	 0	 0.000000
 24.93	 2004	 7	 12	 0	 0	 0.000000
 24.95	 2004	 7	 13	 0	 0	 0.000000
 25.29	 2004	 7	 14	 0	 0	 0.000000
 24.79	 2004	 7	 15	 0	 0	 0.000000
 23.8	 2004	 7	 16	 0	 0	 0.000000
 23.82	 2004	 7	 17	 0	 0	 0.000000
 23.12	 2004	 7	 18	 0	 0	 0.000000
 23.29	 2004	 7	 19	 0	 0	 0.000000
 24.31	 2004	 7	 20	 0	 0	 0.000000
 24.84	 2004	 7	 21	 0	 0	 0.000000
 24.63	 2004	 7	 22	 0	 0	 0.000000
 24.53	 2004	 7	 23	 0	 0	 0.000000
 24.53	 2004	 7	 24	 0	 0	 0.000000
 24.24	 2004	 7	 25	 0	 0	 0.000000
 24.13	 2004	 7	 26	 0	 0	 0.000000
 24.07	 2004	 7	 27	 0	 0	 0.000000
 24.36	 2004	 7	 28	 0	 0	 0.000000
 25.07	 2004	 7	 29	 0	 0	 0.000000
 25.38	 2004	 7	 30	 0	 0	 0.000000
 25.16	 2004	 7	 31	 0	 0	 0.000000
 25.17	 2004	 8	 1	 0	 0	 0.000000
 25.22	 2004	 8	 2	 0	 0	 0.000000
 25.09	 2004	 8	 3	 0	 0	 0.000000
 24.3	 2004	 8	 4	 0	 0	 0.000000
 24.86	 2004	 8	 5	 0	 0	 0.000000
 25.29	 2004	 8	 6	 0	 0	 0.000000
 25.45	 2004	 8	 7	 0	 0	 0.000000
 25.43	 2004	 8	 8	 0	 0	 0.000000
 25.31	 2004	 8	 9	 0	 0	 0.000000
 25.3	 2004	 8	 10	 0	 0	 0.000000
 25.33	 2004	 8	 11	 0	 0	 0.000000
 24.96	 2004	 8	 12	 0	 0	 0.000000
 24.68	 2004	 8	 13	 0	 0	 0.000000
 25.08	 2004	 8	 14	 0	 0	 0.000000
 25.49	 2004	 8	 15	 0	 0	 0.000000
 25.76	 2004	 8	 16	 0	 0	 0.000000
 25.66	 2004	 8	 17	 0	 0	 0.000000
 24.97	 2004	 8	 18	 0	 0	 0.000000
 24.98	 2004	 8	 19	 0	 0	 0.000000
 25.24	 2004	 8	 20	 0	 0	 0.000000
 25.59	 2004	 8	 21	 0	 0	 0.000000
 25.8	 2004	 8	 22	 0	 0	 0.000000
 25.38	 2004	 8	 23	 0	 0	 0.000000
 25.31	 2004	 8	 24	 0	 0	 0.000000
 25.15	 2004	 8	 25	 0	 0	 0.000000
 25.36	 2004	 8	 26	 0	 0	 0.000000
 25.11	 2004	 8	 27	 0	 0	 0.000000
 25.01	 2004	 8	 28	 0	 0	 0.000000
 25.51	 2004	 8	 29	 0	 0	 0.000000
 25.52	 2004	 8	 30	 0	 0	 0.000000
 25.35	 2004	 8	 31	 0	 0	 0.000000
 25.36	 2004	 9	 1	 0	 0	 0.000000
 25.57	 2004	 9	 2	 0	 0	 0.000000
 25.25	 2004	 9	 3	 0	 0	 0.000000
 24.97	 2004	 9	 4	 0	 0	 0.000000
 24.73	 2004	 9	 5	 0	 0	 0.000000
 24.31	 2004	 9	 6	 0	 0	 0.000000
 24.07	 2004	 9	 7	 0	 0	 0.000000
 23.94	 2004	 9	 8	 0	 0	 0.000000
 23.71	 2004	 9	 9	 0	 0	 0.000000
 23.45	 2004	 9	 10	 0	 0	 0.000000
 23.48	 2004	 9	 11	 0	 0	 0.000000
 22.75	 2004	 9	 12	 0	 0	 0.000000
 22.41	 2004	 9	 13	 0	 0	 0.000000
 22.37	 2004	 9	 14	 0	 0	 0.000000
 22.6	 2004	 9	 15	 0	 0	 0.000000
 22.49	 2004	 9	 16	 0	 0	 0.000000
 22.02	 2004	 9	 17	 0	 0	 0.000000
 21.71	 2004	 9	 18	 0	 0	 0.000000
 22.03	 2004	 9	 19	 0	 0	 0.000000
 22.48	 2004	 9	 20	 0	 0	 0.000000
 22.5	 2004	 9	 21	 0	 0	 0.000000
 22.58	 2004	 9	 22	 0	 0	 0.000000
 22.8	 2004	 9	 23	 0	 0	 0.000000
 22.03	 2004	 9	 24	 0	 0	 0.000000
 22.09	 2004	 9	 25	 0	 0	 0.000000
 22.32	 2004	 9	 26	 0	 0	 0.000000
 22.32	 2004	 9	 27	 0	 0	 0.000000
 22.55	 2004	 9	 28	 0	 0	 0.000000
 23.16	 2004	 9	 29	 0	 0	 0.000000
 23.29	 2004	 9	 30	 0	 0	 0.000000
 22.78	 2004	 10	 1	 0	 0	 0.000000
 22.53	 2004	 10	 2	 0	 0	 0.000000
 22.53	 2004	 10	 3	 0	 0	 0.000000
 22.13	 2004	 10	 4	 0	 0	 0.000000
 21.9	 2004	 10	 5	 0	 0	 0.000000
 21.42	 2004	 10	 6	 0	 0	 0.000000
 21.32	 2004	 10	 7	 0	 0	 0.000000
 20.97	 2004	 10	 8	 0	 0	 0.000000
 20.67	 2004	 10	 9	 0	 0	 0.000000
 20.73	 2004	 10	 10	 0	 0	 0.000000
 20.56	 2004	 10	 11	 0	 0	 0.000000
 20.32	 2004	 10	 12	 0	 0	 0.000000
 19.92	 2004	 10	 13	 0	 0	 0.000000
 19.71	 2004	 10	 14	 0	 0	 0.000000
 19.68	 2004	 10	 15	 0	 0	 0.000000
 18.55	 2004	 10	 16	 0	 0	 0.000000
 18.61	 2004	 10	 17	 0	 0	 0.000000
 19.17	 2004	 10	 18	 0	 0	 0.000000
 18.87	 2004	 10	 19	 0	 0	 0.000000
 18.99	 2004	 10	 20	 0	 0	 0.000000
 19.19	 2004	 10	 21	 0	 0	 0.000000
 18.77	 2004	 10	 22	 0	 0	 0.000000
 18.54	 2004	 10	 23	 0	 0	 0.000000
 18.52	 2004	 10	 24	 0	 0	 0.000000
 17.78	 2004	 10	 25	 0	 0	 0.000000
 18.71	 2004	 10	 26	 0	 0	 0.000000
 18.91	 2004	 10	 27	 0	 0	 0.000000
 18.73	 2004	 10	 28	 0	 0	 0.000000
 18.45	 2004	 10	 29	 0	 0	 0.000000
 18.42	 2004	 10	 30	 0	 0	 0.000000
 18.26	 2004	 10	 31	 0	 0	 0.000000
 17.77	 2004	 11	 1	 0	 0	 0.000000
 18.17	 2004	 11	 2	 0	 0	 0.000000
 17.84	 2004	 11	 3	 0	 0	 0.000000
 17.84	 2004	 11	 4	 0	 0	 0.000000
 18.03	 2004	 11	 5	 0	 0	 0.000000
 18.01	 2004	 11	 6	 0	 0	 0.000000
 17.94	 2004	 11	 7	 0	 0	 0.000000
 17.81	 2004	 11	 8	 0	 0	 0.000000
 17.54	 2004	 11	 9	 0	 0	 0.000000
 17.36	 2004	 11	 10	 0	 0	 0.000000
 17.36	 2004	 11	 11	 0	 0	 0.000000
 17.21	 2004	 11	 12	 0	 0	 0.000000
 16.9	 2004	 11	 13	 0	 0	 0.000000
 16.79	 2004	 11	 14	 0	 0	 0.000000
 16.61	 2004	 11	 15	 0	 0	 0.000000
 16.63	 2004	 11	 16	 0	 0	 0.000000
 16.02	 2004	 11	 17	 0	 0	 0.000000
 15.74	 2004	 11	 18	 0	 0	 0.000000
 15.69	 2004	 11	 19	 0	 0	 0.000000
 15.53	 2004	 11	 20	 0	 0	 0.000000
 15.49	 2004	 11	 21	 0	 0	 0.000000
 15.08	 2004	 11	 22	 0	 0	 0.000000
 14.26	 2004	 11	 23	 0	 0	 0.000000
 13.76	 2004	 11	 24	 0	 0	 0.000000
 13.41	 2004	 11	 25	 0	 0	 0.000000
 13.55	 2004	 11	 26	 0	 0	 0.000000
 14.08	 2004	 11	 27	 0	 0	 0.000000
 14.2	 2004	 11	 28	 0	 0	 0.000000
 14.27	 2004	 11	 29	 0	 0	 0.000000
 13.36	 2004	 11	 30	 0	 0	 0.000000
 13.12	 2004	 12	 1	 0	 0	 0.000000
 13.71	 2004	 12	 2	 0	 0	 0.000000
 13.73	 2004	 12	 3	 0	 0	 0.000000
 13.09	 2004	 12	 4	 0	 0	 0.000000
 12.95	 2004	 12	 5	 0	 0	 0.000000
 12.62	 2004	 12	 6	 0	 0	 0.000000
 11.89	 2004	 12	 7	 0	 0	 0.000000
 11.7	 2004	 12	 8	 0	 0	 0.000000
 11.73	 2004	 12	 9	 0	 0	 0.000000
 12.14	 2004	 12	 10	 0	 0	 0.000000
 12.16	 2004	 12	 11	 0	 0	 0.000000
 11.79	 2004	 12	 12	 0	 0	 0.000000
 11.71	 2004	 12	 13	 0	 0	 0.000000
 11.07	 2004	 12	 14	 0	 0	 0.000000
 11.33	 2004	 12	 15	 0	 0	 0.000000
 11.24	 2004	 12	 16	 0	 0	 0.000000
 10.98	 2004	 12	 17	 0	 0	 0.000000
 10.7	 2004	 12	 18	 0	 0	 0.000000
 10.61	 2004	 12	 19	 0	 0	 0.000000
 10.04	 2004	 12	 20	 0	 0	 0.000000
 10.4	 2004	 12	 21	 0	 0	 0.000000
 10.43	 2004	 12	 22	 0	 0	 0.000000
 10.69	 2004	 12	 23	 0	 0	 0.000000
 10.91	 2004	 12	 24	 0	 0	 0.000000
 10.6	 2004	 12	 25	 0	 0	 0.000000
 10.46	 2004	 12	 26	 0	 0	 0.000000
 10.57	 2004	 12	 27	 0	 0	 0.000000
 10.52	 2004	 12	 28	 0	 0	 0.000000
 10.76	 2004	 12	 29	 0	 0	 0.000000
 10.53	 2004	 12	 30	 0	 0	 0.000000
 10.76	 2004	 12	 31	 0	 0	 0.000000
 11.18	 2005	 1	 1	 0	 0	 0.000000
 11.38	 2005	 1	 2	 0	 0	 0.000000
 11.25	 2005	 1	 3	 0	 0	 0.000000
 11.03	 2005	 1	 4	 0	 0	 0.000000
 10.62	 2005	 1	 5	 0	 0	 0.000000
 10.16	 2005	 1	 6	 0	 0	 0.000000
 9.97	 2005	 1	 7	 0	 0	 0.000000
 9.9	 2005	 1	 8	 0	 0	 0.000000
 9.95	 2005	 1	 9	 0	 0	 0.000000
 10.22	 2005	 1	 10	 0	 0	 0.000000
 10.4	 2005	 1	 11	 0	 0	 0.000000
 10.35	 2005	 1	 12	 0	 0	 0.000000
 10.18	 2005	 1	 13	 0	 0	 0.000000
 9.93	 2005	 1	 14	 0	 0	 0.000000
 9.47	 2005	 1	 15	 0	 0	 0.000000
 9.63	 2005	 1	 16	 0	 0	 0.000000
 9.49	 2005	 1	 17	 0	 0	 0.000000
 9.43	 2005	 1	 18	 0	 0	 0.000000
 9.61	 2005	 1	 19	 0	 0	 0.000000
 9.74	 2005	 1	 20	 0	 0	 0.000000
 9.97	 2005	 1	 21	 0	 0	 0.000000
 9.95	 2005	 1	 22	 0	 0	 0.000000
 10.12	 2005	 1	 23	 0	 0	 0.000000
 10.52	 2005	 1	 24	 0	 0	 0.000000
 10.6	 2005	 1	 25	 0	 0	 0.000000
 10.59	 2005	 1	 26	 0	 0	 0.000000
 11.18	 2005	 1	 27	 0	 0	 0.000000
 10.89	 2005	 1	 28	 0	 0	 0.000000
 10.7	 2005	 1	 29	 0	 0	 0.000000
 10.22	 2005	 1	 30	 0	 0	 0.000000
 10.02	 2005	 1	 31	 0	 0	 0.000000
 9.99	 2005	 2	 1	 0	 0	 0.000000
 9.96	 2005	 2	 2	 0	 0	 0.000000
 10.21	 2005	 2	 3	 0	 0	 0.000000
 10.11	 2005	 2	 4	 0	 0	 0.000000
 10	 2005	 2	 5	 0	 0	 0.000000
 10.13	 2005	 2	 6	 0	 0	 0.000000
 10.2	 2005	 2	 7	 0	 0	 0.000000
 10.34	 2005	 2	 8	 0	 0	 0.000000
 9.65	 2005	 2	 9	 0	 0	 0.000000
 9.69	 2005	 2	 10	 0	 0	 0.000000
 9.55	 2005	 2	 11	 0	 0	 0.000000
 9.71	 2005	 2	 12	 0	 0	 0.000000
 9.82	 2005	 2	 13	 0	 0	 0.000000
 9.82	 2005	 2	 14	 0	 0	 0.000000
 9.93	 2005	 2	 15	 0	 0	 0.000000
 10.42	 2005	 2	 16	 0	 0	 0.000000
 10.2	 2005	 2	 17	 0	 0	 0.000000
 10.17	 2005	 2	 18	 0	 0	 0.000000
 10.17	 2005	 2	 19	 0	 0	 0.000000
 9.69	 2005	 2	 20	 0	 0	 0.000000
 9.54	 2005	 2	 21	 0	 0	 0.000000
 9.68	 2005	 2	 22	 0	 0	 0.000000
 9.85	 2005	 2	 23	 0	 0	 0.000000
 9.93	 2005	 2	 24	 0	 0	 0.000000
 9.95	 2005	 2	 25	 0	 0	 0.000000
 9.74	 2005	 2	 26	 0	 0	 0.000000
 9.5	 2005	 2	 27	 0	 0	 0.000000
 9.49	 2005	 2	 28	 0	 0	 0.000000
 9.45	 2005	 3	 1	 0	 0	 0.000000
 9.25	 2005	 3	 2	 0	 0	 0.000000
 9.17	 2005	 3	 3	 0	 0	 0.000000
 9.15	 2005	 3	 4	 0	 0	 0.000000
 9	 2005	 3	 5	 0	 0	 0.000000
 9.01	 2005	 3	 6	 0	 0	 0.000000
 9.17	 2005	 3	 7	 0	 0	 0.000000
 9.64	 2005	 3	 8	 0	 0	 0.000000
 9.61	 2005	 3	 9	 0	 0	 0.000000
 9.15	 2005	 3	 10	 0	 0	 0.000000
 8.76	 2005	 3	 11	 0	 0	 0.000000
 8.32	 2005	 3	 12	 0	 0	 0.000000
 8.49	 2005	 3	 13	 0	 0	 0.000000
 8.67	 2005	 3	 14	 0	 0	 0.000000
 8.59	 2005	 3	 15	 0	 0	 0.000000
 8.58	 2005	 3	 16	 0	 0	 0.000000
 8.62	 2005	 3	 17	 0	 0	 0.000000
 8.34	 2005	 3	 18	 0	 0	 0.000000
 8.46	 2005	 3	 19	 0	 0	 0.000000
 8.45	 2005	 3	 20	 0	 0	 0.000000
 8.56	 2005	 3	 21	 0	 0	 0.000000
 8.7	 2005	 3	 22	 0	 0	 0.000000
 8.84	 2005	 3	 23	 0	 0	 0.000000
 8.83	 2005	 3	 24	 0	 0	 0.000000
 8.72	 2005	 3	 25	 0	 0	 0.000000
 8.93	 2005	 3	 26	 0	 0	 0.000000
 9.06	 2005	 3	 27	 0	 0	 0.000000
 9	 2005	 3	 28	 0	 0	 0.000000
 8.77	 2005	 3	 29	 0	 0	 0.000000
 8.72	 2005	 3	 30	 0	 0	 0.000000
 9.21	 2005	 3	 31	 0	 0	 0.000000
 9.34	 2005	 4	 1	 0	 0	 0.000000
 9.71	 2005	 4	 2	 0	 0	 0.000000
 9.84	 2005	 4	 3	 0	 0	 0.000000
 9.96	 2005	 4	 4	 0	 0	 0.000000
 9.81	 2005	 4	 5	 0	 0	 0.000000
 9.99	 2005	 4	 6	 0	 0	 0.000000
 10.38	 2005	 4	 7	 0	 0	 0.000000
 10.52	 2005	 4	 8	 0	 0	 0.000000
 10.42	 2005	 4	 9	 0	 0	 0.000000
 10.6	 2005	 4	 10	 0	 0	 0.000000
 11.54	 2005	 4	 11	 0	 0	 0.000000
 11.5	 2005	 4	 12	 0	 0	 0.000000
 11.55	 2005	 4	 13	 0	 0	 0.000000
 9.95	 2005	 4	 14	 0	 0	 0.000000
 9.85	 2005	 4	 15	 0	 0	 0.000000
 11.03	 2005	 4	 16	 0	 0	 0.000000
 10.85	 2005	 4	 17	 0	 0	 0.000000
 11.26	 2005	 4	 18	 0	 0	 0.000000
 11.78	 2005	 4	 19	 0	 0	 0.000000
 12.05	 2005	 4	 20	 0	 0	 0.000000
 12.08	 2005	 4	 21	 0	 0	 0.000000
 12.48	 2005	 4	 22	 0	 0	 0.000000
 12.9	 2005	 4	 23	 0	 0	 0.000000
 12.91	 2005	 4	 24	 0	 0	 0.000000
 13.11	 2005	 4	 25	 0	 0	 0.000000
 13.73	 2005	 4	 26	 0	 0	 0.000000
 14.36	 2005	 4	 27	 0	 0	 0.000000
 14.48	 2005	 4	 28	 0	 0	 0.000000
 13.57	 2005	 4	 29	 0	 0	 0.000000
 13.34	 2005	 4	 30	 0	 0	 0.000000
 13.46	 2005	 5	 1	 0	 0	 0.000000
 13.69	 2005	 5	 2	 0	 0	 0.000000
 13.93	 2005	 5	 3	 0	 0	 0.000000
 13.9	 2005	 5	 4	 0	 0	 0.000000
 13.89	 2005	 5	 5	 0	 0	 0.000000
 13.81	 2005	 5	 6	 0	 0	 0.000000
 13.77	 2005	 5	 7	 0	 0	 0.000000
 13.78	 2005	 5	 8	 0	 0	 0.000000
 14.84	 2005	 5	 9	 0	 0	 0.000000
 15.15	 2005	 5	 10	 0	 0	 0.000000
 16.03	 2005	 5	 11	 0	 0	 0.000000
 16.68	 2005	 5	 12	 0	 0	 0.000000
 16.27	 2005	 5	 13	 0	 0	 0.000000
 15.99	 2005	 5	 14	 0	 0	 0.000000
 15.45	 2005	 5	 15	 0	 0	 0.000000
 15.75	 2005	 5	 16	 0	 0	 0.000000
 16.2	 2005	 5	 17	 0	 0	 0.000000
 16.86	 2005	 5	 18	 0	 0	 0.000000
 17.19	 2005	 5	 19	 0	 0	 0.000000
 17.29	 2005	 5	 20	 0	 0	 0.000000
 17.31	 2005	 5	 21	 0	 0	 0.000000
 17.69	 2005	 5	 22	 0	 0	 0.000000
 18.26	 2005	 5	 23	 0	 0	 0.000000
 18.23	 2005	 5	 24	 0	 0	 0.000000
 18.28	 2005	 5	 25	 0	 0	 0.000000
 18.25	 2005	 5	 26	 0	 0	 0.000000
 19.05	 2005	 5	 27	 0	 0	 0.000000
 19.71	 2005	 5	 28	 0	 0	 0.000000
 20.34	 2005	 5	 29	 0	 0	 0.000000
 19.94	 2005	 5	 30	 0	 0	 0.000000
 20.04	 2005	 5	 31	 0	 0	 0.000000
 20.51	 2005	 6	 1	 0	 0	 0.000000
 20.3	 2005	 6	 2	 0	 0	 0.000000
 19.97	 2005	 6	 3	 0	 0	 0.000000
 19.62	 2005	 6	 4	 0	 0	 0.000000
 19.41	 2005	 6	 5	 0	 0	 0.000000
 19.55	 2005	 6	 6	 0	 0	 0.000000
 19.69	 2005	 6	 7	 0	 0	 0.000000
 20.07	 2005	 6	 8	 0	 0	 0.000000
 20.66	 2005	 6	 9	 0	 0	 0.000000
 21.02	 2005	 6	 10	 0	 0	 0.000000
 21.54	 2005	 6	 11	 0	 0	 0.000000
 21.02	 2005	 6	 12	 0	 0	 0.000000
 21.37	 2005	 6	 13	 0	 0	 0.000000
 20.93	 2005	 6	 14	 0	 0	 0.000000
 20.87	 2005	 6	 15	 0	 0	 0.000000
 21.1	 2005	 6	 16	 0	 0	 0.000000
 20.98	 2005	 6	 17	 0	 0	 0.000000
 20.98	 2005	 6	 18	 0	 0	 0.000000
 21.77	 2005	 6	 19	 0	 0	 0.000000
 21.36	 2005	 6	 20	 0	 0	 0.000000
 21.15	 2005	 6	 21	 0	 0	 0.000000
 21.28	 2005	 6	 22	 0	 0	 0.000000
 21.22	 2005	 6	 23	 0	 0	 0.000000
 21.08	 2005	 6	 24	 0	 0	 0.000000
 21.12	 2005	 6	 25	 0	 0	 0.000000
 21.08	 2005	 6	 26	 0	 0	 0.000000
 21.18	 2005	 6	 27	 0	 0	 0.000000
 21.7	 2005	 6	 28	 0	 0	 0.000000
 22.68	 2005	 6	 29	 0	 0	 0.000000
 22.61	 2005	 6	 30	 0	 0	 0.000000
 22.69	 2005	 7	 1	 0	 0	 0.000000
 23.16	 2005	 7	 2	 0	 0	 0.000000
 23.63	 2005	 7	 3	 0	 0	 0.000000
 24.39	 2005	 7	 4	 0	 0	 0.000000
 24.95	 2005	 7	 5	 0	 0	 0.000000
 24.03	 2005	 7	 6	 0	 0	 0.000000
 23.73	 2005	 7	 7	 0	 0	 0.000000
 23.58	 2005	 7	 8	 0	 0	 0.000000
 23.36	 2005	 7	 9	 0	 0	 0.000000
 23.4	 2005	 7	 10	 0	 0	 0.000000
 24.08	 2005	 7	 11	 0	 0	 0.000000
 24.57	 2005	 7	 12	 0	 0	 0.000000
 24.63	 2005	 7	 13	 0	 0	 0.000000
 24.79	 2005	 7	 14	 0	 0	 0.000000
 24.69	 2005	 7	 15	 0	 0	 0.000000
 24.36	 2005	 7	 16	 0	 0	 0.000000
 24.27	 2005	 7	 17	 0	 0	 0.000000
 24.73	 2005	 7	 18	 0	 0	 0.000000
 25.35	 2005	 7	 19	 0	 0	 0.000000
 25.79	 2005	 7	 20	 0	 0	 0.000000
 25.4	 2005	 7	 21	 0	 0	 0.000000
 25.49	 2005	 7	 22	 0	 0	 0.000000
 25.94	 2005	 7	 23	 0	 0	 0.000000
 26.71	 2005	 7	 24	 0	 0	 0.000000
 25.91	 2005	 7	 25	 0	 0	 0.000000
 25.98	 2005	 7	 26	 0	 0	 0.000000
 26.11	 2005	 7	 27	 0	 0	 0.000000
 26.02	 2005	 7	 28	 0	 0	 0.000000
 26.81	 2005	 7	 29	 0	 0	 0.000000
 26.69	 2005	 7	 30	 0	 0	 0.000000
 26.57	 2005	 7	 31	 0	 0	 0.000000
 26.67	 2005	 8	 1	 0	 0	 0.000000
 26.39	 2005	 8	 2	 0	 0	 0.000000
 25.95	 2005	 8	 3	 0	 0	 0.000000
 26.15	 2005	 8	 4	 0	 0	 0.000000
 26.43	 2005	 8	 5	 0	 0	 0.000000
 27.44	 2005	 8	 6	 0	 0	 0.000000
 27.57	 2005	 8	 7	 0	 0	 0.000000
 27.31	 2005	 8	 8	 0	 0	 0.000000
 26.46	 2005	 8	 9	 0	 0	 0.000000
 26.61	 2005	 8	 10	 0	 0	 0.000000
 26.61	 2005	 8	 11	 0	 0	 0.000000
 26.92	 2005	 8	 12	 0	 0	 0.000000
 26.77	 2005	 8	 13	 0	 0	 0.000000
 26.7	 2005	 8	 14	 0	 0	 0.000000
 26.73	 2005	 8	 15	 0	 0	 0.000000
 26.84	 2005	 8	 16	 0	 0	 0.000000
 26.61	 2005	 8	 17	 0	 0	 0.000000
 26.31	 2005	 8	 18	 0	 0	 0.000000
 26.03	 2005	 8	 19	 0	 0	 0.000000
 26.31	 2005	 8	 20	 0	 0	 0.000000
 26.52	 2005	 8	 21	 0	 0	 0.000000
 26.4	 2005	 8	 22	 0	 0	 0.000000
 26.48	 2005	 8	 23	 0	 0	 0.000000
 26.44	 2005	 8	 24	 0	 0	 0.000000
 26.08	 2005	 8	 25	 0	 0	 0.000000
 25.61	 2005	 8	 26	 0	 0	 0.000000
 26.07	 2005	 8	 27	 0	 0	 0.000000
 25.35	 2005	 8	 28	 0	 0	 0.000000
 24.73	 2005	 8	 29	 0	 0	 0.000000
 24.36	 2005	 8	 30	 0	 0	 0.000000
 24.47	 2005	 8	 31	 0	 0	 0.000000
 24.57	 2005	 9	 1	 0	 0	 0.000000
 24.78	 2005	 9	 2	 0	 0	 0.000000
 25.16	 2005	 9	 3	 0	 0	 0.000000
 24.82	 2005	 9	 4	 0	 0	 0.000000
 24.6	 2005	 9	 5	 0	 0	 0.000000
 24.54	 2005	 9	 6	 0	 0	 0.000000
 24.65	 2005	 9	 7	 0	 0	 0.000000
 24.52	 2005	 9	 8	 0	 0	 0.000000
 24.06	 2005	 9	 9	 0	 0	 0.000000
 22.85	 2005	 9	 10	 0	 0	 0.000000
 22.71	 2005	 9	 11	 0	 0	 0.000000
 22.28	 2005	 9	 12	 0	 0	 0.000000
 22.47	 2005	 9	 13	 0	 0	 0.000000
 22.31	 2005	 9	 14	 0	 0	 0.000000
 22.91	 2005	 9	 15	 0	 0	 0.000000
 23.43	 2005	 9	 16	 0	 0	 0.000000
 23.49	 2005	 9	 17	 0	 0	 0.000000
 23.8	 2005	 9	 18	 0	 0	 0.000000
 23.96	 2005	 9	 19	 0	 0	 0.000000
 23.93	 2005	 9	 20	 0	 0	 0.000000
 24.25	 2005	 9	 21	 0	 0	 0.000000
 24.41	 2005	 9	 22	 0	 0	 0.000000
 24.67	 2005	 9	 23	 0	 0	 0.000000
 24.26	 2005	 9	 24	 0	 0	 0.000000
 24.08	 2005	 9	 25	 0	 0	 0.000000
 23.78	 2005	 9	 26	 0	 0	 0.000000
 23.7	 2005	 9	 27	 0	 0	 0.000000
 23.8	 2005	 9	 28	 0	 0	 0.000000
 23.04	 2005	 9	 29	 0	 0	 0.000000
 22.48	 2005	 9	 30	 0	 0	 0.000000
 21.74	 2005	 10	 1	 0	 0	 0.000000
 21.54	 2005	 10	 2	 0	 0	 0.000000
 21.36	 2005	 10	 3	 0	 0	 0.000000
 21.29	 2005	 10	 4	 0	 0	 0.000000
 21.38	 2005	 10	 5	 0	 0	 0.000000
 21.75	 2005	 10	 6	 0	 0	 0.000000
 22.09	 2005	 10	 7	 0	 0	 0.000000
 22.02	 2005	 10	 8	 0	 0	 0.000000
 21.7	 2005	 10	 9	 0	 0	 0.000000
 20.75	 2005	 10	 10	 0	 0	 0.000000
 20.15	 2005	 10	 11	 0	 0	 0.000000
 19.18	 2005	 10	 12	 0	 0	 0.000000
 18.9	 2005	 10	 13	 0	 0	 0.000000
 19.06	 2005	 10	 14	 0	 0	 0.000000
 19.05	 2005	 10	 15	 0	 0	 0.000000
 19.05	 2005	 10	 16	 0	 0	 0.000000
 18.63	 2005	 10	 17	 0	 0	 0.000000
 18.41	 2005	 10	 18	 0	 0	 0.000000
 18.33	 2005	 10	 19	 0	 0	 0.000000
 19.42	 2005	 10	 20	 0	 0	 0.000000
 19.62	 2005	 10	 21	 0	 0	 0.000000
 18.9	 2005	 10	 22	 0	 0	 0.000000
 18.96	 2005	 10	 23	 0	 0	 0.000000
 18.92	 2005	 10	 24	 0	 0	 0.000000
 18.84	 2005	 10	 25	 0	 0	 0.000000
 18.63	 2005	 10	 26	 0	 0	 0.000000
 18.57	 2005	 10	 27	 0	 0	 0.000000
 18.28	 2005	 10	 28	 0	 0	 0.000000
 17.75	 2005	 10	 29	 0	 0	 0.000000
 17.23	 2005	 10	 30	 0	 0	 0.000000
 17.06	 2005	 10	 31	 0	 0	 0.000000
 16.98	 2005	 11	 1	 0	 0	 0.000000
 17.22	 2005	 11	 2	 0	 0	 0.000000
 16.89	 2005	 11	 3	 0	 0	 0.000000
 16.7	 2005	 11	 4	 0	 0	 0.000000
 16.73	 2005	 11	 5	 0	 0	 0.000000
 16.65	 2005	 11	 6	 0	 0	 0.000000
 16.59	 2005	 11	 7	 0	 0	 0.000000
 16.68	 2005	 11	 8	 0	 0	 0.000000
 17.22	 2005	 11	 9	 0	 0	 0.000000
 17.89	 2005	 11	 10	 0	 0	 0.000000
 17.74	 2005	 11	 11	 0	 0	 0.000000
 17.75	 2005	 11	 12	 0	 0	 0.000000
 17.19	 2005	 11	 13	 0	 0	 0.000000
 16.84	 2005	 11	 14	 0	 0	 0.000000
 16.67	 2005	 11	 15	 0	 0	 0.000000
 16.66	 2005	 11	 16	 0	 0	 0.000000
 17.03	 2005	 11	 17	 0	 0	 0.000000
 16.19	 2005	 11	 18	 0	 0	 0.000000
 16.1	 2005	 11	 19	 0	 0	 0.000000
 15.8	 2005	 11	 20	 0	 0	 0.000000
 15.36	 2005	 11	 21	 0	 0	 0.000000
 15.38	 2005	 11	 22	 0	 0	 0.000000
 15.58	 2005	 11	 23	 0	 0	 0.000000
 14.88	 2005	 11	 24	 0	 0	 0.000000
 14.17	 2005	 11	 25	 0	 0	 0.000000
 14.27	 2005	 11	 26	 0	 0	 0.000000
 14.98	 2005	 11	 27	 0	 0	 0.000000
 14.85	 2005	 11	 28	 0	 0	 0.000000
 13.96	 2005	 11	 29	 0	 0	 0.000000
 13.94	 2005	 11	 30	 0	 0	 0.000000
 14.98	 2005	 12	 1	 0	 0	 0.000000
 14.66	 2005	 12	 2	 0	 0	 0.000000
 14.68	 2005	 12	 3	 0	 0	 0.000000
 14.5	 2005	 12	 4	 0	 0	 0.000000
 14.43	 2005	 12	 5	 0	 0	 0.000000
 14.16	 2005	 12	 6	 0	 0	 0.000000
 14.08	 2005	 12	 7	 0	 0	 0.000000
 13.59	 2005	 12	 8	 0	 0	 0.000000
 13.56	 2005	 12	 9	 0	 0	 0.000000
 13.67	 2005	 12	 10	 0	 0	 0.000000
 13.1	 2005	 12	 11	 0	 0	 0.000000
 12.59	 2005	 12	 12	 0	 0	 0.000000
 12.85	 2005	 12	 13	 0	 0	 0.000000
 13.17	 2005	 12	 14	 0	 0	 0.000000
 13.57	 2005	 12	 15	 0	 0	 0.000000
 13.59	 2005	 12	 16	 0	 0	 0.000000
 13.09	 2005	 12	 17	 0	 0	 0.000000
 12.69	 2005	 12	 18	 0	 0	 0.000000
 12.52	 2005	 12	 19	 0	 0	 0.000000
 12.24	 2005	 12	 20	 0	 0	 0.000000
 12.32	 2005	 12	 21	 0	 0	 0.000000
 12.27	 2005	 12	 22	 0	 0	 0.000000
 12.58	 2005	 12	 23	 0	 0	 0.000000
 12.6	 2005	 12	 24	 0	 0	 0.000000
 12.21	 2005	 12	 25	 0	 0	 0.000000
 12.32	 2005	 12	 26	 0	 0	 0.000000
 12.77	 2005	 12	 27	 0	 0	 0.000000
 13.32	 2005	 12	 28	 0	 0	 0.000000
 12.95	 2005	 12	 29	 0	 0	 0.000000
 12.77	 2005	 12	 30	 0	 0	 0.000000
 12.55	 2005	 12	 31	 0	 0	 0.000000
 12.16	 2006	 1	 1	 0	 0	 0.000000
 12.2	 2006	 1	 2	 0	 0	 0.000000
 11.81	 2006	 1	 3	 0	 0	 0.000000
 12.36	 2006	 1	 4	 0	 0	 0.000000
 12.04	 2006	 1	 5	 0	 0	 0.000000
 12.14	 2006	 1	 6	 0	 0	 0.000000
 12.05	 2006	 1	 7	 0	 0	 0.000000
 11.46	 2006	 1	 8	 0	 0	 0.000000
 11.2	 2006	 1	 9	 0	 0	 0.000000
 10.94	 2006	 1	 10	 0	 0	 0.000000
 11.02	 2006	 1	 11	 0	 0	 0.000000
 10.89	 2006	 1	 12	 0	 0	 0.000000
 10.59	 2006	 1	 13	 0	 0	 0.000000
 9.98	 2006	 1	 14	 0	 0	 0.000000
 9.98	 2006	 1	 15	 0	 0	 0.000000
 10.21	 2006	 1	 16	 0	 0	 0.000000
 10.05	 2006	 1	 17	 0	 0	 0.000000
 9.86	 2006	 1	 18	 0	 0	 0.000000
 9.71	 2006	 1	 19	 0	 0	 0.000000
 9.28	 2006	 1	 20	 0	 0	 0.000000
 9.06	 2006	 1	 21	 0	 0	 0.000000
 8.87	 2006	 1	 22	 0	 0	 0.000000
 8.89	 2006	 1	 23	 0	 0	 0.000000
 8.72	 2006	 1	 24	 0	 0	 0.000000
 8.66	 2006	 1	 25	 0	 0	 0.000000
 8.69	 2006	 1	 26	 0	 0	 0.000000
 8.8	 2006	 1	 27	 0	 0	 0.000000
 8.72	 2006	 1	 28	 0	 0	 0.000000
 8.14	 2006	 1	 29	 0	 0	 0.000000
 7.16	 2006	 1	 30	 0	 0	 0.000000
 7.22	 2006	 1	 31	 0	 0	 0.000000
 7.52	 2006	 2	 1	 0	 0	 0.000000
 7.57	 2006	 2	 2	 0	 0	 0.000000
 7.9	 2006	 2	 3	 0	 0	 0.000000
 8.69	 2006	 2	 4	 0	 0	 0.000000
 8.38	 2006	 2	 5	 0	 0	 0.000000
 8.23	 2006	 2	 6	 0	 0	 0.000000
 8.63	 2006	 2	 7	 0	 0	 0.000000
 8.56	 2006	 2	 8	 0	 0	 0.000000
 8.28	 2006	 2	 9	 0	 0	 0.000000
 7.94	 2006	 2	 10	 0	 0	 0.000000
 7.42	 2006	 2	 11	 0	 0	 0.000000
 7.66	 2006	 2	 12	 0	 0	 0.000000
 7.68	 2006	 2	 13	 0	 0	 0.000000
 7.3	 2006	 2	 14	 0	 0	 0.000000
 6.85	 2006	 2	 15	 0	 0	 0.000000
 7.05	 2006	 2	 16	 0	 0	 0.000000
 7.56	 2006	 2	 17	 0	 0	 0.000000
 8.01	 2006	 2	 18	 0	 0	 0.000000
 7.74	 2006	 2	 19	 0	 0	 0.000000
 7.76	 2006	 2	 20	 0	 0	 0.000000
 7.56	 2006	 2	 21	 0	 0	 0.000000
 7.52	 2006	 2	 22	 0	 0	 0.000000
 7.64	 2006	 2	 23	 0	 0	 0.000000
 8.3	 2006	 2	 24	 0	 0	 0.000000
 8.34	 2006	 2	 25	 0	 0	 0.000000
 8.94	 2006	 2	 26	 0	 0	 0.000000
 9.07	 2006	 2	 27	 0	 0	 0.000000
 9.53	 2006	 2	 28	 0	 0	 0.000000
 9.58	 2006	 3	 1	 0	 0	 0.000000
 8.83	 2006	 3	 2	 0	 0	 0.000000
 9.04	 2006	 3	 3	 0	 0	 0.000000
 9.45	 2006	 3	 4	 0	 0	 0.000000
 9.52	 2006	 3	 5	 0	 0	 0.000000
 9.24	 2006	 3	 6	 0	 0	 0.000000
 8.44	 2006	 3	 7	 0	 0	 0.000000
 8.19	 2006	 3	 8	 0	 0	 0.000000
 8.42	 2006	 3	 9	 0	 0	 0.000000
 8.87	 2006	 3	 10	 0	 0	 0.000000
 8.88	 2006	 3	 11	 0	 0	 0.000000
 8.68	 2006	 3	 12	 0	 0	 0.000000
 8.99	 2006	 3	 13	 0	 0	 0.000000
 9.14	 2006	 3	 14	 0	 0	 0.000000
 9.07	 2006	 3	 15	 0	 0	 0.000000
 9	 2006	 3	 16	 0	 0	 0.000000
 9.08	 2006	 3	 17	 0	 0	 0.000000
 9.19	 2006	 3	 18	 0	 0	 0.000000
 8.95	 2006	 3	 19	 0	 0	 0.000000
 9.8	 2006	 3	 20	 0	 0	 0.000000
 10.4	 2006	 3	 21	 0	 0	 0.000000
 10.38	 2006	 3	 22	 0	 0	 0.000000
 10.43	 2006	 3	 23	 0	 0	 0.000000
 10.12	 2006	 3	 24	 0	 0	 0.000000
 9.97	 2006	 3	 25	 0	 0	 0.000000
 9.81	 2006	 3	 26	 0	 0	 0.000000
 9.29	 2006	 3	 27	 0	 0	 0.000000
 9.33	 2006	 3	 28	 0	 0	 0.000000
 9.65	 2006	 3	 29	 0	 0	 0.000000
 9.79	 2006	 3	 30	 0	 0	 0.000000
 9.53	 2006	 3	 31	 0	 0	 0.000000
 8.63	 2006	 4	 1	 0	 0	 0.000000
 8.68	 2006	 4	 2	 0	 0	 0.000000
 8.93	 2006	 4	 3	 0	 0	 0.000000
 9.45	 2006	 4	 4	 0	 0	 0.000000
 9.92	 2006	 4	 5	 0	 0	 0.000000
 10.13	 2006	 4	 6	 0	 0	 0.000000
 10.07	 2006	 4	 7	 0	 0	 0.000000
 10.17	 2006	 4	 8	 0	 0	 0.000000
 9.99	 2006	 4	 9	 0	 0	 0.000000
 9.94	 2006	 4	 10	 0	 0	 0.000000
 9.96	 2006	 4	 11	 0	 0	 0.000000
 10.97	 2006	 4	 12	 0	 0	 0.000000
 11.48	 2006	 4	 13	 0	 0	 0.000000
 11.66	 2006	 4	 14	 0	 0	 0.000000
 11.66	 2006	 4	 15	 0	 0	 0.000000
 11.69	 2006	 4	 16	 0	 0	 0.000000
 12.24	 2006	 4	 17	 0	 0	 0.000000
 12.69	 2006	 4	 18	 0	 0	 0.000000
 12.93	 2006	 4	 19	 0	 0	 0.000000
 12.78	 2006	 4	 20	 0	 0	 0.000000
 12.9	 2006	 4	 21	 0	 0	 0.000000
 12.95	 2006	 4	 22	 0	 0	 0.000000
 12.8	 2006	 4	 23	 0	 0	 0.000000
 11.81	 2006	 4	 24	 0	 0	 0.000000
 12.16	 2006	 4	 25	 0	 0	 0.000000
 12.79	 2006	 4	 26	 0	 0	 0.000000
 13.69	 2006	 4	 27	 0	 0	 0.000000
 13.01	 2006	 4	 28	 0	 0	 0.000000
 12.79	 2006	 4	 29	 0	 0	 0.000000
 13.14	 2006	 4	 30	 0	 0	 0.000000
 13.1	 2006	 5	 1	 0	 0	 0.000000
 13.01	 2006	 5	 2	 0	 0	 0.000000
 12.88	 2006	 5	 3	 0	 0	 0.000000
 12.76	 2006	 5	 4	 0	 0	 0.000000
 12.54	 2006	 5	 5	 0	 0	 0.000000
 12.61	 2006	 5	 6	 0	 0	 0.000000
 12.5	 2006	 5	 7	 0	 0	 0.000000
 12.53	 2006	 5	 8	 0	 0	 0.000000
 13.16	 2006	 5	 9	 0	 0	 0.000000
 14.83	 2006	 5	 10	 0	 0	 0.000000
 15.08	 2006	 5	 11	 0	 0	 0.000000
 15.29	 2006	 5	 12	 0	 0	 0.000000
 15.49	 2006	 5	 13	 0	 0	 0.000000
 15.51	 2006	 5	 14	 0	 0	 0.000000
 15.37	 2006	 5	 15	 0	 0	 0.000000
 15.46	 2006	 5	 16	 0	 0	 0.000000
 15.43	 2006	 5	 17	 0	 0	 0.000000
 15.66	 2006	 5	 18	 0	 0	 0.000000
 16.69	 2006	 5	 19	 0	 0	 0.000000
 16.86	 2006	 5	 20	 0	 0	 0.000000
 17.76	 2006	 5	 21	 0	 0	 0.000000
 18.21	 2006	 5	 22	 0	 0	 0.000000
 17.42	 2006	 5	 23	 0	 0	 0.000000
 17.44	 2006	 5	 24	 0	 0	 0.000000
 18.84	 2006	 5	 25	 0	 0	 0.000000
 19.47	 2006	 5	 26	 0	 0	 0.000000
 17.57	 2006	 5	 27	 0	 0	 0.000000
 18.56	 2006	 5	 28	 0	 0	 0.000000
 18.15	 2006	 5	 29	 0	 0	 0.000000
 19.17	 2006	 5	 30	 0	 0	 0.000000
 19.46	 2006	 5	 31	 0	 0	 0.000000
 19.57	 2006	 6	 1	 0	 0	 0.000000
 19.79	 2006	 6	 2	 0	 0	 0.000000
 21	 2006	 6	 3	 0	 0	 0.000000
 21.9	 2006	 6	 4	 0	 0	 0.000000
 22.29	 2006	 6	 5	 0	 0	 0.000000
 22.16	 2006	 6	 6	 0	 0	 0.000000
 21.59	 2006	 6	 7	 0	 0	 0.000000
 21.23	 2006	 6	 8	 0	 0	 0.000000
 21.1	 2006	 6	 9	 0	 0	 0.000000
 21.44	 2006	 6	 10	 0	 0	 0.000000
 21.89	 2006	 6	 11	 0	 0	 0.000000
 21.81	 2006	 6	 12	 0	 0	 0.000000
 21.84	 2006	 6	 13	 0	 0	 0.000000
 21.71	 2006	 6	 14	 0	 0	 0.000000
 21.46	 2006	 6	 15	 0	 0	 0.000000
 21.1	 2006	 6	 16	 0	 0	 0.000000
 21.33	 2006	 6	 17	 0	 0	 0.000000
 21.63	 2006	 6	 18	 0	 0	 0.000000
 21.66	 2006	 6	 19	 0	 0	 0.000000
 22.32	 2006	 6	 20	 0	 0	 0.000000
 22.6	 2006	 6	 21	 0	 0	 0.000000
 22.08	 2006	 6	 22	 0	 0	 0.000000
 22.18	 2006	 6	 23	 0	 0	 0.000000
 23.28	 2006	 6	 24	 0	 0	 0.000000
 24.28	 2006	 6	 25	 0	 0	 0.000000
 24.56	 2006	 6	 26	 0	 0	 0.000000
 24.44	 2006	 6	 27	 0	 0	 0.000000
 24.37	 2006	 6	 28	 0	 0	 0.000000
 24.34	 2006	 6	 29	 0	 0	 0.000000
 24.77	 2006	 6	 30	 0	 0	 0.000000
 24.95	 2006	 7	 1	 0	 0	 0.000000
 25.32	 2006	 7	 2	 0	 0	 0.000000
 25.36	 2006	 7	 3	 0	 0	 0.000000
 24.74	 2006	 7	 4	 0	 0	 0.000000
 24.39	 2006	 7	 5	 0	 0	 0.000000
 24.34	 2006	 7	 6	 0	 0	 0.000000
 23.58	 2006	 7	 7	 0	 0	 0.000000
 23.4	 2006	 7	 8	 0	 0	 0.000000
 23.78	 2006	 7	 9	 0	 0	 0.000000
 24.15	 2006	 7	 10	 0	 0	 0.000000
 24.15	 2006	 7	 11	 0	 0	 0.000000
 24.59	 2006	 7	 12	 0	 0	 0.000000
 24.61	 2006	 7	 13	 0	 0	 0.000000
 24.29	 2006	 7	 14	 0	 0	 0.000000
 24.16	 2006	 7	 15	 0	 0	 0.000000
 24.26	 2006	 7	 16	 0	 0	 0.000000
 24.9	 2006	 7	 17	 0	 0	 0.000000
 24.6	 2006	 7	 18	 0	 0	 0.000000
 24.35	 2006	 7	 19	 0	 0	 0.000000
 24.26	 2006	 7	 20	 0	 0	 0.000000
 24.02	 2006	 7	 21	 0	 0	 0.000000
 23.88	 2006	 7	 22	 0	 0	 0.000000
 24.31	 2006	 7	 23	 0	 0	 0.000000
 24.39	 2006	 7	 24	 0	 0	 0.000000
 24.06	 2006	 7	 25	 0	 0	 0.000000
 24.42	 2006	 7	 26	 0	 0	 0.000000
 24.21	 2006	 7	 27	 0	 0	 0.000000
 24.65	 2006	 7	 28	 0	 0	 0.000000
 24.93	 2006	 7	 29	 0	 0	 0.000000
 24.41	 2006	 7	 30	 0	 0	 0.000000
 24.24	 2006	 7	 31	 0	 0	 0.000000
 24.29	 2006	 8	 1	 0	 0	 0.000000
 24.49	 2006	 8	 2	 0	 0	 0.000000
 24.79	 2006	 8	 3	 0	 0	 0.000000
 25.19	 2006	 8	 4	 0	 0	 0.000000
 25.56	 2006	 8	 5	 0	 0	 0.000000
 25.71	 2006	 8	 6	 0	 0	 0.000000
 26.25	 2006	 8	 7	 0	 0	 0.000000
 26.17	 2006	 8	 8	 0	 0	 0.000000
 25.34	 2006	 8	 9	 0	 0	 0.000000
 25.99	 2006	 8	 10	 0	 0	 0.000000
 25.85	 2006	 8	 11	 0	 0	 0.000000
 25.49	 2006	 8	 12	 0	 0	 0.000000
 25.48	 2006	 8	 13	 0	 0	 0.000000
 25.62	 2006	 8	 14	 0	 0	 0.000000
 25.72	 2006	 8	 15	 0	 0	 0.000000
 26.43	 2006	 8	 16	 0	 0	 0.000000
 26.36	 2006	 8	 17	 0	 0	 0.000000
 26.1	 2006	 8	 18	 0	 0	 0.000000
 25.75	 2006	 8	 19	 0	 0	 0.000000
 26.32	 2006	 8	 20	 0	 0	 0.000000
 25.61	 2006	 8	 21	 0	 0	 0.000000
 25.73	 2006	 8	 22	 0	 0	 0.000000
 25.93	 2006	 8	 23	 0	 0	 0.000000
 26.26	 2006	 8	 24	 0	 0	 0.000000
 26.7	 2006	 8	 25	 0	 0	 0.000000
 26.95	 2006	 8	 26	 0	 0	 0.000000
 26.67	 2006	 8	 27	 0	 0	 0.000000
 25.94	 2006	 8	 28	 0	 0	 0.000000
 25.16	 2006	 8	 29	 0	 0	 0.000000
 26.2	 2006	 8	 30	 0	 0	 0.000000
 26.66	 2006	 8	 31	 0	 0	 0.000000
 25.94	 2006	 9	 1	 0	 0	 0.000000
 24.78	 2006	 9	 2	 0	 0	 0.000000
 24.92	 2006	 9	 3	 0	 0	 0.000000
 25.21	 2006	 9	 4	 0	 0	 0.000000
 25.36	 2006	 9	 5	 0	 0	 0.000000
 25.29	 2006	 9	 6	 0	 0	 0.000000
 24.56	 2006	 9	 7	 0	 0	 0.000000
 24.57	 2006	 9	 8	 0	 0	 0.000000
 24.65	 2006	 9	 9	 0	 0	 0.000000
 24.47	 2006	 9	 10	 0	 0	 0.000000
 24.37	 2006	 9	 11	 0	 0	 0.000000
 24.33	 2006	 9	 12	 0	 0	 0.000000
 24.26	 2006	 9	 13	 0	 0	 0.000000
 24.34	 2006	 9	 14	 0	 0	 0.000000
 24.28	 2006	 9	 15	 0	 0	 0.000000
 24.05	 2006	 9	 16	 0	 0	 0.000000
 23.92	 2006	 9	 17	 0	 0	 0.000000
 23.94	 2006	 9	 18	 0	 0	 0.000000
 23.92	 2006	 9	 19	 0	 0	 0.000000
 23.41	 2006	 9	 20	 0	 0	 0.000000
 23.4	 2006	 9	 21	 0	 0	 0.000000
 22.89	 2006	 9	 22	 0	 0	 0.000000
 22.58	 2006	 9	 23	 0	 0	 0.000000
 22.84	 2006	 9	 24	 0	 0	 0.000000
 22.99	 2006	 9	 25	 0	 0	 0.000000
 22.32	 2006	 9	 26	 0	 0	 0.000000
 21.99	 2006	 9	 27	 0	 0	 0.000000
 22.13	 2006	 9	 28	 0	 0	 0.000000
 21.89	 2006	 9	 29	 0	 0	 0.000000
 21.81	 2006	 9	 30	 0	 0	 0.000000
 21.62	 2006	 10	 1	 0	 0	 0.000000
 21.68	 2006	 10	 2	 0	 0	 0.000000
 21.84	 2006	 10	 3	 0	 0	 0.000000
 21.96	 2006	 10	 4	 0	 0	 0.000000
 22.03	 2006	 10	 5	 0	 0	 0.000000
 22.23	 2006	 10	 6	 0	 0	 0.000000
 22.52	 2006	 10	 7	 0	 0	 0.000000
 21.44	 2006	 10	 8	 0	 0	 0.000000
 21.14	 2006	 10	 9	 0	 0	 0.000000
 21.8	 2006	 10	 10	 0	 0	 0.000000
 22.17	 2006	 10	 11	 0	 0	 0.000000
 21.83	 2006	 10	 12	 0	 0	 0.000000
 21.57	 2006	 10	 13	 0	 0	 0.000000
 21.58	 2006	 10	 14	 0	 0	 0.000000
 21.62	 2006	 10	 15	 0	 0	 0.000000
 20.73	 2006	 10	 16	 0	 0	 0.000000
 20.73	 2006	 10	 17	 0	 0	 0.000000
 20.71	 2006	 10	 18	 0	 0	 0.000000
 20.63	 2006	 10	 19	 0	 0	 0.000000
 20.43	 2006	 10	 20	 0	 0	 0.000000
 19.78	 2006	 10	 21	 0	 0	 0.000000
 19.52	 2006	 10	 22	 0	 0	 0.000000
 19.48	 2006	 10	 23	 0	 0	 0.000000
 19.64	 2006	 10	 24	 0	 0	 0.000000
 19.86	 2006	 10	 25	 0	 0	 0.000000
 20.01	 2006	 10	 26	 0	 0	 0.000000
 19.6	 2006	 10	 27	 0	 0	 0.000000
 19.4	 2006	 10	 28	 0	 0	 0.000000
 19.01	 2006	 10	 29	 0	 0	 0.000000
 19.04	 2006	 10	 30	 0	 0	 0.000000
 18.88	 2006	 10	 31	 0	 0	 0.000000
 18.75	 2006	 11	 1	 0	 0	 0.000000
 18.14	 2006	 11	 2	 0	 0	 0.000000
 18.06	 2006	 11	 3	 0	 0	 0.000000
 18.01	 2006	 11	 4	 0	 0	 0.000000
 17.57	 2006	 11	 5	 0	 0	 0.000000
 17.03	 2006	 11	 6	 0	 0	 0.000000
 16.52	 2006	 11	 7	 0	 0	 0.000000
 16.02	 2006	 11	 8	 0	 0	 0.000000
 15.91	 2006	 11	 9	 0	 0	 0.000000
 15.79	 2006	 11	 10	 0	 0	 0.000000
 15.7	 2006	 11	 11	 0	 0	 0.000000
 15.45	 2006	 11	 12	 0	 0	 0.000000
 15.14	 2006	 11	 13	 0	 0	 0.000000
 14.81	 2006	 11	 14	 0	 0	 0.000000
 14.92	 2006	 11	 15	 0	 0	 0.000000
 15.28	 2006	 11	 16	 0	 0	 0.000000
 15.42	 2006	 11	 17	 0	 0	 0.000000
 15.22	 2006	 11	 18	 0	 0	 0.000000
 14.65	 2006	 11	 19	 0	 0	 0.000000
 14.55	 2006	 11	 20	 0	 0	 0.000000
 14.44	 2006	 11	 21	 0	 0	 0.000000
 14.55	 2006	 11	 22	 0	 0	 0.000000
 14.86	 2006	 11	 23	 0	 0	 0.000000
 14.95	 2006	 11	 24	 0	 0	 0.000000
 14.58	 2006	 11	 25	 0	 0	 0.000000
 13.98	 2006	 11	 26	 0	 0	 0.000000
 13.39	 2006	 11	 27	 0	 0	 0.000000
 13.46	 2006	 11	 28	 0	 0	 0.000000
 13.11	 2006	 11	 29	 0	 0	 0.000000
 13.59	 2006	 11	 30	 0	 0	 0.000000
 13.27	 2006	 12	 1	 0	 0	 0.000000
 13.59	 2006	 12	 2	 0	 0	 0.000000
 13.49	 2006	 12	 3	 0	 0	 0.000000
 13.11	 2006	 12	 4	 0	 0	 0.000000
 12.82	 2006	 12	 5	 0	 0	 0.000000
 12.75	 2006	 12	 6	 0	 0	 0.000000
 12.48	 2006	 12	 7	 0	 0	 0.000000
 12.41	 2006	 12	 8	 0	 0	 0.000000
 12.53	 2006	 12	 9	 0	 0	 0.000000
 12.57	 2006	 12	 10	 0	 0	 0.000000
 12.64	 2006	 12	 11	 0	 0	 0.000000
 12.35	 2006	 12	 12	 0	 0	 0.000000
 12.44	 2006	 12	 13	 0	 0	 0.000000
 12.56	 2006	 12	 14	 0	 0	 0.000000
 12.58	 2006	 12	 15	 0	 0	 0.000000
 12.52	 2006	 12	 16	 0	 0	 0.000000
 12.14	 2006	 12	 17	 0	 0	 0.000000
 11.65	 2006	 12	 18	 0	 0	 0.000000
 11.4	 2006	 12	 19	 0	 0	 0.000000
 11.41	 2006	 12	 20	 0	 0	 0.000000
 11.1	 2006	 12	 21	 0	 0	 0.000000
 10.79	 2006	 12	 22	 0	 0	 0.000000
 10.65	 2006	 12	 23	 0	 0	 0.000000
 10.79	 2006	 12	 24	 0	 0	 0.000000
 10.66	 2006	 12	 25	 0	 0	 0.000000
 10.41	 2006	 12	 26	 0	 0	 0.000000
 10.28	 2006	 12	 27	 0	 0	 0.000000
 9.95	 2006	 12	 28	 0	 0	 0.000000
 9.63	 2006	 12	 29	 0	 0	 0.000000
 9.27	 2006	 12	 30	 0	 0	 0.000000
 10.65	 2006	 12	 31	 0	 0	 0.000000
 11.19	 2007	 1	 1	 0	 0	 0.000000
 11	 2007	 1	 2	 0	 0	 0.000000
 10.73	 2007	 1	 3	 0	 0	 0.000000
 10.64	 2007	 1	 4	 0	 0	 0.000000
 10.21	 2007	 1	 5	 0	 0	 0.000000
 10.15	 2007	 1	 6	 0	 0	 0.000000
 10.2	 2007	 1	 7	 0	 0	 0.000000
 10.3	 2007	 1	 8	 0	 0	 0.000000
 10.44	 2007	 1	 9	 0	 0	 0.000000
 10.39	 2007	 1	 10	 0	 0	 0.000000
 10.49	 2007	 1	 11	 0	 0	 0.000000
 10.46	 2007	 1	 12	 0	 0	 0.000000
 10.36	 2007	 1	 13	 0	 0	 0.000000
 9.51	 2007	 1	 14	 0	 0	 0.000000
 9.6	 2007	 1	 15	 0	 0	 0.000000
 9.53	 2007	 1	 16	 0	 0	 0.000000
 9.8	 2007	 1	 17	 0	 0	 0.000000
 9.83	 2007	 1	 18	 0	 0	 0.000000
 10.29	 2007	 1	 19	 0	 0	 0.000000
 9.96	 2007	 1	 20	 0	 0	 0.000000
 9.58	 2007	 1	 21	 0	 0	 0.000000
 9.56	 2007	 1	 22	 0	 0	 0.000000
 10.14	 2007	 1	 23	 0	 0	 0.000000
 9.98	 2007	 1	 24	 0	 0	 0.000000
 9.94	 2007	 1	 25	 0	 0	 0.000000
 9.85	 2007	 1	 26	 0	 0	 0.000000
 9.92	 2007	 1	 27	 0	 0	 0.000000
 9.25	 2007	 1	 28	 0	 0	 0.000000
 9.19	 2007	 1	 29	 0	 0	 0.000000
 9.12	 2007	 1	 30	 0	 0	 0.000000
 8.75	 2007	 1	 31	 0	 0	 0.000000
 8.73	 2007	 2	 1	 0	 0	 0.000000
 8.67	 2007	 2	 2	 0	 0	 0.000000
 8.62	 2007	 2	 3	 0	 0	 0.000000
 8.35	 2007	 2	 4	 0	 0	 0.000000
 8.16	 2007	 2	 5	 0	 0	 0.000000
 8.38	 2007	 2	 6	 0	 0	 0.000000
 8.42	 2007	 2	 7	 0	 0	 0.000000
 8.65	 2007	 2	 8	 0	 0	 0.000000
 9.02	 2007	 2	 9	 0	 0	 0.000000
 9.06	 2007	 2	 10	 0	 0	 0.000000
 8.71	 2007	 2	 11	 0	 0	 0.000000
 8.8	 2007	 2	 12	 0	 0	 0.000000
 9.06	 2007	 2	 13	 0	 0	 0.000000
 9.46	 2007	 2	 14	 0	 0	 0.000000
 9.52	 2007	 2	 15	 0	 0	 0.000000
 9.49	 2007	 2	 16	 0	 0	 0.000000
 9.74	 2007	 2	 17	 0	 0	 0.000000
 9.89	 2007	 2	 18	 0	 0	 0.000000
 9.7	 2007	 2	 19	 0	 0	 0.000000
 9.56	 2007	 2	 20	 0	 0	 0.000000
 8.57	 2007	 2	 21	 0	 0	 0.000000
 8.24	 2007	 2	 22	 0	 0	 0.000000
 8.49	 2007	 2	 23	 0	 0	 0.000000
 8.77	 2007	 2	 24	 0	 0	 0.000000
 8.61	 2007	 2	 25	 0	 0	 0.000000
 8.48	 2007	 2	 26	 0	 0	 0.000000
 8.66	 2007	 2	 27	 0	 0	 0.000000
 8.67	 2007	 2	 28	 0	 0	 0.000000
 8.66	 2007	 3	 1	 0	 0	 0.000000
 8.56	 2007	 3	 2	 0	 0	 0.000000
 8.51	 2007	 3	 3	 0	 0	 0.000000
 8.62	 2007	 3	 4	 0	 0	 0.000000
 8.8	 2007	 3	 5	 0	 0	 0.000000
 8.65	 2007	 3	 6	 0	 0	 0.000000
 8.8	 2007	 3	 7	 0	 0	 0.000000
 9.1	 2007	 3	 8	 0	 0	 0.000000
 9.24	 2007	 3	 9	 0	 0	 0.000000
 9.33	 2007	 3	 10	 0	 0	 0.000000
 9.52	 2007	 3	 11	 0	 0	 0.000000
 9.65	 2007	 3	 12	 0	 0	 0.000000
 9.01	 2007	 3	 13	 0	 0	 0.000000
 8.63	 2007	 3	 14	 0	 0	 0.000000
 8.93	 2007	 3	 15	 0	 0	 0.000000
 9.16	 2007	 3	 16	 0	 0	 0.000000
 8.96	 2007	 3	 17	 0	 0	 0.000000
 8.9	 2007	 3	 18	 0	 0	 0.000000
 9.04	 2007	 3	 19	 0	 0	 0.000000
 9.43	 2007	 3	 20	 0	 0	 0.000000
 9.98	 2007	 3	 21	 0	 0	 0.000000
 10.45	 2007	 3	 22	 0	 0	 0.000000
 10.53	 2007	 3	 23	 0	 0	 0.000000
 10.52	 2007	 3	 24	 0	 0	 0.000000
 10	 2007	 3	 25	 0	 0	 0.000000
 9.24	 2007	 3	 26	 0	 0	 0.000000
 8.97	 2007	 3	 27	 0	 0	 0.000000
 9.09	 2007	 3	 28	 0	 0	 0.000000
 9.29	 2007	 3	 29	 0	 0	 0.000000
 9.7	 2007	 3	 30	 0	 0	 0.000000
 9.6	 2007	 3	 31	 0	 0	 0.000000
 9.56	 2007	 4	 1	 0	 0	 0.000000
 10.01	 2007	 4	 2	 0	 0	 0.000000
 9.46	 2007	 4	 3	 0	 0	 0.000000
 9.16	 2007	 4	 4	 0	 0	 0.000000
 9.02	 2007	 4	 5	 0	 0	 0.000000
 9.42	 2007	 4	 6	 0	 0	 0.000000
 9.6	 2007	 4	 7	 0	 0	 0.000000
 10.15	 2007	 4	 8	 0	 0	 0.000000
 10.17	 2007	 4	 9	 0	 0	 0.000000
 10.17	 2007	 4	 10	 0	 0	 0.000000
 10.09	 2007	 4	 11	 0	 0	 0.000000
 9.95	 2007	 4	 12	 0	 0	 0.000000
 9.86	 2007	 4	 13	 0	 0	 0.000000
 9.72	 2007	 4	 14	 0	 0	 0.000000
 9.71	 2007	 4	 15	 0	 0	 0.000000
 10.03	 2007	 4	 16	 0	 0	 0.000000
 10.34	 2007	 4	 17	 0	 0	 0.000000
 10.54	 2007	 4	 18	 0	 0	 0.000000
 10.51	 2007	 4	 19	 0	 0	 0.000000
 10.43	 2007	 4	 20	 0	 0	 0.000000
 10.45	 2007	 4	 21	 0	 0	 0.000000
 10.48	 2007	 4	 22	 0	 0	 0.000000
 10.52	 2007	 4	 23	 0	 0	 0.000000
 10.71	 2007	 4	 24	 0	 0	 0.000000
 10.72	 2007	 4	 25	 0	 0	 0.000000
 11.63	 2007	 4	 26	 0	 0	 0.000000
 12.12	 2007	 4	 27	 0	 0	 0.000000
 12.37	 2007	 4	 28	 0	 0	 0.000000
 12.42	 2007	 4	 29	 0	 0	 0.000000
 12.28	 2007	 4	 30	 0	 0	 0.000000
 12.26	 2007	 5	 1	 0	 0	 0.000000
 12.4	 2007	 5	 2	 0	 0	 0.000000
 12.53	 2007	 5	 3	 0	 0	 0.000000
 13.21	 2007	 5	 4	 0	 0	 0.000000
 14.08	 2007	 5	 5	 0	 0	 0.000000
 14.19	 2007	 5	 6	 0	 0	 0.000000
 14.07	 2007	 5	 7	 0	 0	 0.000000
 14.66	 2007	 5	 8	 0	 0	 0.000000
 14.98	 2007	 5	 9	 0	 0	 0.000000
 15.38	 2007	 5	 10	 0	 0	 0.000000
 15.99	 2007	 5	 11	 0	 0	 0.000000
 15.96	 2007	 5	 12	 0	 0	 0.000000
 16.26	 2007	 5	 13	 0	 0	 0.000000
 18.02	 2007	 5	 14	 0	 0	 0.000000
 18.53	 2007	 5	 15	 0	 0	 0.000000
 18.43	 2007	 5	 16	 0	 0	 0.000000
 19.03	 2007	 5	 17	 0	 0	 0.000000
 19.43	 2007	 5	 18	 0	 0	 0.000000
 18.78	 2007	 5	 19	 0	 0	 0.000000
 18.38	 2007	 5	 20	 0	 0	 0.000000
 18.52	 2007	 5	 21	 0	 0	 0.000000
 19.62	 2007	 5	 22	 0	 0	 0.000000
 20.04	 2007	 5	 23	 0	 0	 0.000000
 20.55	 2007	 5	 24	 0	 0	 0.000000
 21.2	 2007	 5	 25	 0	 0	 0.000000
 20.59	 2007	 5	 26	 0	 0	 0.000000
 20.3	 2007	 5	 27	 0	 0	 0.000000
 20.19	 2007	 5	 28	 0	 0	 0.000000
 20.63	 2007	 5	 29	 0	 0	 0.000000
 20.97	 2007	 5	 30	 0	 0	 0.000000
 21.31	 2007	 5	 31	 0	 0	 0.000000
 21.76	 2007	 6	 1	 0	 0	 0.000000
 22.34	 2007	 6	 2	 0	 0	 0.000000
 22.55	 2007	 6	 3	 0	 0	 0.000000
 22.6	 2007	 6	 4	 0	 0	 0.000000
 22.86	 2007	 6	 5	 0	 0	 0.000000
 23.24	 2007	 6	 6	 0	 0	 0.000000
 23.27	 2007	 6	 7	 0	 0	 0.000000
 22.61	 2007	 6	 8	 0	 0	 0.000000
 20.47	 2007	 6	 9	 0	 0	 0.000000
 20.62	 2007	 6	 10	 0	 0	 0.000000
 20.81	 2007	 6	 11	 0	 0	 0.000000
 20.97	 2007	 6	 12	 0	 0	 0.000000
 21.56	 2007	 6	 13	 0	 0	 0.000000
 21.97	 2007	 6	 14	 0	 0	 0.000000
 22.14	 2007	 6	 15	 0	 0	 0.000000
 22.8	 2007	 6	 16	 0	 0	 0.000000
 23.59	 2007	 6	 17	 0	 0	 0.000000
 23.92	 2007	 6	 18	 0	 0	 0.000000
 23.98	 2007	 6	 19	 0	 0	 0.000000
 23.35	 2007	 6	 20	 0	 0	 0.000000
 22.56	 2007	 6	 21	 0	 0	 0.000000
 23.06	 2007	 6	 22	 0	 0	 0.000000
 23.18	 2007	 6	 23	 0	 0	 0.000000
 23.05	 2007	 6	 24	 0	 0	 0.000000
 23.46	 2007	 6	 25	 0	 0	 0.000000
 23.96	 2007	 6	 26	 0	 0	 0.000000
 24.42	 2007	 6	 27	 0	 0	 0.000000
 24.97	 2007	 6	 28	 0	 0	 0.000000
 25.16	 2007	 6	 29	 0	 0	 0.000000
 24.42	 2007	 6	 30	 0	 0	 0.000000
 23.99	 2007	 7	 1	 0	 0	 0.000000
 24.23	 2007	 7	 2	 0	 0	 0.000000
 25.02	 2007	 7	 3	 0	 0	 0.000000
 25.34	 2007	 7	 4	 0	 0	 0.000000
 25.56	 2007	 7	 5	 0	 0	 0.000000
 25.4	 2007	 7	 6	 0	 0	 0.000000
 24.3	 2007	 7	 7	 0	 0	 0.000000
 23.48	 2007	 7	 8	 0	 0	 0.000000
 23.66	 2007	 7	 9	 0	 0	 0.000000
 24.3	 2007	 7	 10	 0	 0	 0.000000
 24.75	 2007	 7	 11	 0	 0	 0.000000
 25.58	 2007	 7	 12	 0	 0	 0.000000
 25.51	 2007	 7	 13	 0	 0	 0.000000
 24.25	 2007	 7	 14	 0	 0	 0.000000
 24.13	 2007	 7	 15	 0	 0	 0.000000
 23.75	 2007	 7	 16	 0	 0	 0.000000
 23.9	 2007	 7	 17	 0	 0	 0.000000
 24.13	 2007	 7	 18	 0	 0	 0.000000
 24.27	 2007	 7	 19	 0	 0	 0.000000
 24.55	 2007	 7	 20	 0	 0	 0.000000
 25.02	 2007	 7	 21	 0	 0	 0.000000
 25.18	 2007	 7	 22	 0	 0	 0.000000
 25.35	 2007	 7	 23	 0	 0	 0.000000
 25.28	 2007	 7	 24	 0	 0	 0.000000
 25.68	 2007	 7	 25	 0	 0	 0.000000
 25.93	 2007	 7	 26	 0	 0	 0.000000
 25.6	 2007	 7	 27	 0	 0	 0.000000
 25.66	 2007	 7	 28	 0	 0	 0.000000
 26	 2007	 7	 29	 0	 0	 0.000000
 26.6	 2007	 7	 30	 0	 0	 0.000000
 26.6	 2007	 7	 31	 0	 0	 0.000000
 26.49	 2007	 8	 1	 0	 0	 0.000000
 26.38	 2007	 8	 2	 0	 0	 0.000000
 26.48	 2007	 8	 3	 0	 0	 0.000000
 25.86	 2007	 8	 4	 0	 0	 0.000000
 25.9	 2007	 8	 5	 0	 0	 0.000000
 26.61	 2007	 8	 6	 0	 0	 0.000000
 26.97	 2007	 8	 7	 0	 0	 0.000000
 26.47	 2007	 8	 8	 0	 0	 0.000000
 26.31	 2007	 8	 9	 0	 0	 0.000000
 26.75	 2007	 8	 10	 0	 0	 0.000000
 27.32	 2007	 8	 11	 0	 0	 0.000000
 27.65	 2007	 8	 12	 0	 0	 0.000000
 27.88	 2007	 8	 13	 0	 0	 0.000000
 27.25	 2007	 8	 14	 0	 0	 0.000000
 26.71	 2007	 8	 15	 0	 0	 0.000000
 26.66	 2007	 8	 16	 0	 0	 0.000000
 26.79	 2007	 8	 17	 0	 0	 0.000000
 26.72	 2007	 8	 18	 0	 0	 0.000000
 27.04	 2007	 8	 19	 0	 0	 0.000000
 27.32	 2007	 8	 20	 0	 0	 0.000000
 27.34	 2007	 8	 21	 0	 0	 0.000000
 27.09	 2007	 8	 22	 0	 0	 0.000000
 26.68	 2007	 8	 23	 0	 0	 0.000000
 26.97	 2007	 8	 24	 0	 0	 0.000000
 26.7	 2007	 8	 25	 0	 0	 0.000000
 26.86	 2007	 8	 26	 0	 0	 0.000000
 26.71	 2007	 8	 27	 0	 0	 0.000000
 26.54	 2007	 8	 28	 0	 0	 0.000000
 26.48	 2007	 8	 29	 0	 0	 0.000000
 26.5	 2007	 8	 30	 0	 0	 0.000000
 26.62	 2007	 8	 31	 0	 0	 0.000000
 26.75	 2007	 9	 1	 0	 0	 0.000000
 26.74	 2007	 9	 2	 0	 0	 0.000000
 26.68	 2007	 9	 3	 0	 0	 0.000000
 26.63	 2007	 9	 4	 0	 0	 0.000000
 26.65	 2007	 9	 5	 0	 0	 0.000000
 26.95	 2007	 9	 6	 0	 0	 0.000000
 26.98	 2007	 9	 7	 0	 0	 0.000000
 26.94	 2007	 9	 8	 0	 0	 0.000000
 26.44	 2007	 9	 9	 0	 0	 0.000000
 26.33	 2007	 9	 10	 0	 0	 0.000000
 26.55	 2007	 9	 11	 0	 0	 0.000000
 26.01	 2007	 9	 12	 0	 0	 0.000000
 25.7	 2007	 9	 13	 0	 0	 0.000000
 25.06	 2007	 9	 14	 0	 0	 0.000000
 25.08	 2007	 9	 15	 0	 0	 0.000000
 24.87	 2007	 9	 16	 0	 0	 0.000000
 23.88	 2007	 9	 17	 0	 0	 0.000000
 24.2	 2007	 9	 18	 0	 0	 0.000000
 24.74	 2007	 9	 19	 0	 0	 0.000000
 24.76	 2007	 9	 20	 0	 0	 0.000000
 24.5	 2007	 9	 21	 0	 0	 0.000000
 24.04	 2007	 9	 22	 0	 0	 0.000000
 23.89	 2007	 9	 23	 0	 0	 0.000000
 23.18	 2007	 9	 24	 0	 0	 0.000000
 23.04	 2007	 9	 25	 0	 0	 0.000000
 23.34	 2007	 9	 26	 0	 0	 0.000000
 23.93	 2007	 9	 27	 0	 0	 0.000000
 24.07	 2007	 9	 28	 0	 0	 0.000000
 24.03	 2007	 9	 29	 0	 0	 0.000000
 23.79	 2007	 9	 30	 0	 0	 0.000000
 23.5	 2007	 10	 1	 0	 0	 0.000000
 23.22	 2007	 10	 2	 0	 0	 0.000000
 23.27	 2007	 10	 3	 0	 0	 0.000000
 23.24	 2007	 10	 4	 0	 0	 0.000000
 23.07	 2007	 10	 5	 0	 0	 0.000000
 22.22	 2007	 10	 6	 0	 0	 0.000000
 21.82	 2007	 10	 7	 0	 0	 0.000000
 21.87	 2007	 10	 8	 0	 0	 0.000000
 22.54	 2007	 10	 9	 0	 0	 0.000000
 22.41	 2007	 10	 10	 0	 0	 0.000000
 22.39	 2007	 10	 11	 0	 0	 0.000000
 22.43	 2007	 10	 12	 0	 0	 0.000000
 22.43	 2007	 10	 13	 0	 0	 0.000000
 22.35	 2007	 10	 14	 0	 0	 0.000000
 21.09	 2007	 10	 15	 0	 0	 0.000000
 19.98	 2007	 10	 16	 0	 0	 0.000000
 19.56	 2007	 10	 17	 0	 0	 0.000000
 19.81	 2007	 10	 18	 0	 0	 0.000000
 19.88	 2007	 10	 19	 0	 0	 0.000000
 20.19	 2007	 10	 20	 0	 0	 0.000000
 20.21	 2007	 10	 21	 0	 0	 0.000000
 20.32	 2007	 10	 22	 0	 0	 0.000000
 19.8	 2007	 10	 23	 0	 0	 0.000000
 20.28	 2007	 10	 24	 0	 0	 0.000000
 20.2	 2007	 10	 25	 0	 0	 0.000000
 19.35	 2007	 10	 26	 0	 0	 0.000000
 19	 2007	 10	 27	 0	 0	 0.000000
 18.98	 2007	 10	 28	 0	 0	 0.000000
 19.28	 2007	 10	 29	 0	 0	 0.000000
 19.28	 2007	 10	 30	 0	 0	 0.000000
 19.2	 2007	 10	 31	 0	 0	 0.000000
 19.62	 2007	 11	 1	 0	 0	 0.000000
 19.29	 2007	 11	 2	 0	 0	 0.000000
 19.25	 2007	 11	 3	 0	 0	 0.000000
 18.9	 2007	 11	 4	 0	 0	 0.000000
 18.87	 2007	 11	 5	 0	 0	 0.000000
 18.94	 2007	 11	 6	 0	 0	 0.000000
 18.92	 2007	 11	 7	 0	 0	 0.000000
 18.38	 2007	 11	 8	 0	 0	 0.000000
 17.9	 2007	 11	 9	 0	 0	 0.000000
 17.5	 2007	 11	 10	 0	 0	 0.000000
 16.85	 2007	 11	 11	 0	 0	 0.000000
 17.26	 2007	 11	 12	 0	 0	 0.000000
 17.2	 2007	 11	 13	 0	 0	 0.000000
 17.22	 2007	 11	 14	 0	 0	 0.000000
 17.18	 2007	 11	 15	 0	 0	 0.000000
 17.28	 2007	 11	 16	 0	 0	 0.000000
 17.29	 2007	 11	 17	 0	 0	 0.000000
 17.13	 2007	 11	 18	 0	 0	 0.000000
 16.73	 2007	 11	 19	 0	 0	 0.000000
 16.49	 2007	 11	 20	 0	 0	 0.000000
 16.06	 2007	 11	 21	 0	 0	 0.000000
 15.59	 2007	 11	 22	 0	 0	 0.000000
 15.47	 2007	 11	 23	 0	 0	 0.000000
 15.44	 2007	 11	 24	 0	 0	 0.000000
 15.47	 2007	 11	 25	 0	 0	 0.000000
 15.27	 2007	 11	 26	 0	 0	 0.000000
 15.11	 2007	 11	 27	 0	 0	 0.000000
 14.27	 2007	 11	 28	 0	 0	 0.000000
 14.45	 2007	 11	 29	 0	 0	 0.000000
 14.96	 2007	 11	 30	 0	 0	 0.000000
 14.68	 2007	 12	 1	 0	 0	 0.000000
 14.51	 2007	 12	 2	 0	 0	 0.000000
 14.42	 2007	 12	 3	 0	 0	 0.000000
 14.37	 2007	 12	 4	 0	 0	 0.000000
 14.59	 2007	 12	 5	 0	 0	 0.000000
 14.4	 2007	 12	 6	 0	 0	 0.000000
 13.11	 2007	 12	 7	 0	 0	 0.000000
 12.75	 2007	 12	 8	 0	 0	 0.000000
 13.19	 2007	 12	 9	 0	 0	 0.000000
 13.22	 2007	 12	 10	 0	 0	 0.000000
 12.72	 2007	 12	 11	 0	 0	 0.000000
 12.42	 2007	 12	 12	 0	 0	 0.000000
 12.05	 2007	 12	 13	 0	 0	 0.000000
 11.95	 2007	 12	 14	 0	 0	 0.000000
 11.96	 2007	 12	 15	 0	 0	 0.000000
 12.15	 2007	 12	 16	 0	 0	 0.000000
 11.88	 2007	 12	 17	 0	 0	 0.000000
 12.06	 2007	 12	 18	 0	 0	 0.000000
 11.75	 2007	 12	 19	 0	 0	 0.000000
 11.75	 2007	 12	 20	 0	 0	 0.000000
 11.96	 2007	 12	 21	 0	 0	 0.000000
 11.84	 2007	 12	 22	 0	 0	 0.000000
 11.64	 2007	 12	 23	 0	 0	 0.000000
 11.57	 2007	 12	 24	 0	 0	 0.000000
 11.66	 2007	 12	 25	 0	 0	 0.000000
 11.67	 2007	 12	 26	 0	 0	 0.000000
 11.62	 2007	 12	 27	 0	 0	 0.000000
 11.45	 2007	 12	 28	 0	 0	 0.000000
 11.18	 2007	 12	 29	 0	 0	 0.000000
 10.95	 2007	 12	 30	 0	 0	 0.000000
 11.17	 2007	 12	 31	 0	 0	 0.000000
 11.14	 2008	 1	 1	 0	 0	 0.000000
 10.95	 2008	 1	 2	 0	 0	 0.000000
 10.79	 2008	 1	 3	 0	 0	 0.000000
 10.76	 2008	 1	 4	 0	 0	 0.000000
 10.49	 2008	 1	 5	 0	 0	 0.000000
 10.36	 2008	 1	 6	 0	 0	 0.000000
 10.32	 2008	 1	 7	 0	 0	 0.000000
 10.3	 2008	 1	 8	 0	 0	 0.000000
 10.02	 2008	 1	 9	 0	 0	 0.000000
 10.15	 2008	 1	 10	 0	 0	 0.000000
 10.05	 2008	 1	 11	 0	 0	 0.000000
 9.84	 2008	 1	 12	 0	 0	 0.000000
 9.78	 2008	 1	 13	 0	 0	 0.000000
 9.82	 2008	 1	 14	 0	 0	 0.000000
 9.84	 2008	 1	 15	 0	 0	 0.000000
 9.79	 2008	 1	 16	 0	 0	 0.000000
 9.7	 2008	 1	 17	 0	 0	 0.000000
 9.83	 2008	 1	 18	 0	 0	 0.000000
 9.86	 2008	 1	 19	 0	 0	 0.000000
 9.53	 2008	 1	 20	 0	 0	 0.000000
 9.15	 2008	 1	 21	 0	 0	 0.000000
 9.58	 2008	 1	 22	 0	 0	 0.000000
 9.92	 2008	 1	 23	 0	 0	 0.000000
 9.75	 2008	 1	 24	 0	 0	 0.000000
 9.23	 2008	 1	 25	 0	 0	 0.000000
 9.1	 2008	 1	 26	 0	 0	 0.000000
 8.63	 2008	 1	 27	 0	 0	 0.000000
 8.56	 2008	 1	 28	 0	 0	 0.000000
 8.49	 2008	 1	 29	 0	 0	 0.000000
 8.08	 2008	 1	 30	 0	 0	 0.000000
 7.93	 2008	 1	 31	 0	 0	 0.000000
 8.19	 2008	 2	 1	 0	 0	 0.000000
 8.27	 2008	 2	 2	 0	 0	 0.000000
 8.34	 2008	 2	 3	 0	 0	 0.000000
 8.52	 2008	 2	 4	 0	 0	 0.000000
 8.51	 2008	 2	 5	 0	 0	 0.000000
 8.2	 2008	 2	 6	 0	 0	 0.000000
 8.19	 2008	 2	 7	 0	 0	 0.000000
 8.3	 2008	 2	 8	 0	 0	 0.000000
 8.65	 2008	 2	 9	 0	 0	 0.000000
 8.5	 2008	 2	 10	 0	 0	 0.000000
 8.19	 2008	 2	 11	 0	 0	 0.000000
 8.32	 2008	 2	 12	 0	 0	 0.000000
 8.19	 2008	 2	 13	 0	 0	 0.000000
 7.98	 2008	 2	 14	 0	 0	 0.000000
 8.17	 2008	 2	 15	 0	 0	 0.000000
 8.22	 2008	 2	 16	 0	 0	 0.000000
 7.98	 2008	 2	 17	 0	 0	 0.000000
 8.24	 2008	 2	 18	 0	 0	 0.000000
 8.23	 2008	 2	 19	 0	 0	 0.000000
 7.93	 2008	 2	 20	 0	 0	 0.000000
 7.55	 2008	 2	 21	 0	 0	 0.000000
 7.66	 2008	 2	 22	 0	 0	 0.000000
 7.8	 2008	 2	 23	 0	 0	 0.000000
 7.78	 2008	 2	 24	 0	 0	 0.000000
 7.89	 2008	 2	 25	 0	 0	 0.000000
 7.99	 2008	 2	 26	 0	 0	 0.000000
 8.25	 2008	 2	 27	 0	 0	 0.000000
 7.9	 2008	 2	 28	 0	 0	 0.000000
 8.24	 2008	 2	 29	 0	 0	 0.000000
 8.81	 2008	 3	 1	 0	 0	 0.000000
 9.04	 2008	 3	 2	 0	 0	 0.000000
 8.78	 2008	 3	 3	 0	 0	 0.000000
 8.57	 2008	 3	 4	 0	 0	 0.000000
 8.49	 2008	 3	 5	 0	 0	 0.000000
 8.82	 2008	 3	 6	 0	 0	 0.000000
 8.83	 2008	 3	 7	 0	 0	 0.000000
 8.46	 2008	 3	 8	 0	 0	 0.000000
 8.41	 2008	 3	 9	 0	 0	 0.000000
 8.46	 2008	 3	 10	 0	 0	 0.000000
 8.28	 2008	 3	 11	 0	 0	 0.000000
 9.44	 2008	 3	 12	 0	 0	 0.000000
 9.67	 2008	 3	 13	 0	 0	 0.000000
 9.7	 2008	 3	 14	 0	 0	 0.000000
 9.28	 2008	 3	 15	 0	 0	 0.000000
 8.93	 2008	 3	 16	 0	 0	 0.000000
 8.81	 2008	 3	 17	 0	 0	 0.000000
 8.7	 2008	 3	 18	 0	 0	 0.000000
 8.69	 2008	 3	 19	 0	 0	 0.000000
 8.8	 2008	 3	 20	 0	 0	 0.000000
 9.19	 2008	 3	 21	 0	 0	 0.000000
 9.4	 2008	 3	 22	 0	 0	 0.000000
 10.09	 2008	 3	 23	 0	 0	 0.000000
 10.24	 2008	 3	 24	 0	 0	 0.000000
 10.01	 2008	 3	 25	 0	 0	 0.000000
 10.18	 2008	 3	 26	 0	 0	 0.000000
 9.73	 2008	 3	 27	 0	 0	 0.000000
 9.73	 2008	 3	 28	 0	 0	 0.000000
 9.85	 2008	 3	 29	 0	 0	 0.000000
 9.92	 2008	 3	 30	 0	 0	 0.000000
 10.46	 2008	 3	 31	 0	 0	 0.000000
 10.78	 2008	 4	 1	 0	 0	 0.000000
 10.07	 2008	 4	 2	 0	 0	 0.000000
 9.71	 2008	 4	 3	 0	 0	 0.000000
 9.68	 2008	 4	 4	 0	 0	 0.000000
 10.8	 2008	 4	 5	 0	 0	 0.000000
 10.93	 2008	 4	 6	 0	 0	 0.000000
 10.81	 2008	 4	 7	 0	 0	 0.000000
 11.1	 2008	 4	 8	 0	 0	 0.000000
 12.27	 2008	 4	 9	 0	 0	 0.000000
 12.63	 2008	 4	 10	 0	 0	 0.000000
 12.42	 2008	 4	 11	 0	 0	 0.000000
 12.48	 2008	 4	 12	 0	 0	 0.000000
 12.77	 2008	 4	 13	 0	 0	 0.000000
 12.82	 2008	 4	 14	 0	 0	 0.000000
 13.26	 2008	 4	 15	 0	 0	 0.000000
 12.54	 2008	 4	 16	 0	 0	 0.000000
 12.2	 2008	 4	 17	 0	 0	 0.000000
 11.85	 2008	 4	 18	 0	 0	 0.000000
 12.17	 2008	 4	 19	 0	 0	 0.000000
 12.31	 2008	 4	 20	 0	 0	 0.000000
 12.82	 2008	 4	 21	 0	 0	 0.000000
 13.19	 2008	 4	 22	 0	 0	 0.000000
 12.81	 2008	 4	 23	 0	 0	 0.000000
 12.93	 2008	 4	 24	 0	 0	 0.000000
 12.83	 2008	 4	 25	 0	 0	 0.000000
 13.02	 2008	 4	 26	 0	 0	 0.000000
 13.52	 2008	 4	 27	 0	 0	 0.000000
 14.72	 2008	 4	 28	 0	 0	 0.000000
 14.37	 2008	 4	 29	 0	 0	 0.000000
 13.44	 2008	 4	 30	 0	 0	 0.000000
 14.04	 2008	 5	 1	 0	 0	 0.000000
 14.92	 2008	 5	 2	 0	 0	 0.000000
 14.71	 2008	 5	 3	 0	 0	 0.000000
 14.48	 2008	 5	 4	 0	 0	 0.000000
 14.12	 2008	 5	 5	 0	 0	 0.000000
 14.48	 2008	 5	 6	 0	 0	 0.000000
 14.55	 2008	 5	 7	 0	 0	 0.000000
 13.55	 2008	 5	 8	 0	 0	 0.000000
 13.7	 2008	 5	 9	 0	 0	 0.000000
 13.83	 2008	 5	 10	 0	 0	 0.000000
 13.14	 2008	 5	 11	 0	 0	 0.000000
 13.35	 2008	 5	 12	 0	 0	 0.000000
 13.38	 2008	 5	 13	 0	 0	 0.000000
 14.29	 2008	 5	 14	 0	 0	 0.000000
 14.93	 2008	 5	 15	 0	 0	 0.000000
 15.3	 2008	 5	 16	 0	 0	 0.000000
 15.85	 2008	 5	 17	 0	 0	 0.000000
 15.7	 2008	 5	 18	 0	 0	 0.000000
 16.33	 2008	 5	 19	 0	 0	 0.000000
 16.84	 2008	 5	 20	 0	 0	 0.000000
 17.1	 2008	 5	 21	 0	 0	 0.000000
 17.79	 2008	 5	 22	 0	 0	 0.000000
 17.96	 2008	 5	 23	 0	 0	 0.000000
 17.86	 2008	 5	 24	 0	 0	 0.000000
 18.02	 2008	 5	 25	 0	 0	 0.000000
 18.28	 2008	 5	 26	 0	 0	 0.000000
 18.39	 2008	 5	 27	 0	 0	 0.000000
 18.16	 2008	 5	 28	 0	 0	 0.000000
 16.92	 2008	 5	 29	 0	 0	 0.000000
 17.44	 2008	 5	 30	 0	 0	 0.000000
 17.52	 2008	 5	 31	 0	 0	 0.000000
 17.76	 2008	 6	 1	 0	 0	 0.000000
 18.03	 2008	 6	 2	 0	 0	 0.000000
 18.06	 2008	 6	 3	 0	 0	 0.000000
 18.49	 2008	 6	 4	 0	 0	 0.000000
 19.76	 2008	 6	 5	 0	 0	 0.000000
 19.16	 2008	 6	 6	 0	 0	 0.000000
 18.96	 2008	 6	 7	 0	 0	 0.000000
 18.64	 2008	 6	 8	 0	 0	 0.000000
 19.17	 2008	 6	 9	 0	 0	 0.000000
 19.11	 2008	 6	 10	 0	 0	 0.000000
 19.15	 2008	 6	 11	 0	 0	 0.000000
 19.35	 2008	 6	 12	 0	 0	 0.000000
 19.54	 2008	 6	 13	 0	 0	 0.000000
 20.16	 2008	 6	 14	 0	 0	 0.000000
 20.82	 2008	 6	 15	 0	 0	 0.000000
 20.9	 2008	 6	 16	 0	 0	 0.000000
 20.78	 2008	 6	 17	 0	 0	 0.000000
 20.56	 2008	 6	 18	 0	 0	 0.000000
 20.86	 2008	 6	 19	 0	 0	 0.000000
 21.22	 2008	 6	 20	 0	 0	 0.000000
 21.91	 2008	 6	 21	 0	 0	 0.000000
 22.43	 2008	 6	 22	 0	 0	 0.000000
 21.92	 2008	 6	 23	 0	 0	 0.000000
 21.31	 2008	 6	 24	 0	 0	 0.000000
 22.16	 2008	 6	 25	 0	 0	 0.000000
 22.55	 2008	 6	 26	 0	 0	 0.000000
 22.64	 2008	 6	 27	 0	 0	 0.000000
 22.72	 2008	 6	 28	 0	 0	 0.000000
 22.85	 2008	 6	 29	 0	 0	 0.000000
 21.98	 2008	 6	 30	 0	 0	 0.000000
 21.91	 2008	 7	 1	 0	 0	 0.000000
 21.63	 2008	 7	 2	 0	 0	 0.000000
 21.62	 2008	 7	 3	 0	 0	 0.000000
 21.71	 2008	 7	 4	 0	 0	 0.000000
 23.13	 2008	 7	 5	 0	 0	 0.000000
 23.49	 2008	 7	 6	 0	 0	 0.000000
 22.85	 2008	 7	 7	 0	 0	 0.000000
 23.21	 2008	 7	 8	 0	 0	 0.000000
 23.61	 2008	 7	 9	 0	 0	 0.000000
 23.78	 2008	 7	 10	 0	 0	 0.000000
 24.2	 2008	 7	 11	 0	 0	 0.000000
 24.08	 2008	 7	 12	 0	 0	 0.000000
 23.86	 2008	 7	 13	 0	 0	 0.000000
 23.88	 2008	 7	 14	 0	 0	 0.000000
 24.41	 2008	 7	 15	 0	 0	 0.000000
 24.79	 2008	 7	 16	 0	 0	 0.000000
 24.64	 2008	 7	 17	 0	 0	 0.000000
 24.86	 2008	 7	 18	 0	 0	 0.000000
 25.18	 2008	 7	 19	 0	 0	 0.000000
 24.98	 2008	 7	 20	 0	 0	 0.000000
 25.11	 2008	 7	 21	 0	 0	 0.000000
 25.17	 2008	 7	 22	 0	 0	 0.000000
 25.87	 2008	 7	 23	 0	 0	 0.000000
 26.38	 2008	 7	 24	 0	 0	 0.000000
 26.38	 2008	 7	 25	 0	 0	 0.000000
 25.95	 2008	 7	 26	 0	 0	 0.000000
 25.39	 2008	 7	 27	 0	 0	 0.000000
 25.32	 2008	 7	 28	 0	 0	 0.000000
 25.56	 2008	 7	 29	 0	 0	 0.000000
 25.93	 2008	 7	 30	 0	 0	 0.000000
 25.76	 2008	 7	 31	 0	 0	 0.000000
 25.68	 2008	 8	 1	 0	 0	 0.000000
 24.62	 2008	 8	 2	 0	 0	 0.000000
 24.1	 2008	 8	 3	 0	 0	 0.000000
 24.33	 2008	 8	 4	 0	 0	 0.000000
 24.47	 2008	 8	 5	 0	 0	 0.000000
 25.02	 2008	 8	 6	 0	 0	 0.000000
 25.21	 2008	 8	 7	 0	 0	 0.000000
 25.33	 2008	 8	 8	 0	 0	 0.000000
 25.31	 2008	 8	 9	 0	 0	 0.000000
 25.37	 2008	 8	 10	 0	 0	 0.000000
 25.36	 2008	 8	 11	 0	 0	 0.000000
 25.61	 2008	 8	 12	 0	 0	 0.000000
 26.31	 2008	 8	 13	 0	 0	 0.000000
 26.46	 2008	 8	 14	 0	 0	 0.000000
 26.49	 2008	 8	 15	 0	 0	 0.000000
 26.26	 2008	 8	 16	 0	 0	 0.000000
 26.46	 2008	 8	 17	 0	 0	 0.000000
 26.63	 2008	 8	 18	 0	 0	 0.000000
 26.73	 2008	 8	 19	 0	 0	 0.000000
 26.51	 2008	 8	 20	 0	 0	 0.000000
 26.06	 2008	 8	 21	 0	 0	 0.000000
 26.38	 2008	 8	 22	 0	 0	 0.000000
 26.19	 2008	 8	 23	 0	 0	 0.000000
 26.06	 2008	 8	 24	 0	 0	 0.000000
 26.21	 2008	 8	 25	 0	 0	 0.000000
 26.56	 2008	 8	 26	 0	 0	 0.000000
 26.61	 2008	 8	 27	 0	 0	 0.000000
 26.25	 2008	 8	 28	 0	 0	 0.000000
 25.99	 2008	 8	 29	 0	 0	 0.000000
 25.52	 2008	 8	 30	 0	 0	 0.000000
 25.48	 2008	 8	 31	 0	 0	 0.000000
 25.28	 2008	 9	 1	 0	 0	 0.000000
 24.95	 2008	 9	 2	 0	 0	 0.000000
 24.52	 2008	 9	 3	 0	 0	 0.000000
 24.85	 2008	 9	 4	 0	 0	 0.000000
 24.65	 2008	 9	 5	 0	 0	 0.000000
 24.43	 2008	 9	 6	 0	 0	 0.000000
 24.42	 2008	 9	 7	 0	 0	 0.000000
 24.32	 2008	 9	 8	 0	 0	 0.000000
 24.73	 2008	 9	 9	 0	 0	 0.000000
 24.71	 2008	 9	 10	 0	 0	 0.000000
 24.34	 2008	 9	 11	 0	 0	 0.000000
 24.24	 2008	 9	 12	 0	 0	 0.000000
 23.97	 2008	 9	 13	 0	 0	 0.000000
 23.78	 2008	 9	 14	 0	 0	 0.000000
 23.71	 2008	 9	 15	 0	 0	 0.000000
 23.77	 2008	 9	 16	 0	 0	 0.000000
 23.73	 2008	 9	 17	 0	 0	 0.000000
 23.85	 2008	 9	 18	 0	 0	 0.000000
 23.15	 2008	 9	 19	 0	 0	 0.000000
 22.84	 2008	 9	 20	 0	 0	 0.000000
 22.72	 2008	 9	 21	 0	 0	 0.000000
 22.64	 2008	 9	 22	 0	 0	 0.000000
 22.76	 2008	 9	 23	 0	 0	 0.000000
 23.04	 2008	 9	 24	 0	 0	 0.000000
 23.26	 2008	 9	 25	 0	 0	 0.000000
 22.85	 2008	 9	 26	 0	 0	 0.000000
 22.62	 2008	 9	 27	 0	 0	 0.000000
 22.68	 2008	 9	 28	 0	 0	 0.000000
 22.46	 2008	 9	 29	 0	 0	 0.000000
 22.33	 2008	 9	 30	 0	 0	 0.000000
 22.46	 2008	 10	 1	 0	 0	 0.000000
 22.34	 2008	 10	 2	 0	 0	 0.000000
 22.34	 2008	 10	 3	 0	 0	 0.000000
 22.09	 2008	 10	 4	 0	 0	 0.000000
 21.59	 2008	 10	 5	 0	 0	 0.000000
 21.09	 2008	 10	 6	 0	 0	 0.000000
 20.26	 2008	 10	 7	 0	 0	 0.000000
 20.01	 2008	 10	 8	 0	 0	 0.000000
 19.48	 2008	 10	 9	 0	 0	 0.000000
 19.7	 2008	 10	 10	 0	 0	 0.000000
 19.48	 2008	 10	 11	 0	 0	 0.000000
 19.56	 2008	 10	 12	 0	 0	 0.000000
 19.64	 2008	 10	 13	 0	 0	 0.000000
 19.6	 2008	 10	 14	 0	 0	 0.000000
 19.57	 2008	 10	 15	 0	 0	 0.000000
 19.3	 2008	 10	 16	 0	 0	 0.000000
 19.16	 2008	 10	 17	 0	 0	 0.000000
 19.49	 2008	 10	 18	 0	 0	 0.000000
 19.32	 2008	 10	 19	 0	 0	 0.000000
 19.5	 2008	 10	 20	 0	 0	 0.000000
 19.59	 2008	 10	 21	 0	 0	 0.000000
 19.47	 2008	 10	 22	 0	 0	 0.000000
 19.38	 2008	 10	 23	 0	 0	 0.000000
 18.94	 2008	 10	 24	 0	 0	 0.000000
 18.15	 2008	 10	 25	 0	 0	 0.000000
 18.28	 2008	 10	 26	 0	 0	 0.000000
 18.71	 2008	 10	 27	 0	 0	 0.000000
 18.74	 2008	 10	 28	 0	 0	 0.000000
 18.72	 2008	 10	 29	 0	 0	 0.000000
 18.76	 2008	 10	 30	 0	 0	 0.000000
 18.48	 2008	 10	 31	 0	 0	 0.000000
 18.08	 2008	 11	 1	 0	 0	 0.000000
 17.72	 2008	 11	 2	 0	 0	 0.000000
 17.64	 2008	 11	 3	 0	 0	 0.000000
 16.99	 2008	 11	 4	 0	 0	 0.000000
 16.86	 2008	 11	 5	 0	 0	 0.000000
 16.96	 2008	 11	 6	 0	 0	 0.000000
 17.06	 2008	 11	 7	 0	 0	 0.000000
 16.76	 2008	 11	 8	 0	 0	 0.000000
 16.86	 2008	 11	 9	 0	 0	 0.000000
 17	 2008	 11	 10	 0	 0	 0.000000
 16.95	 2008	 11	 11	 0	 0	 0.000000
 16.53	 2008	 11	 12	 0	 0	 0.000000
 15.77	 2008	 11	 13	 0	 0	 0.000000
 15.03	 2008	 11	 14	 0	 0	 0.000000
 14.96	 2008	 11	 15	 0	 0	 0.000000
 14.84	 2008	 11	 16	 0	 0	 0.000000
 14.96	 2008	 11	 17	 0	 0	 0.000000
 14.87	 2008	 11	 18	 0	 0	 0.000000
 14.74	 2008	 11	 19	 0	 0	 0.000000
 14.62	 2008	 11	 20	 0	 0	 0.000000
 14.74	 2008	 11	 21	 0	 0	 0.000000
 15.07	 2008	 11	 22	 0	 0	 0.000000
 15.13	 2008	 11	 23	 0	 0	 0.000000
 14.95	 2008	 11	 24	 0	 0	 0.000000
 15.07	 2008	 11	 25	 0	 0	 0.000000
 14.88	 2008	 11	 26	 0	 0	 0.000000
 14.98	 2008	 11	 27	 0	 0	 0.000000
 14.53	 2008	 11	 28	 0	 0	 0.000000
 14.59	 2008	 11	 29	 0	 0	 0.000000
 14.38	 2008	 11	 30	 0	 0	 0.000000
 14.54	 2008	 12	 1	 0	 0	 0.000000
 14.54	 2008	 12	 2	 0	 0	 0.000000
 14.72	 2008	 12	 3	 0	 0	 0.000000
 14.54	 2008	 12	 4	 0	 0	 0.000000
 14.43	 2008	 12	 5	 0	 0	 0.000000
 14.23	 2008	 12	 6	 0	 0	 0.000000
 14.13	 2008	 12	 7	 0	 0	 0.000000
 14.23	 2008	 12	 8	 0	 0	 0.000000
 13.71	 2008	 12	 9	 0	 0	 0.000000
 13.09	 2008	 12	 10	 0	 0	 0.000000
 13.05	 2008	 12	 11	 0	 0	 0.000000
 12.96	 2008	 12	 12	 0	 0	 0.000000
 13.19	 2008	 12	 13	 0	 0	 0.000000
 13.22	 2008	 12	 14	 0	 0	 0.000000
 13.29	 2008	 12	 15	 0	 0	 0.000000
 13.6	 2008	 12	 16	 0	 0	 0.000000
 13.24	 2008	 12	 17	 0	 0	 0.000000
 12.63	 2008	 12	 18	 0	 0	 0.000000
 12.93	 2008	 12	 19	 0	 0	 0.000000
 12.83	 2008	 12	 20	 0	 0	 0.000000
 12.89	 2008	 12	 21	 0	 0	 0.000000
 12.2	 2008	 12	 22	 0	 0	 0.000000
 12.24	 2008	 12	 23	 0	 0	 0.000000
 12.24	 2008	 12	 24	 0	 0	 0.000000
 12.53	 2008	 12	 25	 0	 0	 0.000000
 12.62	 2008	 12	 26	 0	 0	 0.000000
 12.61	 2008	 12	 27	 0	 0	 0.000000
 12.78	 2008	 12	 28	 0	 0	 0.000000
 12.26	 2008	 12	 29	 0	 0	 0.000000
 11.7	 2008	 12	 30	 0	 0	 0.000000
 11.57	 2008	 12	 31	 0	 0	 0.000000
 11.55	 2009	 1	 1	 0	 0	 0.000000
 11.49	 2009	 1	 2	 0	 0	 0.000000
 10.73	 2009	 1	 3	 0	 0	 0.000000
 10.79	 2009	 1	 4	 0	 0	 0.000000
 11.54	 2009	 1	 5	 0	 0	 0.000000
 11.31	 2009	 1	 6	 0	 0	 0.000000
 10.05	 2009	 1	 7	 0	 0	 0.000000
 9.02	 2009	 1	 8	 0	 0	 0.000000
 9.57	 2009	 1	 9	 0	 0	 0.000000
 9.61	 2009	 1	 10	 0	 0	 0.000000
 9.72	 2009	 1	 11	 0	 0	 0.000000
 9.84	 2009	 1	 12	 0	 0	 0.000000
 10.04	 2009	 1	 13	 0	 0	 0.000000
 9.92	 2009	 1	 14	 0	 0	 0.000000
 10.09	 2009	 1	 15	 0	 0	 0.000000
 10.1	 2009	 1	 16	 0	 0	 0.000000
 10.07	 2009	 1	 17	 0	 0	 0.000000
 10.2	 2009	 1	 18	 0	 0	 0.000000
 10.45	 2009	 1	 19	 0	 0	 0.000000
 10.52	 2009	 1	 20	 0	 0	 0.000000
 10.54	 2009	 1	 21	 0	 0	 0.000000
 10.53	 2009	 1	 22	 0	 0	 0.000000
 10.45	 2009	 1	 23	 0	 0	 0.000000
 10.39	 2009	 1	 24	 0	 0	 0.000000
 10.02	 2009	 1	 25	 0	 0	 0.000000
 9.75	 2009	 1	 26	 0	 0	 0.000000
 9.4	 2009	 1	 27	 0	 0	 0.000000
 10.25	 2009	 1	 28	 0	 0	 0.000000
 10.31	 2009	 1	 29	 0	 0	 0.000000
 10.36	 2009	 1	 30	 0	 0	 0.000000
 10.19	 2009	 1	 31	 0	 0	 0.000000
 10.09	 2009	 2	 1	 0	 0	 0.000000
 9.66	 2009	 2	 2	 0	 0	 0.000000
 9.68	 2009	 2	 3	 0	 0	 0.000000
 9.71	 2009	 2	 4	 0	 0	 0.000000
 9.65	 2009	 2	 5	 0	 0	 0.000000
 9.93	 2009	 2	 6	 0	 0	 0.000000
 10.29	 2009	 2	 7	 0	 0	 0.000000
 10.31	 2009	 2	 8	 0	 0	 0.000000
 10.28	 2009	 2	 9	 0	 0	 0.000000
 10.1	 2009	 2	 10	 0	 0	 0.000000
 10.38	 2009	 2	 11	 0	 0	 0.000000
 10.4	 2009	 2	 12	 0	 0	 0.000000
 10.39	 2009	 2	 13	 0	 0	 0.000000
 10.3	 2009	 2	 14	 0	 0	 0.000000
 10.19	 2009	 2	 15	 0	 0	 0.000000
 9.68	 2009	 2	 16	 0	 0	 0.000000
 9.78	 2009	 2	 17	 0	 0	 0.000000
 9.92	 2009	 2	 18	 0	 0	 0.000000
 9.94	 2009	 2	 19	 0	 0	 0.000000
 9.9	 2009	 2	 20	 0	 0	 0.000000
 9.82	 2009	 2	 21	 0	 0	 0.000000
 9.85	 2009	 2	 22	 0	 0	 0.000000
 9.55	 2009	 2	 23	 0	 0	 0.000000
 9.65	 2009	 2	 24	 0	 0	 0.000000
 9.66	 2009	 2	 25	 0	 0	 0.000000
 10.03	 2009	 2	 26	 0	 0	 0.000000
 10.05	 2009	 2	 27	 0	 0	 0.000000
 9.97	 2009	 2	 28	 0	 0	 0.000000
 9.85	 2009	 3	 1	 0	 0	 0.000000
 9.63	 2009	 3	 2	 0	 0	 0.000000
 9.5	 2009	 3	 3	 0	 0	 0.000000
 9.55	 2009	 3	 4	 0	 0	 0.000000
 9.68	 2009	 3	 5	 0	 0	 0.000000
 9.77	 2009	 3	 6	 0	 0	 0.000000
 9.65	 2009	 3	 7	 0	 0	 0.000000
 9.39	 2009	 3	 8	 0	 0	 0.000000
 9.05	 2009	 3	 9	 0	 0	 0.000000
 8.76	 2009	 3	 10	 0	 0	 0.000000
 8.74	 2009	 3	 11	 0	 0	 0.000000
 8.71	 2009	 3	 12	 0	 0	 0.000000
 8.73	 2009	 3	 13	 0	 0	 0.000000
 8.76	 2009	 3	 14	 0	 0	 0.000000
 8.81	 2009	 3	 15	 0	 0	 0.000000
 8.92	 2009	 3	 16	 0	 0	 0.000000
 9.3	 2009	 3	 17	 0	 0	 0.000000
 9.56	 2009	 3	 18	 0	 0	 0.000000
 9.32	 2009	 3	 19	 0	 0	 0.000000
 9.07	 2009	 3	 20	 0	 0	 0.000000
 9.05	 2009	 3	 21	 0	 0	 0.000000
 9.18	 2009	 3	 22	 0	 0	 0.000000
 9.17	 2009	 3	 23	 0	 0	 0.000000
 9.11	 2009	 3	 24	 0	 0	 0.000000
 9.25	 2009	 3	 25	 0	 0	 0.000000
 9.37	 2009	 3	 26	 0	 0	 0.000000
 9.35	 2009	 3	 27	 0	 0	 0.000000
 9.07	 2009	 3	 28	 0	 0	 0.000000
 9.09	 2009	 3	 29	 0	 0	 0.000000
 10.05	 2009	 3	 30	 0	 0	 0.000000
 10.09	 2009	 3	 31	 0	 0	 0.000000
 9.71	 2009	 4	 1	 0	 0	 0.000000
 9.83	 2009	 4	 2	 0	 0	 0.000000
 9.94	 2009	 4	 3	 0	 0	 0.000000
 10.06	 2009	 4	 4	 0	 0	 0.000000
 10.22	 2009	 4	 5	 0	 0	 0.000000
 10.73	 2009	 4	 6	 0	 0	 0.000000
 10.78	 2009	 4	 7	 0	 0	 0.000000
 10.61	 2009	 4	 8	 0	 0	 0.000000
 10.3	 2009	 4	 9	 0	 0	 0.000000
 10.04	 2009	 4	 10	 0	 0	 0.000000
 10.31	 2009	 4	 11	 0	 0	 0.000000
 10.86	 2009	 4	 12	 0	 0	 0.000000
 10.84	 2009	 4	 13	 0	 0	 0.000000
 10.7	 2009	 4	 14	 0	 0	 0.000000
 10.67	 2009	 4	 15	 0	 0	 0.000000
 11.64	 2009	 4	 16	 0	 0	 0.000000
 11.87	 2009	 4	 17	 0	 0	 0.000000
 11.39	 2009	 4	 18	 0	 0	 0.000000
 11.38	 2009	 4	 19	 0	 0	 0.000000
 11.81	 2009	 4	 20	 0	 0	 0.000000
 12.11	 2009	 4	 21	 0	 0	 0.000000
 12.17	 2009	 4	 22	 0	 0	 0.000000
 12.08	 2009	 4	 23	 0	 0	 0.000000
 12.27	 2009	 4	 24	 0	 0	 0.000000
 12.65	 2009	 4	 25	 0	 0	 0.000000
 12.7	 2009	 4	 26	 0	 0	 0.000000
 12.96	 2009	 4	 27	 0	 0	 0.000000
 13.03	 2009	 4	 28	 0	 0	 0.000000
 12.86	 2009	 4	 29	 0	 0	 0.000000
 13.39	 2009	 4	 30	 0	 0	 0.000000
 13.99	 2009	 5	 1	 0	 0	 0.000000
 13.94	 2009	 5	 2	 0	 0	 0.000000
 13.74	 2009	 5	 3	 0	 0	 0.000000
 13.94	 2009	 5	 4	 0	 0	 0.000000
 13.98	 2009	 5	 5	 0	 0	 0.000000
 13.76	 2009	 5	 6	 0	 0	 0.000000
 13.76	 2009	 5	 7	 0	 0	 0.000000
 13.74	 2009	 5	 8	 0	 0	 0.000000
 14.03	 2009	 5	 9	 0	 0	 0.000000
 14.04	 2009	 5	 10	 0	 0	 0.000000
 13.8	 2009	 5	 11	 0	 0	 0.000000
 14.61	 2009	 5	 12	 0	 0	 0.000000
 14.64	 2009	 5	 13	 0	 0	 0.000000
 15.2	 2009	 5	 14	 0	 0	 0.000000
 16.38	 2009	 5	 15	 0	 0	 0.000000
 17.05	 2009	 5	 16	 0	 0	 0.000000
 17.54	 2009	 5	 17	 0	 0	 0.000000
 17.77	 2009	 5	 18	 0	 0	 0.000000
 17.49	 2009	 5	 19	 0	 0	 0.000000
 17.54	 2009	 5	 20	 0	 0	 0.000000
 17.72	 2009	 5	 21	 0	 0	 0.000000
 17.61	 2009	 5	 22	 0	 0	 0.000000
 17.78	 2009	 5	 23	 0	 0	 0.000000
 17.7	 2009	 5	 24	 0	 0	 0.000000
 16.79	 2009	 5	 25	 0	 0	 0.000000
 16.88	 2009	 5	 26	 0	 0	 0.000000
 17.02	 2009	 5	 27	 0	 0	 0.000000
 17.55	 2009	 5	 28	 0	 0	 0.000000
 18.25	 2009	 5	 29	 0	 0	 0.000000
 18.66	 2009	 5	 30	 0	 0	 0.000000
 18.69	 2009	 5	 31	 0	 0	 0.000000
 18.85	 2009	 6	 1	 0	 0	 0.000000
 19.42	 2009	 6	 2	 0	 0	 0.000000
 19.58	 2009	 6	 3	 0	 0	 0.000000
 19.38	 2009	 6	 4	 0	 0	 0.000000
 19.19	 2009	 6	 5	 0	 0	 0.000000
 19.87	 2009	 6	 6	 0	 0	 0.000000
 20.43	 2009	 6	 7	 0	 0	 0.000000
 21.14	 2009	 6	 8	 0	 0	 0.000000
 21.67	 2009	 6	 9	 0	 0	 0.000000
 22.41	 2009	 6	 10	 0	 0	 0.000000
 23.51	 2009	 6	 11	 0	 0	 0.000000
 23.65	 2009	 6	 12	 0	 0	 0.000000
 21.73	 2009	 6	 13	 0	 0	 0.000000
 21.35	 2009	 6	 14	 0	 0	 0.000000
 21.72	 2009	 6	 15	 0	 0	 0.000000
 22.16	 2009	 6	 16	 0	 0	 0.000000
 22.78	 2009	 6	 17	 0	 0	 0.000000
 22.92	 2009	 6	 18	 0	 0	 0.000000
 22.71	 2009	 6	 19	 0	 0	 0.000000
 22.49	 2009	 6	 20	 0	 0	 0.000000
 22.23	 2009	 6	 21	 0	 0	 0.000000
 23.07	 2009	 6	 22	 0	 0	 0.000000
 24.69	 2009	 6	 23	 0	 0	 0.000000
 24.99	 2009	 6	 24	 0	 0	 0.000000
 25.3	 2009	 6	 25	 0	 0	 0.000000
 25.46	 2009	 6	 26	 0	 0	 0.000000
 24.77	 2009	 6	 27	 0	 0	 0.000000
 23.99	 2009	 6	 28	 0	 0	 0.000000
 24.24	 2009	 6	 29	 0	 0	 0.000000
 24.62	 2009	 6	 30	 0	 0	 0.000000
 24.75	 2009	 7	 1	 0	 0	 0.000000
 25.18	 2009	 7	 2	 0	 0	 0.000000
 25.32	 2009	 7	 3	 0	 0	 0.000000
 24.75	 2009	 7	 4	 0	 0	 0.000000
 24.74	 2009	 7	 5	 0	 0	 0.000000
 24.64	 2009	 7	 6	 0	 0	 0.000000
 24.84	 2009	 7	 7	 0	 0	 0.000000
 25.28	 2009	 7	 8	 0	 0	 0.000000
 25.35	 2009	 7	 9	 0	 0	 0.000000
 25.91	 2009	 7	 10	 0	 0	 0.000000
 26.25	 2009	 7	 11	 0	 0	 0.000000
 26.21	 2009	 7	 12	 0	 0	 0.000000
 26.24	 2009	 7	 13	 0	 0	 0.000000
 23.38	 2009	 7	 14	 0	 0	 0.000000
 22.45	 2009	 7	 15	 0	 0	 0.000000
 22.43	 2009	 7	 16	 0	 0	 0.000000
 22.87	 2009	 7	 17	 0	 0	 0.000000
 23.47	 2009	 7	 18	 0	 0	 0.000000
 24.13	 2009	 7	 19	 0	 0	 0.000000
 24.69	 2009	 7	 20	 0	 0	 0.000000
 25.41	 2009	 7	 21	 0	 0	 0.000000
 25.95	 2009	 7	 22	 0	 0	 0.000000
 26.39	 2009	 7	 23	 0	 0	 0.000000
 26.38	 2009	 7	 24	 0	 0	 0.000000
 26.05	 2009	 7	 25	 0	 0	 0.000000
 25.9	 2009	 7	 26	 0	 0	 0.000000
 24.01	 2009	 7	 27	 0	 0	 0.000000
 23.79	 2009	 7	 28	 0	 0	 0.000000
 23.73	 2009	 7	 29	 0	 0	 0.000000
 23.69	 2009	 7	 30	 0	 0	 0.000000
 24.66	 2009	 7	 31	 0	 0	 0.000000
 24.45	 2009	 8	 1	 0	 0	 0.000000
 23.04	 2009	 8	 2	 0	 0	 0.000000
 24.11	 2009	 8	 3	 0	 0	 0.000000
 24.14	 2009	 8	 4	 0	 0	 0.000000
 24.42	 2009	 8	 5	 0	 0	 0.000000
 24.73	 2009	 8	 6	 0	 0	 0.000000
 25.16	 2009	 8	 7	 0	 0	 0.000000
 24.35	 2009	 8	 8	 0	 0	 0.000000
 23.72	 2009	 8	 9	 0	 0	 0.000000
 23.67	 2009	 8	 10	 0	 0	 0.000000
 23.52	 2009	 8	 11	 0	 0	 0.000000
 23.16	 2009	 8	 12	 0	 0	 0.000000
 23.54	 2009	 8	 13	 0	 0	 0.000000
 23.2	 2009	 8	 14	 0	 0	 0.000000
 23.46	 2009	 8	 15	 0	 0	 0.000000
 24.05	 2009	 8	 16	 0	 0	 0.000000
 24.33	 2009	 8	 17	 0	 0	 0.000000
 24.38	 2009	 8	 18	 0	 0	 0.000000
 24.91	 2009	 8	 19	 0	 0	 0.000000
 24.98	 2009	 8	 20	 0	 0	 0.000000
 24.86	 2009	 8	 21	 0	 0	 0.000000
 24.39	 2009	 8	 22	 0	 0	 0.000000
 24.03	 2009	 8	 23	 0	 0	 0.000000
 24.04	 2009	 8	 24	 0	 0	 0.000000
 23.95	 2009	 8	 25	 0	 0	 0.000000
 24.2	 2009	 8	 26	 0	 0	 0.000000
 24.66	 2009	 8	 27	 0	 0	 0.000000
 24.47	 2009	 8	 28	 0	 0	 0.000000
 24.52	 2009	 8	 29	 0	 0	 0.000000
 24.81	 2009	 8	 30	 0	 0	 0.000000
 24.75	 2009	 8	 31	 0	 0	 0.000000
 24.52	 2009	 9	 1	 0	 0	 0.000000
 24.32	 2009	 9	 2	 0	 0	 0.000000
 24.26	 2009	 9	 3	 0	 0	 0.000000
 24.31	 2009	 9	 4	 0	 0	 0.000000
 24.28	 2009	 9	 5	 0	 0	 0.000000
 24.27	 2009	 9	 6	 0	 0	 0.000000
 23.99	 2009	 9	 7	 0	 0	 0.000000
 24.18	 2009	 9	 8	 0	 0	 0.000000
 24.13	 2009	 9	 9	 0	 0	 0.000000
 24.24	 2009	 9	 10	 0	 0	 0.000000
 24.05	 2009	 9	 11	 0	 0	 0.000000
 24.18	 2009	 9	 12	 0	 0	 0.000000
 24.03	 2009	 9	 13	 0	 0	 0.000000
 23.24	 2009	 9	 14	 0	 0	 0.000000
 23.11	 2009	 9	 15	 0	 0	 0.000000
 23.05	 2009	 9	 16	 0	 0	 0.000000
 23.04	 2009	 9	 17	 0	 0	 0.000000
 23.1	 2009	 9	 18	 0	 0	 0.000000
 22.99	 2009	 9	 19	 0	 0	 0.000000
 22.52	 2009	 9	 20	 0	 0	 0.000000
 22.15	 2009	 9	 21	 0	 0	 0.000000
 20.65	 2009	 9	 22	 0	 0	 0.000000
 21.11	 2009	 9	 23	 0	 0	 0.000000
 22	 2009	 9	 24	 0	 0	 0.000000
 22.43	 2009	 9	 25	 0	 0	 0.000000
 22.67	 2009	 9	 26	 0	 0	 0.000000
 22.85	 2009	 9	 27	 0	 0	 0.000000
 20.97	 2009	 9	 28	 0	 0	 0.000000
 20.79	 2009	 9	 29	 0	 0	 0.000000
 20.69	 2009	 9	 30	 0	 0	 0.000000
 21.21	 2009	 10	 1	 0	 0	 0.000000
 21.48	 2009	 10	 2	 0	 0	 0.000000
 21.97	 2009	 10	 3	 0	 0	 0.000000
 21.88	 2009	 10	 4	 0	 0	 0.000000
 21.74	 2009	 10	 5	 0	 0	 0.000000
 20.85	 2009	 10	 6	 0	 0	 0.000000
 19.34	 2009	 10	 7	 0	 0	 0.000000
 19.38	 2009	 10	 8	 0	 0	 0.000000
 19.82	 2009	 10	 9	 0	 0	 0.000000
 20.23	 2009	 10	 10	 0	 0	 0.000000
 20.75	 2009	 10	 11	 0	 0	 0.000000
 20.68	 2009	 10	 12	 0	 0	 0.000000
 20.29	 2009	 10	 13	 0	 0	 0.000000
 20.05	 2009	 10	 14	 0	 0	 0.000000
 20.15	 2009	 10	 15	 0	 0	 0.000000
 20.65	 2009	 10	 16	 0	 0	 0.000000
 20.87	 2009	 10	 17	 0	 0	 0.000000
 20.82	 2009	 10	 18	 0	 0	 0.000000
 20.79	 2009	 10	 19	 0	 0	 0.000000
 20.74	 2009	 10	 20	 0	 0	 0.000000
 20.53	 2009	 10	 21	 0	 0	 0.000000
 20.28	 2009	 10	 22	 0	 0	 0.000000
 20.61	 2009	 10	 23	 0	 0	 0.000000
 20.69	 2009	 10	 24	 0	 0	 0.000000
 20.66	 2009	 10	 25	 0	 0	 0.000000
 20.62	 2009	 10	 26	 0	 0	 0.000000
 20.22	 2009	 10	 27	 0	 0	 0.000000
 19.95	 2009	 10	 28	 0	 0	 0.000000
 19.56	 2009	 10	 29	 0	 0	 0.000000
 19.01	 2009	 10	 30	 0	 0	 0.000000
 18.43	 2009	 10	 31	 0	 0	 0.000000
 18.21	 2009	 11	 1	 0	 0	 0.000000
 17.98	 2009	 11	 2	 0	 0	 0.000000
 17.82	 2009	 11	 3	 0	 0	 0.000000
 17.03	 2009	 11	 4	 0	 0	 0.000000
 18.42	 2009	 11	 5	 0	 0	 0.000000
 18.79	 2009	 11	 6	 0	 0	 0.000000
 19.12	 2009	 11	 7	 0	 0	 0.000000
 18.77	 2009	 11	 8	 0	 0	 0.000000
 18.42	 2009	 11	 9	 0	 0	 0.000000
 18.12	 2009	 11	 10	 0	 0	 0.000000
 17.75	 2009	 11	 11	 0	 0	 0.000000
 16.12	 2009	 11	 12	 0	 0	 0.000000
 15.88	 2009	 11	 13	 0	 0	 0.000000
 16.22	 2009	 11	 14	 0	 0	 0.000000
 16.93	 2009	 11	 15	 0	 0	 0.000000
 17.39	 2009	 11	 16	 0	 0	 0.000000
 16.94	 2009	 11	 17	 0	 0	 0.000000
 16.79	 2009	 11	 18	 0	 0	 0.000000
 16.73	 2009	 11	 19	 0	 0	 0.000000
 16.82	 2009	 11	 20	 0	 0	 0.000000
 16.85	 2009	 11	 21	 0	 0	 0.000000
 16.53	 2009	 11	 22	 0	 0	 0.000000
 15.65	 2009	 11	 23	 0	 0	 0.000000
 16.58	 2009	 11	 24	 0	 0	 0.000000
 16.62	 2009	 11	 25	 0	 0	 0.000000
 16.37	 2009	 11	 26	 0	 0	 0.000000
 16.02	 2009	 11	 27	 0	 0	 0.000000
 16.04	 2009	 11	 28	 0	 0	 0.000000
 16.08	 2009	 11	 29	 0	 0	 0.000000
 14.88	 2009	 11	 30	 0	 0	 0.000000
 14.71	 2009	 12	 1	 0	 0	 0.000000
 14.54	 2009	 12	 2	 0	 0	 0.000000
 14.79	 2009	 12	 3	 0	 0	 0.000000
 15.06	 2009	 12	 4	 0	 0	 0.000000
 15.07	 2009	 12	 5	 0	 0	 0.000000
 14.76	 2009	 12	 6	 0	 0	 0.000000
 14.61	 2009	 12	 7	 0	 0	 0.000000
 14.52	 2009	 12	 8	 0	 0	 0.000000
 13.92	 2009	 12	 9	 0	 0	 0.000000
 13.56	 2009	 12	 10	 0	 0	 0.000000
 13.11	 2009	 12	 11	 0	 0	 0.000000
 12.41	 2009	 12	 12	 0	 0	 0.000000
 12.79	 2009	 12	 13	 0	 0	 0.000000
 13.26	 2009	 12	 14	 0	 0	 0.000000
 13.17	 2009	 12	 15	 0	 0	 0.000000
 12.99	 2009	 12	 16	 0	 0	 0.000000
 13.62	 2009	 12	 17	 0	 0	 0.000000
 13.74	 2009	 12	 18	 0	 0	 0.000000
 13.79	 2009	 12	 19	 0	 0	 0.000000
 13.46	 2009	 12	 20	 0	 0	 0.000000
 13.25	 2009	 12	 21	 0	 0	 0.000000
 13.08	 2009	 12	 22	 0	 0	 0.000000
 13.05	 2009	 12	 23	 0	 0	 0.000000
 13.17	 2009	 12	 24	 0	 0	 0.000000
 13.13	 2009	 12	 25	 0	 0	 0.000000
 12.87	 2009	 12	 26	 0	 0	 0.000000
 12.57	 2009	 12	 27	 0	 0	 0.000000
 12.38	 2009	 12	 28	 0	 0	 0.000000
 13	 2009	 12	 29	 0	 0	 0.000000
 13.21	 2009	 12	 30	 0	 0	 0.000000
 13.02	 2009	 12	 31	 0	 0	 0.000000
 13.31	 2010	 1	 1	 0	 0	 0.000000
 12.68	 2010	 1	 2	 0	 0	 0.000000
 12.3	 2010	 1	 3	 0	 0	 0.000000
 12.15	 2010	 1	 4	 0	 0	 0.000000
 12.31	 2010	 1	 5	 0	 0	 0.000000
 12.45	 2010	 1	 6	 0	 0	 0.000000
 12.41	 2010	 1	 7	 0	 0	 0.000000
 12.45	 2010	 1	 8	 0	 0	 0.000000
 12.29	 2010	 1	 9	 0	 0	 0.000000
 12.1	 2010	 1	 10	 0	 0	 0.000000
 11.88	 2010	 1	 11	 0	 0	 0.000000
 11.69	 2010	 1	 12	 0	 0	 0.000000
 11.71	 2010	 1	 13	 0	 0	 0.000000
 12.04	 2010	 1	 14	 0	 0	 0.000000
 12.51	 2010	 1	 15	 0	 0	 0.000000
 12.61	 2010	 1	 16	 0	 0	 0.000000
 12.46	 2010	 1	 17	 0	 0	 0.000000
 12.15	 2010	 1	 18	 0	 0	 0.000000
 11.91	 2010	 1	 19	 0	 0	 0.000000
 11.66	 2010	 1	 20	 0	 0	 0.000000
 11.55	 2010	 1	 21	 0	 0	 0.000000
 11.51	 2010	 1	 22	 0	 0	 0.000000
 11.67	 2010	 1	 23	 0	 0	 0.000000
 11.51	 2010	 1	 24	 0	 0	 0.000000
 10.91	 2010	 1	 25	 0	 0	 0.000000
 10.38	 2010	 1	 26	 0	 0	 0.000000
 10.46	 2010	 1	 27	 0	 0	 0.000000
 10.61	 2010	 1	 28	 0	 0	 0.000000
 10.11	 2010	 1	 29	 0	 0	 0.000000
 9.74	 2010	 1	 30	 0	 0	 0.000000
 10.53	 2010	 1	 31	 0	 0	 0.000000
 10.77	 2010	 2	 1	 0	 0	 0.000000
 10.89	 2010	 2	 2	 0	 0	 0.000000
 10.89	 2010	 2	 3	 0	 0	 0.000000
 10.38	 2010	 2	 4	 0	 0	 0.000000
 10.11	 2010	 2	 5	 0	 0	 0.000000
 9.97	 2010	 2	 6	 0	 0	 0.000000
 10.07	 2010	 2	 7	 0	 0	 0.000000
 10.02	 2010	 2	 8	 0	 0	 0.000000
 9.97	 2010	 2	 9	 0	 0	 0.000000
 10.15	 2010	 2	 10	 0	 0	 0.000000
 10.14	 2010	 2	 11	 0	 0	 0.000000
 9.7	 2010	 2	 12	 0	 0	 0.000000
 9.41	 2010	 2	 13	 0	 0	 0.000000
 9.33	 2010	 2	 14	 0	 0	 0.000000
 8.81	 2010	 2	 15	 0	 0	 0.000000
 8.43	 2010	 2	 16	 0	 0	 0.000000
 8.19	 2010	 2	 17	 0	 0	 0.000000
 8.08	 2010	 2	 18	 0	 0	 0.000000
 8.06	 2010	 2	 19	 0	 0	 0.000000
 8.45	 2010	 2	 20	 0	 0	 0.000000
 8.87	 2010	 2	 21	 0	 0	 0.000000
 9.56	 2010	 2	 22	 0	 0	 0.000000
 9.72	 2010	 2	 23	 0	 0	 0.000000
 9.92	 2010	 2	 24	 0	 0	 0.000000
 10.23	 2010	 2	 25	 0	 0	 0.000000
 10.02	 2010	 2	 26	 0	 0	 0.000000
 9.98	 2010	 2	 27	 0	 0	 0.000000
 9.71	 2010	 2	 28	 0	 0	 0.000000
 9.64	 2010	 3	 1	 0	 0	 0.000000
 9.61	 2010	 3	 2	 0	 0	 0.000000
 9.36	 2010	 3	 3	 0	 0	 0.000000
 9.09	 2010	 3	 4	 0	 0	 0.000000
 9.17	 2010	 3	 5	 0	 0	 0.000000
 9.12	 2010	 3	 6	 0	 0	 0.000000
 9.34	 2010	 3	 7	 0	 0	 0.000000
 9.35	 2010	 3	 8	 0	 0	 0.000000
 8.9	 2010	 3	 9	 0	 0	 0.000000
 8.82	 2010	 3	 10	 0	 0	 0.000000
 8.84	 2010	 3	 11	 0	 0	 0.000000
 9.13	 2010	 3	 12	 0	 0	 0.000000
 9.42	 2010	 3	 13	 0	 0	 0.000000
 9.38	 2010	 3	 14	 0	 0	 0.000000
 9.29	 2010	 3	 15	 0	 0	 0.000000
 9.19	 2010	 3	 16	 0	 0	 0.000000
 9.04	 2010	 3	 17	 0	 0	 0.000000
 8.85	 2010	 3	 18	 0	 0	 0.000000
 8.96	 2010	 3	 19	 0	 0	 0.000000
 9.13	 2010	 3	 20	 0	 0	 0.000000
 9.26	 2010	 3	 21	 0	 0	 0.000000
 9.32	 2010	 3	 22	 0	 0	 0.000000
 9.91	 2010	 3	 23	 0	 0	 0.000000
 10.17	 2010	 3	 24	 0	 0	 0.000000
 10.37	 2010	 3	 25	 0	 0	 0.000000
 10.57	 2010	 3	 26	 0	 0	 0.000000
 10.32	 2010	 3	 27	 0	 0	 0.000000
 10.51	 2010	 3	 28	 0	 0	 0.000000
 10.56	 2010	 3	 29	 0	 0	 0.000000
 9.88	 2010	 3	 30	 0	 0	 0.000000
 10.11	 2010	 3	 31	 0	 0	 0.000000
 9.55	 2010	 4	 1	 0	 0	 0.000000
 9.33	 2010	 4	 2	 0	 0	 0.000000
 9.59	 2010	 4	 3	 0	 0	 0.000000
 10.73	 2010	 4	 4	 0	 0	 0.000000
 10.94	 2010	 4	 5	 0	 0	 0.000000
 10.62	 2010	 4	 6	 0	 0	 0.000000
 10.38	 2010	 4	 7	 0	 0	 0.000000
 9.67	 2010	 4	 8	 0	 0	 0.000000
 9.84	 2010	 4	 9	 0	 0	 0.000000
 10.35	 2010	 4	 10	 0	 0	 0.000000
 10.78	 2010	 4	 11	 0	 0	 0.000000
 10.86	 2010	 4	 12	 0	 0	 0.000000
 11.27	 2010	 4	 13	 0	 0	 0.000000
 11.51	 2010	 4	 14	 0	 0	 0.000000
 11.56	 2010	 4	 15	 0	 0	 0.000000
 11.7	 2010	 4	 16	 0	 0	 0.000000
 12.48	 2010	 4	 17	 0	 0	 0.000000
 12.77	 2010	 4	 18	 0	 0	 0.000000
 13.18	 2010	 4	 19	 0	 0	 0.000000
 13.13	 2010	 4	 20	 0	 0	 0.000000
 13.21	 2010	 4	 21	 0	 0	 0.000000
 12.75	 2010	 4	 22	 0	 0	 0.000000
 12.85	 2010	 4	 23	 0	 0	 0.000000
 13.11	 2010	 4	 24	 0	 0	 0.000000
 13.77	 2010	 4	 25	 0	 0	 0.000000
 13.64	 2010	 4	 26	 0	 0	 0.000000
 14.28	 2010	 4	 27	 0	 0	 0.000000
 14.25	 2010	 4	 28	 0	 0	 0.000000
 13.91	 2010	 4	 29	 0	 0	 0.000000
 14.09	 2010	 4	 30	 0	 0	 0.000000
 14.58	 2010	 5	 1	 0	 0	 0.000000
 14.69	 2010	 5	 2	 0	 0	 0.000000
 14.53	 2010	 5	 3	 0	 0	 0.000000
 14.76	 2010	 5	 4	 0	 0	 0.000000
 14.95	 2010	 5	 5	 0	 0	 0.000000
 14.97	 2010	 5	 6	 0	 0	 0.000000
 15.68	 2010	 5	 7	 0	 0	 0.000000
 15.78	 2010	 5	 8	 0	 0	 0.000000
 16.33	 2010	 5	 9	 0	 0	 0.000000
 16.71	 2010	 5	 10	 0	 0	 0.000000
 16.1	 2010	 5	 11	 0	 0	 0.000000
 16.24	 2010	 5	 12	 0	 0	 0.000000
 17.13	 2010	 5	 13	 0	 0	 0.000000
 18.17	 2010	 5	 14	 0	 0	 0.000000
 17.58	 2010	 5	 15	 0	 0	 0.000000
 18.05	 2010	 5	 16	 0	 0	 0.000000
 18.18	 2010	 5	 17	 0	 0	 0.000000
 17.95	 2010	 5	 18	 0	 0	 0.000000
 17.3	 2010	 5	 19	 0	 0	 0.000000
 17.59	 2010	 5	 20	 0	 0	 0.000000
 17.94	 2010	 5	 21	 0	 0	 0.000000
 18.03	 2010	 5	 22	 0	 0	 0.000000
 17.6	 2010	 5	 23	 0	 0	 0.000000
 17.69	 2010	 5	 24	 0	 0	 0.000000
 18.36	 2010	 5	 25	 0	 0	 0.000000
 18.74	 2010	 5	 26	 0	 0	 0.000000
 19.24	 2010	 5	 27	 0	 0	 0.000000
 19.45	 2010	 5	 28	 0	 0	 0.000000
 19.67	 2010	 5	 29	 0	 0	 0.000000
 19.72	 2010	 5	 30	 0	 0	 0.000000
 20.02	 2010	 5	 31	 0	 0	 0.000000
 20.26	 2010	 6	 1	 0	 0	 0.000000
 20.25	 2010	 6	 2	 0	 0	 0.000000
 20.65	 2010	 6	 3	 0	 0	 0.000000
 20.78	 2010	 6	 4	 0	 0	 0.000000
 21.23	 2010	 6	 5	 0	 0	 0.000000
 21.15	 2010	 6	 6	 0	 0	 0.000000
 21.77	 2010	 6	 7	 0	 0	 0.000000
 20.88	 2010	 6	 8	 0	 0	 0.000000
 20.97	 2010	 6	 9	 0	 0	 0.000000
 21.37	 2010	 6	 10	 0	 0	 0.000000
 21.65	 2010	 6	 11	 0	 0	 0.000000
 22.58	 2010	 6	 12	 0	 0	 0.000000
 22.91	 2010	 6	 13	 0	 0	 0.000000
 23.29	 2010	 6	 14	 0	 0	 0.000000
 23.25	 2010	 6	 15	 0	 0	 0.000000
 23.06	 2010	 6	 16	 0	 0	 0.000000
 22.25	 2010	 6	 17	 0	 0	 0.000000
 23.45	 2010	 6	 18	 0	 0	 0.000000
 23.52	 2010	 6	 19	 0	 0	 0.000000
 23.92	 2010	 6	 20	 0	 0	 0.000000
 24.15	 2010	 6	 21	 0	 0	 0.000000
 25.03	 2010	 6	 22	 0	 0	 0.000000
 25.3	 2010	 6	 23	 0	 0	 0.000000
 24.49	 2010	 6	 24	 0	 0	 0.000000
 23.49	 2010	 6	 25	 0	 0	 0.000000
 23.85	 2010	 6	 26	 0	 0	 0.000000
 23.93	 2010	 6	 27	 0	 0	 0.000000
 23.88	 2010	 6	 28	 0	 0	 0.000000
 23.51	 2010	 6	 29	 0	 0	 0.000000
 23.73	 2010	 6	 30	 0	 0	 0.000000
 23.64	 2010	 7	 1	 0	 0	 0.000000
 23.71	 2010	 7	 2	 0	 0	 0.000000
 23.9	 2010	 7	 3	 0	 0	 0.000000
 23.98	 2010	 7	 4	 0	 0	 0.000000
 25.15	 2010	 7	 5	 0	 0	 0.000000
 25.89	 2010	 7	 6	 0	 0	 0.000000
 25.18	 2010	 7	 7	 0	 0	 0.000000
 25.08	 2010	 7	 8	 0	 0	 0.000000
 24.76	 2010	 7	 9	 0	 0	 0.000000
 24.78	 2010	 7	 10	 0	 0	 0.000000
 25.19	 2010	 7	 11	 0	 0	 0.000000
 25.32	 2010	 7	 12	 0	 0	 0.000000
 25.24	 2010	 7	 13	 0	 0	 0.000000
 25.08	 2010	 7	 14	 0	 0	 0.000000
 26.09	 2010	 7	 15	 0	 0	 0.000000
 26.68	 2010	 7	 16	 0	 0	 0.000000
 26.73	 2010	 7	 17	 0	 0	 0.000000
 26.23	 2010	 7	 18	 0	 0	 0.000000
 25.83	 2010	 7	 19	 0	 0	 0.000000
 25.76	 2010	 7	 20	 0	 0	 0.000000
 25.93	 2010	 7	 21	 0	 0	 0.000000
 26.39	 2010	 7	 22	 0	 0	 0.000000
 26.44	 2010	 7	 23	 0	 0	 0.000000
 26.08	 2010	 7	 24	 0	 0	 0.000000
 25.66	 2010	 7	 25	 0	 0	 0.000000
 26.05	 2010	 7	 26	 0	 0	 0.000000
 26.48	 2010	 7	 27	 0	 0	 0.000000
 26.53	 2010	 7	 28	 0	 0	 0.000000
 26.57	 2010	 7	 29	 0	 0	 0.000000
 27.07	 2010	 7	 30	 0	 0	 0.000000
 27.4	 2010	 7	 31	 0	 0	 0.000000
 27.37	 2010	 8	 1	 0	 0	 0.000000
 27.42	 2010	 8	 2	 0	 0	 0.000000
 27.92	 2010	 8	 3	 0	 0	 0.000000
 27.86	 2010	 8	 4	 0	 0	 0.000000
 27.93	 2010	 8	 5	 0	 0	 0.000000
 27.92	 2010	 8	 6	 0	 0	 0.000000
 28.24	 2010	 8	 7	 0	 0	 0.000000
 28.1	 2010	 8	 8	 0	 0	 0.000000
 28.15	 2010	 8	 9	 0	 0	 0.000000
 28.19	 2010	 8	 10	 0	 0	 0.000000
 28.26	 2010	 8	 11	 0	 0	 0.000000
 28.37	 2010	 8	 12	 0	 0	 0.000000
 28.64	 2010	 8	 13	 0	 0	 0.000000
 28.69	 2010	 8	 14	 0	 0	 0.000000
 28.49	 2010	 8	 15	 0	 0	 0.000000
 27.85	 2010	 8	 16	 0	 0	 0.000000
 27.71	 2010	 8	 17	 0	 0	 0.000000
 27.35	 2010	 8	 18	 0	 0	 0.000000
 27.37	 2010	 8	 19	 0	 0	 0.000000
 27.3	 2010	 8	 20	 0	 0	 0.000000
 27.07	 2010	 8	 21	 0	 0	 0.000000
 26.94	 2010	 8	 22	 0	 0	 0.000000
 27.15	 2010	 8	 23	 0	 0	 0.000000
 26.8	 2010	 8	 24	 0	 0	 0.000000
 26.79	 2010	 8	 25	 0	 0	 0.000000
 26.31	 2010	 8	 26	 0	 0	 0.000000
 26.7	 2010	 8	 27	 0	 0	 0.000000
 27.27	 2010	 8	 28	 0	 0	 0.000000
 27.61	 2010	 8	 29	 0	 0	 0.000000
 27.68	 2010	 8	 30	 0	 0	 0.000000
 27.79	 2010	 8	 31	 0	 0	 0.000000
 27.9	 2010	 9	 1	 0	 0	 0.000000
 27.18	 2010	 9	 2	 0	 0	 0.000000
 25.65	 2010	 9	 3	 0	 0	 0.000000
 25.15	 2010	 9	 4	 0	 0	 0.000000
 25.39	 2010	 9	 5	 0	 0	 0.000000
 25.44	 2010	 9	 6	 0	 0	 0.000000
 25.45	 2010	 9	 7	 0	 0	 0.000000
 25.68	 2010	 9	 8	 0	 0	 0.000000
 25.75	 2010	 9	 9	 0	 0	 0.000000
 25.38	 2010	 9	 10	 0	 0	 0.000000
 25.03	 2010	 9	 11	 0	 0	 0.000000
 24.97	 2010	 9	 12	 0	 0	 0.000000
 24.98	 2010	 9	 13	 0	 0	 0.000000
 24.27	 2010	 9	 14	 0	 0	 0.000000
 24.03	 2010	 9	 15	 0	 0	 0.000000
 23.43	 2010	 9	 16	 0	 0	 0.000000
 23.68	 2010	 9	 17	 0	 0	 0.000000
 24.09	 2010	 9	 18	 0	 0	 0.000000
 24.82	 2010	 9	 19	 0	 0	 0.000000
 24.96	 2010	 9	 20	 0	 0	 0.000000
 25.1	 2010	 9	 21	 0	 0	 0.000000
 24.77	 2010	 9	 22	 0	 0	 0.000000
 24.56	 2010	 9	 23	 0	 0	 0.000000
 24.49	 2010	 9	 24	 0	 0	 0.000000
 24.74	 2010	 9	 25	 0	 0	 0.000000
 24.85	 2010	 9	 26	 0	 0	 0.000000
 25.16	 2010	 9	 27	 0	 0	 0.000000
 25.15	 2010	 9	 28	 0	 0	 0.000000
 24.7	 2010	 9	 29	 0	 0	 0.000000
 24.03	 2010	 9	 30	 0	 0	 0.000000
 23.52	 2010	 10	 1	 0	 0	 0.000000
 23.42	 2010	 10	 2	 0	 0	 0.000000
 22.68	 2010	 10	 3	 0	 0	 0.000000
 22.17	 2010	 10	 4	 0	 0	 0.000000
 22.29	 2010	 10	 5	 0	 0	 0.000000
 22.48	 2010	 10	 6	 0	 0	 0.000000
 22.27	 2010	 10	 7	 0	 0	 0.000000
 21.92	 2010	 10	 8	 0	 0	 0.000000
 21.67	 2010	 10	 9	 0	 0	 0.000000
 21.48	 2010	 10	 10	 0	 0	 0.000000
 21.02	 2010	 10	 11	 0	 0	 0.000000
 21.07	 2010	 10	 12	 0	 0	 0.000000
 21.05	 2010	 10	 13	 0	 0	 0.000000
 20.8	 2010	 10	 14	 0	 0	 0.000000
 19.71	 2010	 10	 15	 0	 0	 0.000000
 19.63	 2010	 10	 16	 0	 0	 0.000000
 19.82	 2010	 10	 17	 0	 0	 0.000000
 19.88	 2010	 10	 18	 0	 0	 0.000000
 19.82	 2010	 10	 19	 0	 0	 0.000000
 20.11	 2010	 10	 20	 0	 0	 0.000000
 20.2	 2010	 10	 21	 0	 0	 0.000000
 20.07	 2010	 10	 22	 0	 0	 0.000000
 19.38	 2010	 10	 23	 0	 0	 0.000000
 19.08	 2010	 10	 24	 0	 0	 0.000000
 19.12	 2010	 10	 25	 0	 0	 0.000000
 19.2	 2010	 10	 26	 0	 0	 0.000000
 19.23	 2010	 10	 27	 0	 0	 0.000000
 19.06	 2010	 10	 28	 0	 0	 0.000000
 18.64	 2010	 10	 29	 0	 0	 0.000000
 18.05	 2010	 10	 30	 0	 0	 0.000000
 18.07	 2010	 10	 31	 0	 0	 0.000000
 18.08	 2010	 11	 1	 0	 0	 0.000000
 17.74	 2010	 11	 2	 0	 0	 0.000000
 17.53	 2010	 11	 3	 0	 0	 0.000000
 17.39	 2010	 11	 4	 0	 0	 0.000000
 17.28	 2010	 11	 5	 0	 0	 0.000000
 17.53	 2010	 11	 6	 0	 0	 0.000000
 17.86	 2010	 11	 7	 0	 0	 0.000000
 17.87	 2010	 11	 8	 0	 0	 0.000000
 17.81	 2010	 11	 9	 0	 0	 0.000000
 17.61	 2010	 11	 10	 0	 0	 0.000000
 17.47	 2010	 11	 11	 0	 0	 0.000000
 17.4	 2010	 11	 12	 0	 0	 0.000000
 17.08	 2010	 11	 13	 0	 0	 0.000000
 16.88	 2010	 11	 14	 0	 0	 0.000000
 16.95	 2010	 11	 15	 0	 0	 0.000000
 17.09	 2010	 11	 16	 0	 0	 0.000000
 16.89	 2010	 11	 17	 0	 0	 0.000000
 16.6	 2010	 11	 18	 0	 0	 0.000000
 16.4	 2010	 11	 19	 0	 0	 0.000000
 15.73	 2010	 11	 20	 0	 0	 0.000000
 15.68	 2010	 11	 21	 0	 0	 0.000000
 15.7	 2010	 11	 22	 0	 0	 0.000000
 15.65	 2010	 11	 23	 0	 0	 0.000000
 15.66	 2010	 11	 24	 0	 0	 0.000000
 15.68	 2010	 11	 25	 0	 0	 0.000000
 15.66	 2010	 11	 26	 0	 0	 0.000000
 15.67	 2010	 11	 27	 0	 0	 0.000000
 15.99	 2010	 11	 28	 0	 0	 0.000000
 16.01	 2010	 11	 29	 0	 0	 0.000000
 15.99	 2010	 11	 30	 0	 0	 0.000000
 15.87	 2010	 12	 1	 0	 0	 0.000000
 16.37	 2010	 12	 2	 0	 0	 0.000000
 16.28	 2010	 12	 3	 0	 0	 0.000000
 16.15	 2010	 12	 4	 0	 0	 0.000000
 15.71	 2010	 12	 5	 0	 0	 0.000000
 15.38	 2010	 12	 6	 0	 0	 0.000000
 15.15	 2010	 12	 7	 0	 0	 0.000000
 15.08	 2010	 12	 8	 0	 0	 0.000000
 15.07	 2010	 12	 9	 0	 0	 0.000000
 15.08	 2010	 12	 10	 0	 0	 0.000000
 14.94	 2010	 12	 11	 0	 0	 0.000000
 14.16	 2010	 12	 12	 0	 0	 0.000000
 14.19	 2010	 12	 13	 0	 0	 0.000000
 14.22	 2010	 12	 14	 0	 0	 0.000000
 14.06	 2010	 12	 15	 0	 0	 0.000000
 13.91	 2010	 12	 16	 0	 0	 0.000000
 13.52	 2010	 12	 17	 0	 0	 0.000000
 13.54	 2010	 12	 18	 0	 0	 0.000000
 13.54	 2010	 12	 19	 0	 0	 0.000000
 13.52	 2010	 12	 20	 0	 0	 0.000000
 13.53	 2010	 12	 21	 0	 0	 0.000000
 13.51	 2010	 12	 22	 0	 0	 0.000000
 13.55	 2010	 12	 23	 0	 0	 0.000000
 13.79	 2010	 12	 24	 0	 0	 0.000000
 13.92	 2010	 12	 25	 0	 0	 0.000000
 13.85	 2010	 12	 26	 0	 0	 0.000000
 13.04	 2010	 12	 27	 0	 0	 0.000000
 12.98	 2010	 12	 28	 0	 0	 0.000000
 12.87	 2010	 12	 29	 0	 0	 0.000000
 12.77	 2010	 12	 30	 0	 0	 0.000000
 12.29	 2010	 12	 31	 0	 0	 0.000000
 12.4	 2011	 1	 1	 0	 0	 0.000000
 12.63	 2011	 1	 2	 0	 0	 0.000000
 12.61	 2011	 1	 3	 0	 0	 0.000000
 12.5	 2011	 1	 4	 0	 0	 0.000000
 12.36	 2011	 1	 5	 0	 0	 0.000000
 12.26	 2011	 1	 6	 0	 0	 0.000000
 12.25	 2011	 1	 7	 0	 0	 0.000000
 11.79	 2011	 1	 8	 0	 0	 0.000000
 11.81	 2011	 1	 9	 0	 0	 0.000000
 11.94	 2011	 1	 10	 0	 0	 0.000000
 12.06	 2011	 1	 11	 0	 0	 0.000000
 12.04	 2011	 1	 12	 0	 0	 0.000000
 12.29	 2011	 1	 13	 0	 0	 0.000000
 12.39	 2011	 1	 14	 0	 0	 0.000000
 11.87	 2011	 1	 15	 0	 0	 0.000000
 11.25	 2011	 1	 16	 0	 0	 0.000000
 11.17	 2011	 1	 17	 0	 0	 0.000000
 11.39	 2011	 1	 18	 0	 0	 0.000000
 11.49	 2011	 1	 19	 0	 0	 0.000000
 11.04	 2011	 1	 20	 0	 0	 0.000000
 10.91	 2011	 1	 21	 0	 0	 0.000000
 11.14	 2011	 1	 22	 0	 0	 0.000000
 11.3	 2011	 1	 23	 0	 0	 0.000000
 11.18	 2011	 1	 24	 0	 0	 0.000000
 10.86	 2011	 1	 25	 0	 0	 0.000000
 10.64	 2011	 1	 26	 0	 0	 0.000000
 10.42	 2011	 1	 27	 0	 0	 0.000000
 10.66	 2011	 1	 28	 0	 0	 0.000000
 10.81	 2011	 1	 29	 0	 0	 0.000000
 10.64	 2011	 1	 30	 0	 0	 0.000000
 10.41	 2011	 1	 31	 0	 0	 0.000000
 10.35	 2011	 2	 1	 0	 0	 0.000000
 10.19	 2011	 2	 2	 0	 0	 0.000000
 10.02	 2011	 2	 3	 0	 0	 0.000000
 9.96	 2011	 2	 4	 0	 0	 0.000000
 9.89	 2011	 2	 5	 0	 0	 0.000000
 10.31	 2011	 2	 6	 0	 0	 0.000000
 10.39	 2011	 2	 7	 0	 0	 0.000000
 10.38	 2011	 2	 8	 0	 0	 0.000000
 10.24	 2011	 2	 9	 0	 0	 0.000000
 9.99	 2011	 2	 10	 0	 0	 0.000000
 9.78	 2011	 2	 11	 0	 0	 0.000000
 9.74	 2011	 2	 12	 0	 0	 0.000000
 9.4	 2011	 2	 13	 0	 0	 0.000000
 9.28	 2011	 2	 14	 0	 0	 0.000000
 9.14	 2011	 2	 15	 0	 0	 0.000000
 9.23	 2011	 2	 16	 0	 0	 0.000000
 9.25	 2011	 2	 17	 0	 0	 0.000000
 9.2	 2011	 2	 18	 0	 0	 0.000000
 9.21	 2011	 2	 19	 0	 0	 0.000000
 9.24	 2011	 2	 20	 0	 0	 0.000000
 9.43	 2011	 2	 21	 0	 0	 0.000000
 9.49	 2011	 2	 22	 0	 0	 0.000000
 9.43	 2011	 2	 23	 0	 0	 0.000000
 9.69	 2011	 2	 24	 0	 0	 0.000000
 9.81	 2011	 2	 25	 0	 0	 0.000000
 9.81	 2011	 2	 26	 0	 0	 0.000000
 9.44	 2011	 2	 27	 0	 0	 0.000000
 9.45	 2011	 2	 28	 0	 0	 0.000000
 9.42	 2011	 3	 1	 0	 0	 0.000000
 9.2	 2011	 3	 2	 0	 0	 0.000000
 9.07	 2011	 3	 3	 0	 0	 0.000000
 9.23	 2011	 3	 4	 0	 0	 0.000000
 9.54	 2011	 3	 5	 0	 0	 0.000000
 9.34	 2011	 3	 6	 0	 0	 0.000000
 9.08	 2011	 3	 7	 0	 0	 0.000000
 8.96	 2011	 3	 8	 0	 0	 0.000000
 8.96	 2011	 3	 9	 0	 0	 0.000000
 8.96	 2011	 3	 10	 0	 0	 0.000000
 8.64	 2011	 3	 11	 0	 0	 0.000000
 8.84	 2011	 3	 12	 0	 0	 0.000000
 9.16	 2011	 3	 13	 0	 0	 0.000000
 9.4	 2011	 3	 14	 0	 0	 0.000000
 9.59	 2011	 3	 15	 0	 0	 0.000000
 9.57	 2011	 3	 16	 0	 0	 0.000000
 9.6	 2011	 3	 17	 0	 0	 0.000000
 9.56	 2011	 3	 18	 0	 0	 0.000000
 9.54	 2011	 3	 19	 0	 0	 0.000000
 9.76	 2011	 3	 20	 0	 0	 0.000000
 9.79	 2011	 3	 21	 0	 0	 0.000000
 10.35	 2011	 3	 22	 0	 0	 0.000000
 10.31	 2011	 3	 23	 0	 0	 0.000000
 9.96	 2011	 3	 24	 0	 0	 0.000000
 9.62	 2011	 3	 25	 0	 0	 0.000000
 9.81	 2011	 3	 26	 0	 0	 0.000000
 9.93	 2011	 3	 27	 0	 0	 0.000000
 10.5	 2011	 3	 28	 0	 0	 0.000000
 10.53	 2011	 3	 29	 0	 0	 0.000000
 10.54	 2011	 3	 30	 0	 0	 0.000000
 10.71	 2011	 3	 31	 0	 0	 0.000000
 10.53	 2011	 4	 1	 0	 0	 0.000000
 10.56	 2011	 4	 2	 0	 0	 0.000000
 10.6	 2011	 4	 3	 0	 0	 0.000000
 10.3	 2011	 4	 4	 0	 0	 0.000000
 10.34	 2011	 4	 5	 0	 0	 0.000000
 10.39	 2011	 4	 6	 0	 0	 0.000000
 10.44	 2011	 4	 7	 0	 0	 0.000000
 10.51	 2011	 4	 8	 0	 0	 0.000000
 9.72	 2011	 4	 9	 0	 0	 0.000000
 9.61	 2011	 4	 10	 0	 0	 0.000000
 9.62	 2011	 4	 11	 0	 0	 0.000000
 9.78	 2011	 4	 12	 0	 0	 0.000000
 10.23	 2011	 4	 13	 0	 0	 0.000000
 9.1	 2011	 4	 14	 0	 0	 0.000000
 9.28	 2011	 4	 15	 0	 0	 0.000000
 9.38	 2011	 4	 16	 0	 0	 0.000000
 9.84	 2011	 4	 17	 0	 0	 0.000000
 10.2	 2011	 4	 18	 0	 0	 0.000000
 11.52	 2011	 4	 19	 0	 0	 0.000000
 11.6	 2011	 4	 20	 0	 0	 0.000000
 11.96	 2011	 4	 21	 0	 0	 0.000000
 12.5	 2011	 4	 22	 0	 0	 0.000000
 12.47	 2011	 4	 23	 0	 0	 0.000000
 11.7	 2011	 4	 24	 0	 0	 0.000000
 11.74	 2011	 4	 25	 0	 0	 0.000000
 12.32	 2011	 4	 26	 0	 0	 0.000000
 13.49	 2011	 4	 27	 0	 0	 0.000000
 12.9	 2011	 4	 28	 0	 0	 0.000000
 12.73	 2011	 4	 29	 0	 0	 0.000000
 12.39	 2011	 4	 30	 0	 0	 0.000000
 12.63	 2011	 5	 1	 0	 0	 0.000000
 12.86	 2011	 5	 2	 0	 0	 0.000000
 12.9	 2011	 5	 3	 0	 0	 0.000000
 13.37	 2011	 5	 4	 0	 0	 0.000000
 13.43	 2011	 5	 5	 0	 0	 0.000000
 13.6	 2011	 5	 6	 0	 0	 0.000000
 12.61	 2011	 5	 7	 0	 0	 0.000000
 12.48	 2011	 5	 8	 0	 0	 0.000000
 12.39	 2011	 5	 9	 0	 0	 0.000000
 12.55	 2011	 5	 10	 0	 0	 0.000000
 12.79	 2011	 5	 11	 0	 0	 0.000000
 12.87	 2011	 5	 12	 0	 0	 0.000000
 12.97	 2011	 5	 13	 0	 0	 0.000000
 13.63	 2011	 5	 14	 0	 0	 0.000000
 14.93	 2011	 5	 15	 0	 0	 0.000000
 15.77	 2011	 5	 16	 0	 0	 0.000000
 16.28	 2011	 5	 17	 0	 0	 0.000000
 16.87	 2011	 5	 18	 0	 0	 0.000000
 17.03	 2011	 5	 19	 0	 0	 0.000000
 16.17	 2011	 5	 20	 0	 0	 0.000000
 16.14	 2011	 5	 21	 0	 0	 0.000000
 16.27	 2011	 5	 22	 0	 0	 0.000000
 17.43	 2011	 5	 23	 0	 0	 0.000000
 17.8	 2011	 5	 24	 0	 0	 0.000000
 18.65	 2011	 5	 25	 0	 0	 0.000000
 19.25	 2011	 5	 26	 0	 0	 0.000000
 19.64	 2011	 5	 27	 0	 0	 0.000000
 19.64	 2011	 5	 28	 0	 0	 0.000000
 19.96	 2011	 5	 29	 0	 0	 0.000000
 19.83	 2011	 5	 30	 0	 0	 0.000000
 20.37	 2011	 5	 31	 0	 0	 0.000000
 20.59	 2011	 6	 1	 0	 0	 0.000000
 20.25	 2011	 6	 2	 0	 0	 0.000000
 20.75	 2011	 6	 3	 0	 0	 0.000000
 20.63	 2011	 6	 4	 0	 0	 0.000000
 21.43	 2011	 6	 5	 0	 0	 0.000000
 21.67	 2011	 6	 6	 0	 0	 0.000000
 21.55	 2011	 6	 7	 0	 0	 0.000000
 21.9	 2011	 6	 8	 0	 0	 0.000000
 22.17	 2011	 6	 9	 0	 0	 0.000000
 21.88	 2011	 6	 10	 0	 0	 0.000000
 21.83	 2011	 6	 11	 0	 0	 0.000000
 21.64	 2011	 6	 12	 0	 0	 0.000000
 21.51	 2011	 6	 13	 0	 0	 0.000000
 21.37	 2011	 6	 14	 0	 0	 0.000000
 21.86	 2011	 6	 15	 0	 0	 0.000000
 22.47	 2011	 6	 16	 0	 0	 0.000000
 22.36	 2011	 6	 17	 0	 0	 0.000000
 22.24	 2011	 6	 18	 0	 0	 0.000000
 22.31	 2011	 6	 19	 0	 0	 0.000000
 21.73	 2011	 6	 20	 0	 0	 0.000000
 22.02	 2011	 6	 21	 0	 0	 0.000000
 22.44	 2011	 6	 22	 0	 0	 0.000000
 22.45	 2011	 6	 23	 0	 0	 0.000000
 22.62	 2011	 6	 24	 0	 0	 0.000000
 23.09	 2011	 6	 25	 0	 0	 0.000000
 23.05	 2011	 6	 26	 0	 0	 0.000000
 23	 2011	 6	 27	 0	 0	 0.000000
 22.5	 2011	 6	 28	 0	 0	 0.000000
 21.26	 2011	 6	 29	 0	 0	 0.000000
 21.27	 2011	 6	 30	 0	 0	 0.000000
 21.7	 2011	 7	 1	 0	 0	 0.000000
 21.87	 2011	 7	 2	 0	 0	 0.000000
 22.41	 2011	 7	 3	 0	 0	 0.000000
 23.24	 2011	 7	 4	 0	 0	 0.000000
 23.22	 2011	 7	 5	 0	 0	 0.000000
 23.48	 2011	 7	 6	 0	 0	 0.000000
 23.47	 2011	 7	 7	 0	 0	 0.000000
 23.71	 2011	 7	 8	 0	 0	 0.000000
 24.52	 2011	 7	 9	 0	 0	 0.000000
 24.15	 2011	 7	 10	 0	 0	 0.000000
 23.85	 2011	 7	 11	 0	 0	 0.000000
 24.18	 2011	 7	 12	 0	 0	 0.000000
 24.41	 2011	 7	 13	 0	 0	 0.000000
 24.57	 2011	 7	 14	 0	 0	 0.000000
 25.55	 2011	 7	 15	 0	 0	 0.000000
 25.65	 2011	 7	 16	 0	 0	 0.000000
 24.67	 2011	 7	 17	 0	 0	 0.000000
 25.58	 2011	 7	 18	 0	 0	 0.000000
 25.5	 2011	 7	 19	 0	 0	 0.000000
 25.61	 2011	 7	 20	 0	 0	 0.000000
 26.08	 2011	 7	 21	 0	 0	 0.000000
 26.32	 2011	 7	 22	 0	 0	 0.000000
 25.99	 2011	 7	 23	 0	 0	 0.000000
 26.16	 2011	 7	 24	 0	 0	 0.000000
 26.57	 2011	 7	 25	 0	 0	 0.000000
 27.01	 2011	 7	 26	 0	 0	 0.000000
 27.31	 2011	 7	 27	 0	 0	 0.000000
 26.49	 2011	 7	 28	 0	 0	 0.000000
 27.11	 2011	 7	 29	 0	 0	 0.000000
 27.16	 2011	 7	 30	 0	 0	 0.000000
 27.01	 2011	 7	 31	 0	 0	 0.000000
 27.06	 2011	 8	 1	 0	 0	 0.000000
 27.39	 2011	 8	 2	 0	 0	 0.000000
 27	 2011	 8	 3	 0	 0	 0.000000
 26.61	 2011	 8	 4	 0	 0	 0.000000
 26.56	 2011	 8	 5	 0	 0	 0.000000
 26.3	 2011	 8	 6	 0	 0	 0.000000
 25.84	 2011	 8	 7	 0	 0	 0.000000
 25.78	 2011	 8	 8	 0	 0	 0.000000
 26.03	 2011	 8	 9	 0	 0	 0.000000
 26.48	 2011	 8	 10	 0	 0	 0.000000
 26.74	 2011	 8	 11	 0	 0	 0.000000
 26.78	 2011	 8	 12	 0	 0	 0.000000
 25.71	 2011	 8	 13	 0	 0	 0.000000
 25.4	 2011	 8	 14	 0	 0	 0.000000
 25.86	 2011	 8	 15	 0	 0	 0.000000
 26.42	 2011	 8	 16	 0	 0	 0.000000
 26.53	 2011	 8	 17	 0	 0	 0.000000
 26.04	 2011	 8	 18	 0	 0	 0.000000
 26.1	 2011	 8	 19	 0	 0	 0.000000
 26.15	 2011	 8	 20	 0	 0	 0.000000
 26.1	 2011	 8	 21	 0	 0	 0.000000
 25.75	 2011	 8	 22	 0	 0	 0.000000
 25.62	 2011	 8	 23	 0	 0	 0.000000
 25.47	 2011	 8	 24	 0	 0	 0.000000
 25.4	 2011	 8	 25	 0	 0	 0.000000
 25.5	 2011	 8	 26	 0	 0	 0.000000
 25.24	 2011	 8	 27	 0	 0	 0.000000
 25.22	 2011	 8	 28	 0	 0	 0.000000
 25.34	 2011	 8	 29	 0	 0	 0.000000
 25.36	 2011	 8	 30	 0	 0	 0.000000
 25.24	 2011	 8	 31	 0	 0	 0.000000
 25.11	 2011	 9	 1	 0	 0	 0.000000
 25.1	 2011	 9	 2	 0	 0	 0.000000
 25.32	 2011	 9	 3	 0	 0	 0.000000
 25.32	 2011	 9	 4	 0	 0	 0.000000
 25.39	 2011	 9	 5	 0	 0	 0.000000
 25.17	 2011	 9	 6	 0	 0	 0.000000
 25.01	 2011	 9	 7	 0	 0	 0.000000
 25.08	 2011	 9	 8	 0	 0	 0.000000
 24.99	 2011	 9	 9	 0	 0	 0.000000
 24.61	 2011	 9	 10	 0	 0	 0.000000
 24.06	 2011	 9	 11	 0	 0	 0.000000
 23.79	 2011	 9	 12	 0	 0	 0.000000
 24.03	 2011	 9	 13	 0	 0	 0.000000
 24.18	 2011	 9	 14	 0	 0	 0.000000
 24.1	 2011	 9	 15	 0	 0	 0.000000
 23.94	 2011	 9	 16	 0	 0	 0.000000
 23.93	 2011	 9	 17	 0	 0	 0.000000
 23.94	 2011	 9	 18	 0	 0	 0.000000
 23.93	 2011	 9	 19	 0	 0	 0.000000
 23.81	 2011	 9	 20	 0	 0	 0.000000
 23.79	 2011	 9	 21	 0	 0	 0.000000
 23.78	 2011	 9	 22	 0	 0	 0.000000
 23.88	 2011	 9	 23	 0	 0	 0.000000
 23.08	 2011	 9	 24	 0	 0	 0.000000
 22.84	 2011	 9	 25	 0	 0	 0.000000
 22.68	 2011	 9	 26	 0	 0	 0.000000
 22.75	 2011	 9	 27	 0	 0	 0.000000
 22.96	 2011	 9	 28	 0	 0	 0.000000
 22.94	 2011	 9	 29	 0	 0	 0.000000
 22.47	 2011	 9	 30	 0	 0	 0.000000
 22.31	 2011	 10	 1	 0	 0	 0.000000
 21.54	 2011	 10	 2	 0	 0	 0.000000
 20.63	 2011	 10	 3	 0	 0	 0.000000
 20.85	 2011	 10	 4	 0	 0	 0.000000
 20.96	 2011	 10	 5	 0	 0	 0.000000
 21.15	 2011	 10	 6	 0	 0	 0.000000
 21.27	 2011	 10	 7	 0	 0	 0.000000
 21.25	 2011	 10	 8	 0	 0	 0.000000
 21.03	 2011	 10	 9	 0	 0	 0.000000
 20.37	 2011	 10	 10	 0	 0	 0.000000
 20.63	 2011	 10	 11	 0	 0	 0.000000
 20.67	 2011	 10	 12	 0	 0	 0.000000
 19.93	 2011	 10	 13	 0	 0	 0.000000
 19.64	 2011	 10	 14	 0	 0	 0.000000
 19.48	 2011	 10	 15	 0	 0	 0.000000
 19.5	 2011	 10	 16	 0	 0	 0.000000
 19.71	 2011	 10	 17	 0	 0	 0.000000
 19.12	 2011	 10	 18	 0	 0	 0.000000
 18.56	 2011	 10	 19	 0	 0	 0.000000
 18.43	 2011	 10	 20	 0	 0	 0.000000
 18.19	 2011	 10	 21	 0	 0	 0.000000
 18.19	 2011	 10	 22	 0	 0	 0.000000
 18.21	 2011	 10	 23	 0	 0	 0.000000
 18.41	 2011	 10	 24	 0	 0	 0.000000
 18.4	 2011	 10	 25	 0	 0	 0.000000
 18.52	 2011	 10	 26	 0	 0	 0.000000
 18.61	 2011	 10	 27	 0	 0	 0.000000
 18.53	 2011	 10	 28	 0	 0	 0.000000
 18.3	 2011	 10	 29	 0	 0	 0.000000
 18.12	 2011	 10	 30	 0	 0	 0.000000
 18.05	 2011	 10	 31	 0	 0	 0.000000
 17.97	 2011	 11	 1	 0	 0	 0.000000
 17.81	 2011	 11	 2	 0	 0	 0.000000
 17.7	 2011	 11	 3	 0	 0	 0.000000
 17.76	 2011	 11	 4	 0	 0	 0.000000
 17.68	 2011	 11	 5	 0	 0	 0.000000
 17.44	 2011	 11	 6	 0	 0	 0.000000
 17.6	 2011	 11	 7	 0	 0	 0.000000
 17.5	 2011	 11	 8	 0	 0	 0.000000
 16.78	 2011	 11	 9	 0	 0	 0.000000
 16.24	 2011	 11	 10	 0	 0	 0.000000
 15.18	 2011	 11	 11	 0	 0	 0.000000
 14.74	 2011	 11	 12	 0	 0	 0.000000
 14.42	 2011	 11	 13	 0	 0	 0.000000
 14.97	 2011	 11	 14	 0	 0	 0.000000
 15.07	 2011	 11	 15	 0	 0	 0.000000
 14.94	 2011	 11	 16	 0	 0	 0.000000
 14.64	 2011	 11	 17	 0	 0	 0.000000
 14.77	 2011	 11	 18	 0	 0	 0.000000
 14.55	 2011	 11	 19	 0	 0	 0.000000
 14.44	 2011	 11	 20	 0	 0	 0.000000
 14.33	 2011	 11	 21	 0	 0	 0.000000
 14.04	 2011	 11	 22	 0	 0	 0.000000
 14.15	 2011	 11	 23	 0	 0	 0.000000
 14.05	 2011	 11	 24	 0	 0	 0.000000
 14.01	 2011	 11	 25	 0	 0	 0.000000
 13.2	 2011	 11	 26	 0	 0	 0.000000
 13.52	 2011	 11	 27	 0	 0	 0.000000
 13.67	 2011	 11	 28	 0	 0	 0.000000
 13.38	 2011	 11	 29	 0	 0	 0.000000
 12.77	 2011	 11	 30	 0	 0	 0.000000
 12.52	 2011	 12	 1	 0	 0	 0.000000
 12.43	 2011	 12	 2	 0	 0	 0.000000
 12.74	 2011	 12	 3	 0	 0	 0.000000
 13.02	 2011	 12	 4	 0	 0	 0.000000
 13.04	 2011	 12	 5	 0	 0	 0.000000
 12.94	 2011	 12	 6	 0	 0	 0.000000
 12.84	 2011	 12	 7	 0	 0	 0.000000
 12.76	 2011	 12	 8	 0	 0	 0.000000
 12.21	 2011	 12	 9	 0	 0	 0.000000
 12.14	 2011	 12	 10	 0	 0	 0.000000
 11.97	 2011	 12	 11	 0	 0	 0.000000
 12.05	 2011	 12	 12	 0	 0	 0.000000
 12.15	 2011	 12	 13	 0	 0	 0.000000
 12.35	 2011	 12	 14	 0	 0	 0.000000
 12.36	 2011	 12	 15	 0	 0	 0.000000
 12.32	 2011	 12	 16	 0	 0	 0.000000
 12.19	 2011	 12	 17	 0	 0	 0.000000
 12.04	 2011	 12	 18	 0	 0	 0.000000
 11.97	 2011	 12	 19	 0	 0	 0.000000
 11.89	 2011	 12	 20	 0	 0	 0.000000
 11.54	 2011	 12	 21	 0	 0	 0.000000
 11.42	 2011	 12	 22	 0	 0	 0.000000
 11.41	 2011	 12	 23	 0	 0	 0.000000
 11.28	 2011	 12	 24	 0	 0	 0.000000
 10.89	 2011	 12	 25	 0	 0	 0.000000
 10.76	 2011	 12	 26	 0	 0	 0.000000
 10.76	 2011	 12	 27	 0	 0	 0.000000
 11.29	 2011	 12	 28	 0	 0	 0.000000
 11.48	 2011	 12	 29	 0	 0	 0.000000
 11.56	 2011	 12	 30	 0	 0	 0.000000
 11.47	 2011	 12	 31	 0	 0	 0.000000
 11.41	 2012	 1	 1	 0	 0	 0.000000
 11.32	 2012	 1	 2	 0	 0	 0.000000
 11.12	 2012	 1	 3	 0	 0	 0.000000
 11.16	 2012	 1	 4	 0	 0	 0.000000
 11.32	 2012	 1	 5	 0	 0	 0.000000
 11.39	 2012	 1	 6	 0	 0	 0.000000
 11.39	 2012	 1	 7	 0	 0	 0.000000
 11.37	 2012	 1	 8	 0	 0	 0.000000
 11.06	 2012	 1	 9	 0	 0	 0.000000
 10.94	 2012	 1	 10	 0	 0	 0.000000
 10.96	 2012	 1	 11	 0	 0	 0.000000
 10.97	 2012	 1	 12	 0	 0	 0.000000
 10.96	 2012	 1	 13	 0	 0	 0.000000
 10.94	 2012	 1	 14	 0	 0	 0.000000
 10.86	 2012	 1	 15	 0	 0	 0.000000
 10.88	 2012	 1	 16	 0	 0	 0.000000
 10.38	 2012	 1	 17	 0	 0	 0.000000
 10.25	 2012	 1	 18	 0	 0	 0.000000
 10.2	 2012	 1	 19	 0	 0	 0.000000
 10.28	 2012	 1	 20	 0	 0	 0.000000
 10.31	 2012	 1	 21	 0	 0	 0.000000
 9.79	 2012	 1	 22	 0	 0	 0.000000
 9.58	 2012	 1	 23	 0	 0	 0.000000
 9.64	 2012	 1	 24	 0	 0	 0.000000
 9.66	 2012	 1	 25	 0	 0	 0.000000
 9.45	 2012	 1	 26	 0	 0	 0.000000
 9.33	 2012	 1	 27	 0	 0	 0.000000
 9.11	 2012	 1	 28	 0	 0	 0.000000
 8.87	 2012	 1	 29	 0	 0	 0.000000
 8.74	 2012	 1	 30	 0	 0	 0.000000
 8.78	 2012	 1	 31	 0	 0	 0.000000
 8.57	 2012	 2	 1	 0	 0	 0.000000
 8.82	 2012	 2	 2	 0	 0	 0.000000
 9.07	 2012	 2	 3	 0	 0	 0.000000
 9.37	 2012	 2	 4	 0	 0	 0.000000
 9.44	 2012	 2	 5	 0	 0	 0.000000
 9.37	 2012	 2	 6	 0	 0	 0.000000
 9.22	 2012	 2	 7	 0	 0	 0.000000
 8.61	 2012	 2	 8	 0	 0	 0.000000
 8.43	 2012	 2	 9	 0	 0	 0.000000
 8.45	 2012	 2	 10	 0	 0	 0.000000
 8.31	 2012	 2	 11	 0	 0	 0.000000
 8.71	 2012	 2	 12	 0	 0	 0.000000
 9.33	 2012	 2	 13	 0	 0	 0.000000
 9.32	 2012	 2	 14	 0	 0	 0.000000
 8.98	 2012	 2	 15	 0	 0	 0.000000
 8.79	 2012	 2	 16	 0	 0	 0.000000
 8.87	 2012	 2	 17	 0	 0	 0.000000
 8.89	 2012	 2	 18	 0	 0	 0.000000
 8.27	 2012	 2	 19	 0	 0	 0.000000
 8.14	 2012	 2	 20	 0	 0	 0.000000
 7.99	 2012	 2	 21	 0	 0	 0.000000
 7.75	 2012	 2	 22	 0	 0	 0.000000
 7.76	 2012	 2	 23	 0	 0	 0.000000
 7.71	 2012	 2	 24	 0	 0	 0.000000
 7.66	 2012	 2	 25	 0	 0	 0.000000
 7.72	 2012	 2	 26	 0	 0	 0.000000
 7.7	 2012	 2	 27	 0	 0	 0.000000
 7.66	 2012	 2	 28	 0	 0	 0.000000
 7.66	 2012	 2	 29	 0	 0	 0.000000
 7.67	 2012	 3	 1	 0	 0	 0.000000
 7.69	 2012	 3	 2	 0	 0	 0.000000
 7.77	 2012	 3	 3	 0	 0	 0.000000
 7.82	 2012	 3	 4	 0	 0	 0.000000
 7.6	 2012	 3	 5	 0	 0	 0.000000
 7.32	 2012	 3	 6	 0	 0	 0.000000
 7.19	 2012	 3	 7	 0	 0	 0.000000
 7.04	 2012	 3	 8	 0	 0	 0.000000
 7.2	 2012	 3	 9	 0	 0	 0.000000
 7.3	 2012	 3	 10	 0	 0	 0.000000
 7.37	 2012	 3	 11	 0	 0	 0.000000
 7.36	 2012	 3	 12	 0	 0	 0.000000
 7.2	 2012	 3	 13	 0	 0	 0.000000
 7.22	 2012	 3	 14	 0	 0	 0.000000
 6.83	 2012	 3	 15	 0	 0	 0.000000
 6.8	 2012	 3	 16	 0	 0	 0.000000
 6.98	 2012	 3	 17	 0	 0	 0.000000
 7.24	 2012	 3	 18	 0	 0	 0.000000
 7.66	 2012	 3	 19	 0	 0	 0.000000
 7.97	 2012	 3	 20	 0	 0	 0.000000
 7.78	 2012	 3	 21	 0	 0	 0.000000
 7.45	 2012	 3	 22	 0	 0	 0.000000
 7.5	 2012	 3	 23	 0	 0	 0.000000
 8.28	 2012	 3	 24	 0	 0	 0.000000
 8.38	 2012	 3	 25	 0	 0	 0.000000
 7.97	 2012	 3	 26	 0	 0	 0.000000
 7.56	 2012	 3	 27	 0	 0	 0.000000
 8.11	 2012	 3	 28	 0	 0	 0.000000
 8.29	 2012	 3	 29	 0	 0	 0.000000
 8.35	 2012	 3	 30	 0	 0	 0.000000
 8.74	 2012	 3	 31	 0	 0	 0.000000
 8.84	 2012	 4	 1	 0	 0	 0.000000
 8.92	 2012	 4	 2	 0	 0	 0.000000
 9.23	 2012	 4	 3	 0	 0	 0.000000
 10.42	 2012	 4	 4	 0	 0	 0.000000
 11.43	 2012	 4	 5	 0	 0	 0.000000
 11.48	 2012	 4	 6	 0	 0	 0.000000
 11.38	 2012	 4	 7	 0	 0	 0.000000
 11.18	 2012	 4	 8	 0	 0	 0.000000
 11.21	 2012	 4	 9	 0	 0	 0.000000
 11.13	 2012	 4	 10	 0	 0	 0.000000
 10.66	 2012	 4	 11	 0	 0	 0.000000
 11.16	 2012	 4	 12	 0	 0	 0.000000
 11.83	 2012	 4	 13	 0	 0	 0.000000
 12.3	 2012	 4	 14	 0	 0	 0.000000
 12.6	 2012	 4	 15	 0	 0	 0.000000
 12.29	 2012	 4	 16	 0	 0	 0.000000
 12.17	 2012	 4	 17	 0	 0	 0.000000
 12.14	 2012	 4	 18	 0	 0	 0.000000
 12.96	 2012	 4	 19	 0	 0	 0.000000
 13.2	 2012	 4	 20	 0	 0	 0.000000
 13.4	 2012	 4	 21	 0	 0	 0.000000
 13.28	 2012	 4	 22	 0	 0	 0.000000
 13.85	 2012	 4	 23	 0	 0	 0.000000
 13.42	 2012	 4	 24	 0	 0	 0.000000
 13.34	 2012	 4	 25	 0	 0	 0.000000
 13.73	 2012	 4	 26	 0	 0	 0.000000
 13.3	 2012	 4	 27	 0	 0	 0.000000
 13.76	 2012	 4	 28	 0	 0	 0.000000
 14.8	 2012	 4	 29	 0	 0	 0.000000
 15.37	 2012	 4	 30	 0	 0	 0.000000
 15.32	 2012	 5	 1	 0	 0	 0.000000
 15.82	 2012	 5	 2	 0	 0	 0.000000
 15.59	 2012	 5	 3	 0	 0	 0.000000
 15.17	 2012	 5	 4	 0	 0	 0.000000
 15.25	 2012	 5	 5	 0	 0	 0.000000
 15.38	 2012	 5	 6	 0	 0	 0.000000
 16.08	 2012	 5	 7	 0	 0	 0.000000
 16.61	 2012	 5	 8	 0	 0	 0.000000
 16.97	 2012	 5	 9	 0	 0	 0.000000
 16.92	 2012	 5	 10	 0	 0	 0.000000
 16.81	 2012	 5	 11	 0	 0	 0.000000
 17.29	 2012	 5	 12	 0	 0	 0.000000
 17.54	 2012	 5	 13	 0	 0	 0.000000
 19.19	 2012	 5	 14	 0	 0	 0.000000
 19.2	 2012	 5	 15	 0	 0	 0.000000
 19.16	 2012	 5	 16	 0	 0	 0.000000
 20.05	 2012	 5	 17	 0	 0	 0.000000
 19.96	 2012	 5	 18	 0	 0	 0.000000
 20.09	 2012	 5	 19	 0	 0	 0.000000
 19.96	 2012	 5	 20	 0	 0	 0.000000
 19.88	 2012	 5	 21	 0	 0	 0.000000
 19.91	 2012	 5	 22	 0	 0	 0.000000
 19.53	 2012	 5	 23	 0	 0	 0.000000
 18.98	 2012	 5	 24	 0	 0	 0.000000
 18.99	 2012	 5	 25	 0	 0	 0.000000
 18.36	 2012	 5	 26	 0	 0	 0.000000
 19.02	 2012	 5	 27	 0	 0	 0.000000
 19.97	 2012	 5	 28	 0	 0	 0.000000
 19.67	 2012	 5	 29	 0	 0	 0.000000
 19.49	 2012	 5	 30	 0	 0	 0.000000
 19.32	 2012	 5	 31	 0	 0	 0.000000
 19.42	 2012	 6	 1	 0	 0	 0.000000
 19.92	 2012	 6	 2	 0	 0	 0.000000
 20.35	 2012	 6	 3	 0	 0	 0.000000
 20.92	 2012	 6	 4	 0	 0	 0.000000
 22.01	 2012	 6	 5	 0	 0	 0.000000
 23.53	 2012	 6	 6	 0	 0	 0.000000
 22.95	 2012	 6	 7	 0	 0	 0.000000
 22.49	 2012	 6	 8	 0	 0	 0.000000
 22.93	 2012	 6	 9	 0	 0	 0.000000
 23.2	 2012	 6	 10	 0	 0	 0.000000
 23.5	 2012	 6	 11	 0	 0	 0.000000
 23.61	 2012	 6	 12	 0	 0	 0.000000
 24.07	 2012	 6	 13	 0	 0	 0.000000
 24.22	 2012	 6	 14	 0	 0	 0.000000
 24.49	 2012	 6	 15	 0	 0	 0.000000
 24.09	 2012	 6	 16	 0	 0	 0.000000
 23.73	 2012	 6	 17	 0	 0	 0.000000
 23.12	 2012	 6	 18	 0	 0	 0.000000
 22.69	 2012	 6	 19	 0	 0	 0.000000
 23.39	 2012	 6	 20	 0	 0	 0.000000
 23.91	 2012	 6	 21	 0	 0	 0.000000
 24.81	 2012	 6	 22	 0	 0	 0.000000
 25.3	 2012	 6	 23	 0	 0	 0.000000
 25.41	 2012	 6	 24	 0	 0	 0.000000
 25.79	 2012	 6	 25	 0	 0	 0.000000
 25.88	 2012	 6	 26	 0	 0	 0.000000
 26.04	 2012	 6	 27	 0	 0	 0.000000
 24.99	 2012	 6	 28	 0	 0	 0.000000
 24.44	 2012	 6	 29	 0	 0	 0.000000
 23.89	 2012	 6	 30	 0	 0	 0.000000
 23.66	 2012	 7	 1	 0	 0	 0.000000
 23.84	 2012	 7	 2	 0	 0	 0.000000
 23.41	 2012	 7	 3	 0	 0	 0.000000
 23.14	 2012	 7	 4	 0	 0	 0.000000
 23.09	 2012	 7	 5	 0	 0	 0.000000
 23.2	 2012	 7	 6	 0	 0	 0.000000
 23.27	 2012	 7	 7	 0	 0	 0.000000
 24.07	 2012	 7	 8	 0	 0	 0.000000
 24.5	 2012	 7	 9	 0	 0	 0.000000
 24.53	 2012	 7	 10	 0	 0	 0.000000
 24.69	 2012	 7	 11	 0	 0	 0.000000
 24.79	 2012	 7	 12	 0	 0	 0.000000
 25.19	 2012	 7	 13	 0	 0	 0.000000
 25.51	 2012	 7	 14	 0	 0	 0.000000
 25.55	 2012	 7	 15	 0	 0	 0.000000
 25.57	 2012	 7	 16	 0	 0	 0.000000
 25.52	 2012	 7	 17	 0	 0	 0.000000
 25.36	 2012	 7	 18	 0	 0	 0.000000
 25.29	 2012	 7	 19	 0	 0	 0.000000
 25.52	 2012	 7	 20	 0	 0	 0.000000
 25.76	 2012	 7	 21	 0	 0	 0.000000
 26.09	 2012	 7	 22	 0	 0	 0.000000
 26.82	 2012	 7	 23	 0	 0	 0.000000
 28.48	 2012	 7	 24	 0	 0	 0.000000
 28.75	 2012	 7	 25	 0	 0	 0.000000
 28.11	 2012	 7	 26	 0	 0	 0.000000
 27.83	 2012	 7	 27	 0	 0	 0.000000
 27.98	 2012	 7	 28	 0	 0	 0.000000
 27.46	 2012	 7	 29	 0	 0	 0.000000
 26.82	 2012	 7	 30	 0	 0	 0.000000
 27	 2012	 7	 31	 0	 0	 0.000000
 26.99	 2012	 8	 1	 0	 0	 0.000000
 27.2	 2012	 8	 2	 0	 0	 0.000000
 27.07	 2012	 8	 3	 0	 0	 0.000000
 27.17	 2012	 8	 4	 0	 0	 0.000000
 27.11	 2012	 8	 5	 0	 0	 0.000000
 26.8	 2012	 8	 6	 0	 0	 0.000000
 26.83	 2012	 8	 7	 0	 0	 0.000000
 27.18	 2012	 8	 8	 0	 0	 0.000000
 27.4	 2012	 8	 9	 0	 0	 0.000000
 27.37	 2012	 8	 10	 0	 0	 0.000000
 27.41	 2012	 8	 11	 0	 0	 0.000000
 27.69	 2012	 8	 12	 0	 0	 0.000000
 27.03	 2012	 8	 13	 0	 0	 0.000000
 26.64	 2012	 8	 14	 0	 0	 0.000000
 26.47	 2012	 8	 15	 0	 0	 0.000000
 26.7	 2012	 8	 16	 0	 0	 0.000000
 27.03	 2012	 8	 17	 0	 0	 0.000000
 27	 2012	 8	 18	 0	 0	 0.000000
 26.44	 2012	 8	 19	 0	 0	 0.000000
 25.94	 2012	 8	 20	 0	 0	 0.000000
 25.89	 2012	 8	 21	 0	 0	 0.000000
 25.41	 2012	 8	 22	 0	 0	 0.000000
 25.45	 2012	 8	 23	 0	 0	 0.000000
 25.58	 2012	 8	 24	 0	 0	 0.000000
 25.9	 2012	 8	 25	 0	 0	 0.000000
 25.79	 2012	 8	 26	 0	 0	 0.000000
 25.8	 2012	 8	 27	 0	 0	 0.000000
 25.6	 2012	 8	 28	 0	 0	 0.000000
 24.99	 2012	 8	 29	 0	 0	 0.000000
 25.14	 2012	 8	 30	 0	 0	 0.000000
 24.96	 2012	 8	 31	 0	 0	 0.000000
 24.44	 2012	 9	 1	 0	 0	 0.000000
 25.09	 2012	 9	 2	 0	 0	 0.000000
 25.24	 2012	 9	 3	 0	 0	 0.000000
 25.47	 2012	 9	 4	 0	 0	 0.000000
 25.36	 2012	 9	 5	 0	 0	 0.000000
 25.12	 2012	 9	 6	 0	 0	 0.000000
 24.69	 2012	 9	 7	 0	 0	 0.000000
 24.39	 2012	 9	 8	 0	 0	 0.000000
 24.54	 2012	 9	 9	 0	 0	 0.000000
 24.48	 2012	 9	 10	 0	 0	 0.000000
 24.03	 2012	 9	 11	 0	 0	 0.000000
 23.84	 2012	 9	 12	 0	 0	 0.000000
 23.78	 2012	 9	 13	 0	 0	 0.000000
 23.72	 2012	 9	 14	 0	 0	 0.000000
 23.92	 2012	 9	 15	 0	 0	 0.000000
 24.17	 2012	 9	 16	 0	 0	 0.000000
 24.24	 2012	 9	 17	 0	 0	 0.000000
 24.33	 2012	 9	 18	 0	 0	 0.000000
 24.38	 2012	 9	 19	 0	 0	 0.000000
 24.27	 2012	 9	 20	 0	 0	 0.000000
 24.57	 2012	 9	 21	 0	 0	 0.000000
 24.34	 2012	 9	 22	 0	 0	 0.000000
 24.04	 2012	 9	 23	 0	 0	 0.000000
 24.04	 2012	 9	 24	 0	 0	 0.000000
 24.21	 2012	 9	 25	 0	 0	 0.000000
 24.36	 2012	 9	 26	 0	 0	 0.000000
 24.67	 2012	 9	 27	 0	 0	 0.000000
 24.88	 2012	 9	 28	 0	 0	 0.000000
 24.85	 2012	 9	 29	 0	 0	 0.000000
 24.78	 2012	 9	 30	 0	 0	 0.000000
 24.74	 2012	 10	 1	 0	 0	 0.000000
 24.68	 2012	 10	 2	 0	 0	 0.000000
 24.66	 2012	 10	 3	 0	 0	 0.000000
 23.86	 2012	 10	 4	 0	 0	 0.000000
 23.63	 2012	 10	 5	 0	 0	 0.000000
 23.55	 2012	 10	 6	 0	 0	 0.000000
 23.45	 2012	 10	 7	 0	 0	 0.000000
 23.43	 2012	 10	 8	 0	 0	 0.000000
 22.51	 2012	 10	 9	 0	 0	 0.000000
 22.65	 2012	 10	 10	 0	 0	 0.000000
 22.45	 2012	 10	 11	 0	 0	 0.000000
 21.79	 2012	 10	 12	 0	 0	 0.000000
 21.85	 2012	 10	 13	 0	 0	 0.000000
 21.91	 2012	 10	 14	 0	 0	 0.000000
 21.8	 2012	 10	 15	 0	 0	 0.000000
 21.73	 2012	 10	 16	 0	 0	 0.000000
 21.73	 2012	 10	 17	 0	 0	 0.000000
 21.64	 2012	 10	 18	 0	 0	 0.000000
 21.32	 2012	 10	 19	 0	 0	 0.000000
 21.31	 2012	 10	 20	 0	 0	 0.000000
 21.3	 2012	 10	 21	 0	 0	 0.000000
 21.28	 2012	 10	 22	 0	 0	 0.000000
 20.97	 2012	 10	 23	 0	 0	 0.000000
 20.81	 2012	 10	 24	 0	 0	 0.000000
 20.71	 2012	 10	 25	 0	 0	 0.000000
 20.63	 2012	 10	 26	 0	 0	 0.000000
 20.65	 2012	 10	 27	 0	 0	 0.000000
 20.68	 2012	 10	 28	 0	 0	 0.000000
 20.7	 2012	 10	 29	 0	 0	 0.000000
 20.25	 2012	 10	 30	 0	 0	 0.000000
 20.02	 2012	 10	 31	 0	 0	 0.000000
 19.87	 2012	 11	 1	 0	 0	 0.000000
 19.51	 2012	 11	 2	 0	 0	 0.000000
 19.33	 2012	 11	 3	 0	 0	 0.000000
 19.36	 2012	 11	 4	 0	 0	 0.000000
 19.54	 2012	 11	 5	 0	 0	 0.000000
 19.63	 2012	 11	 6	 0	 0	 0.000000
 19.56	 2012	 11	 7	 0	 0	 0.000000
 19.19	 2012	 11	 8	 0	 0	 0.000000
 18.32	 2012	 11	 9	 0	 0	 0.000000
 18.18	 2012	 11	 10	 0	 0	 0.000000
 18.2	 2012	 11	 11	 0	 0	 0.000000
 18.31	 2012	 11	 12	 0	 0	 0.000000
 18.2	 2012	 11	 13	 0	 0	 0.000000
 17.8	 2012	 11	 14	 0	 0	 0.000000
 17.66	 2012	 11	 15	 0	 0	 0.000000
 17.7	 2012	 11	 16	 0	 0	 0.000000
 17.56	 2012	 11	 17	 0	 0	 0.000000
 17.35	 2012	 11	 18	 0	 0	 0.000000
 17.14	 2012	 11	 19	 0	 0	 0.000000
 16.87	 2012	 11	 20	 0	 0	 0.000000
 16.75	 2012	 11	 21	 0	 0	 0.000000
 16.66	 2012	 11	 22	 0	 0	 0.000000
 16.49	 2012	 11	 23	 0	 0	 0.000000
 16.35	 2012	 11	 24	 0	 0	 0.000000
 16.11	 2012	 11	 25	 0	 0	 0.000000
 16.03	 2012	 11	 26	 0	 0	 0.000000
 16.15	 2012	 11	 27	 0	 0	 0.000000
 16.31	 2012	 11	 28	 0	 0	 0.000000
 16.28	 2012	 11	 29	 0	 0	 0.000000
 16.03	 2012	 11	 30	 0	 0	 0.000000
 15.89	 2012	 12	 1	 0	 0	 0.000000
 15.31	 2012	 12	 2	 0	 0	 0.000000
 15.32	 2012	 12	 3	 0	 0	 0.000000
 15.19	 2012	 12	 4	 0	 0	 0.000000
 14.97	 2012	 12	 5	 0	 0	 0.000000
 14.79	 2012	 12	 6	 0	 0	 0.000000
 14.55	 2012	 12	 7	 0	 0	 0.000000
 14.52	 2012	 12	 8	 0	 0	 0.000000
 14.87	 2012	 12	 9	 0	 0	 0.000000
 14.99	 2012	 12	 10	 0	 0	 0.000000
 14.65	 2012	 12	 11	 0	 0	 0.000000
 13.99	 2012	 12	 12	 0	 0	 0.000000
 13.93	 2012	 12	 13	 0	 0	 0.000000
 13.26	 2012	 12	 14	 0	 0	 0.000000
 12.76	 2012	 12	 15	 0	 0	 0.000000
 12.73	 2012	 12	 16	 0	 0	 0.000000
 12.55	 2012	 12	 17	 0	 0	 0.000000
 12.49	 2012	 12	 18	 0	 0	 0.000000
 12.34	 2012	 12	 19	 0	 0	 0.000000
 12.2	 2012	 12	 20	 0	 0	 0.000000
 12.1	 2012	 12	 21	 0	 0	 0.000000
 12.09	 2012	 12	 22	 0	 0	 0.000000
 11.73	 2012	 12	 23	 0	 0	 0.000000
 11.78	 2012	 12	 24	 0	 0	 0.000000
 11.75	 2012	 12	 25	 0	 0	 0.000000
 11.93	 2012	 12	 26	 0	 0	 0.000000
 12.32	 2012	 12	 27	 0	 0	 0.000000
 12.35	 2012	 12	 28	 0	 0	 0.000000
 11.67	 2012	 12	 29	 0	 0	 0.000000
 11.64	 2012	 12	 30	 0	 0	 0.000000
 11.54	 2012	 12	 31	 0	 0	 0.000000
 11.47	 2013	 1	 1	 0	 0	 0.000000
 11.4	 2013	 1	 2	 0	 0	 0.000000
 11.53	 2013	 1	 3	 0	 0	 0.000000
 11.47	 2013	 1	 4	 0	 0	 0.000000
 10.91	 2013	 1	 5	 0	 0	 0.000000
 10.83	 2013	 1	 6	 0	 0	 0.000000
 10.44	 2013	 1	 7	 0	 0	 0.000000
 10.37	 2013	 1	 8	 0	 0	 0.000000
 10.61	 2013	 1	 9	 0	 0	 0.000000
 10.8	 2013	 1	 10	 0	 0	 0.000000
 10.96	 2013	 1	 11	 0	 0	 0.000000
 10.97	 2013	 1	 12	 0	 0	 0.000000
 10.25	 2013	 1	 13	 0	 0	 0.000000
 10.14	 2013	 1	 14	 0	 0	 0.000000
 10.14	 2013	 1	 15	 0	 0	 0.000000
 10.13	 2013	 1	 16	 0	 0	 0.000000
 9.85	 2013	 1	 17	 0	 0	 0.000000
 9.72	 2013	 1	 18	 0	 0	 0.000000
 9.6	 2013	 1	 19	 0	 0	 0.000000
 9.27	 2013	 1	 20	 0	 0	 0.000000
 9.35	 2013	 1	 21	 0	 0	 0.000000
 9.7	 2013	 1	 22	 0	 0	 0.000000
 10.04	 2013	 1	 23	 0	 0	 0.000000
 10.35	 2013	 1	 24	 0	 0	 0.000000
 10.4	 2013	 1	 25	 0	 0	 0.000000
 10.31	 2013	 1	 26	 0	 0	 0.000000
 10.16	 2013	 1	 27	 0	 0	 0.000000
 9.84	 2013	 1	 28	 0	 0	 0.000000
 9.74	 2013	 1	 29	 0	 0	 0.000000
 9.81	 2013	 1	 30	 0	 0	 0.000000
 9.89	 2013	 1	 31	 0	 0	 0.000000
 9.91	 2013	 2	 1	 0	 0	 0.000000
 9.62	 2013	 2	 2	 0	 0	 0.000000
 9.64	 2013	 2	 3	 0	 0	 0.000000
 10.04	 2013	 2	 4	 0	 0	 0.000000
 10.08	 2013	 2	 5	 0	 0	 0.000000
 10.39	 2013	 2	 6	 0	 0	 0.000000
 10.59	 2013	 2	 7	 0	 0	 0.000000
 10.74	 2013	 2	 8	 0	 0	 0.000000
 10.61	 2013	 2	 9	 0	 0	 0.000000
 10.34	 2013	 2	 10	 0	 0	 0.000000
 10.13	 2013	 2	 11	 0	 0	 0.000000
 10.44	 2013	 2	 12	 0	 0	 0.000000
 10.52	 2013	 2	 13	 0	 0	 0.000000
 10.58	 2013	 2	 14	 0	 0	 0.000000
 10.62	 2013	 2	 15	 0	 0	 0.000000
 10.58	 2013	 2	 16	 0	 0	 0.000000
 10.07	 2013	 2	 17	 0	 0	 0.000000
 9.89	 2013	 2	 18	 0	 0	 0.000000
 9.83	 2013	 2	 19	 0	 0	 0.000000
 9.83	 2013	 2	 20	 0	 0	 0.000000
 9.88	 2013	 2	 21	 0	 0	 0.000000
 9.85	 2013	 2	 22	 0	 0	 0.000000
 9.83	 2013	 2	 23	 0	 0	 0.000000
 10.54	 2013	 2	 24	 0	 0	 0.000000
 10.51	 2013	 2	 25	 0	 0	 0.000000
 10.38	 2013	 2	 26	 0	 0	 0.000000
 10.18	 2013	 2	 27	 0	 0	 0.000000
 10.2	 2013	 2	 28	 0	 0	 0.000000
 10.15	 2013	 3	 1	 0	 0	 0.000000
 10.12	 2013	 3	 2	 0	 0	 0.000000
 10.02	 2013	 3	 3	 0	 0	 0.000000
 9.26	 2013	 3	 4	 0	 0	 0.000000
 9.25	 2013	 3	 5	 0	 0	 0.000000
 9.35	 2013	 3	 6	 0	 0	 0.000000
 9.56	 2013	 3	 7	 0	 0	 0.000000
 9.52	 2013	 3	 8	 0	 0	 0.000000
 9.45	 2013	 3	 9	 0	 0	 0.000000
 9.16	 2013	 3	 10	 0	 0	 0.000000
 9.25	 2013	 3	 11	 0	 0	 0.000000
 9.4	 2013	 3	 12	 0	 0	 0.000000
 9.57	 2013	 3	 13	 0	 0	 0.000000
 10.03	 2013	 3	 14	 0	 0	 0.000000
 10.12	 2013	 3	 15	 0	 0	 0.000000
 10.06	 2013	 3	 16	 0	 0	 0.000000
 9.93	 2013	 3	 17	 0	 0	 0.000000
 9.5	 2013	 3	 18	 0	 0	 0.000000
 9.17	 2013	 3	 19	 0	 0	 0.000000
 9.2	 2013	 3	 20	 0	 0	 0.000000
 9.45	 2013	 3	 21	 0	 0	 0.000000
 9.65	 2013	 3	 22	 0	 0	 0.000000
 9.7	 2013	 3	 23	 0	 0	 0.000000
 9.31	 2013	 3	 24	 0	 0	 0.000000
 9.27	 2013	 3	 25	 0	 0	 0.000000
 9.28	 2013	 3	 26	 0	 0	 0.000000
 9.37	 2013	 3	 27	 0	 0	 0.000000
 9.51	 2013	 3	 28	 0	 0	 0.000000
 10.06	 2013	 3	 29	 0	 0	 0.000000
 10.14	 2013	 3	 30	 0	 0	 0.000000
 10.3	 2013	 3	 31	 0	 0	 0.000000
 10.87	 2013	 4	 1	 0	 0	 0.000000
 11.09	 2013	 4	 2	 0	 0	 0.000000
 11.53	 2013	 4	 3	 0	 0	 0.000000
 11.73	 2013	 4	 4	 0	 0	 0.000000
 11.88	 2013	 4	 5	 0	 0	 0.000000
 11.89	 2013	 4	 6	 0	 0	 0.000000
 11.85	 2013	 4	 7	 0	 0	 0.000000
 11.73	 2013	 4	 8	 0	 0	 0.000000
 11.71	 2013	 4	 9	 0	 0	 0.000000
 11.23	 2013	 4	 10	 0	 0	 0.000000
 11.03	 2013	 4	 11	 0	 0	 0.000000
 11.27	 2013	 4	 12	 0	 0	 0.000000
 11.8	 2013	 4	 13	 0	 0	 0.000000
 12.1	 2013	 4	 14	 0	 0	 0.000000
 12.3	 2013	 4	 15	 0	 0	 0.000000
 12.41	 2013	 4	 16	 0	 0	 0.000000
 11.61	 2013	 4	 17	 0	 0	 0.000000
 11.7	 2013	 4	 18	 0	 0	 0.000000
 11.71	 2013	 4	 19	 0	 0	 0.000000
 12.12	 2013	 4	 20	 0	 0	 0.000000
 12.36	 2013	 4	 21	 0	 0	 0.000000
 11.79	 2013	 4	 22	 0	 0	 0.000000
 12.04	 2013	 4	 23	 0	 0	 0.000000
 11.99	 2013	 4	 24	 0	 0	 0.000000
 12.28	 2013	 4	 25	 0	 0	 0.000000
 12.29	 2013	 4	 26	 0	 0	 0.000000
 12.05	 2013	 4	 27	 0	 0	 0.000000
 13.23	 2013	 4	 28	 0	 0	 0.000000
 14.17	 2013	 4	 29	 0	 0	 0.000000
 14.2	 2013	 4	 30	 0	 0	 0.000000
 15.39	 2013	 5	 1	 0	 0	 0.000000
 15.58	 2013	 5	 2	 0	 0	 0.000000
 15.63	 2013	 5	 3	 0	 0	 0.000000
 15.37	 2013	 5	 4	 0	 0	 0.000000
 15.24	 2013	 5	 5	 0	 0	 0.000000
 15.46	 2013	 5	 6	 0	 0	 0.000000
 15.9	 2013	 5	 7	 0	 0	 0.000000
 16.58	 2013	 5	 8	 0	 0	 0.000000
 17.66	 2013	 5	 9	 0	 0	 0.000000
 18.09	 2013	 5	 10	 0	 0	 0.000000
 18.18	 2013	 5	 11	 0	 0	 0.000000
 17.81	 2013	 5	 12	 0	 0	 0.000000
 17.47	 2013	 5	 13	 0	 0	 0.000000
 17.44	 2013	 5	 14	 0	 0	 0.000000
 17.92	 2013	 5	 15	 0	 0	 0.000000
 17.95	 2013	 5	 16	 0	 0	 0.000000
 18.34	 2013	 5	 17	 0	 0	 0.000000
 18.51	 2013	 5	 18	 0	 0	 0.000000
 19.02	 2013	 5	 19	 0	 0	 0.000000
 19.8	 2013	 5	 20	 0	 0	 0.000000
 20.14	 2013	 5	 21	 0	 0	 0.000000
 20.2	 2013	 5	 22	 0	 0	 0.000000
 20.16	 2013	 5	 23	 0	 0	 0.000000
 19.42	 2013	 5	 24	 0	 0	 0.000000
 19.83	 2013	 5	 25	 0	 0	 0.000000
 20.78	 2013	 5	 26	 0	 0	 0.000000
 20.96	 2013	 5	 27	 0	 0	 0.000000
 21	 2013	 5	 28	 0	 0	 0.000000
 21.37	 2013	 5	 29	 0	 0	 0.000000
 21.4	 2013	 5	 30	 0	 0	 0.000000
 21.06	 2013	 5	 31	 0	 0	 0.000000
 21.15	 2013	 6	 1	 0	 0	 0.000000
 21.34	 2013	 6	 2	 0	 0	 0.000000
 20.77	 2013	 6	 3	 0	 0	 0.000000
 21.16	 2013	 6	 4	 0	 0	 0.000000
 21.84	 2013	 6	 5	 0	 0	 0.000000
 21.79	 2013	 6	 6	 0	 0	 0.000000
 20.4	 2013	 6	 7	 0	 0	 0.000000
 20.54	 2013	 6	 8	 0	 0	 0.000000
 21.17	 2013	 6	 9	 0	 0	 0.000000
 21.01	 2013	 6	 10	 0	 0	 0.000000
 21.49	 2013	 6	 11	 0	 0	 0.000000
 21.63	 2013	 6	 12	 0	 0	 0.000000
 22.22	 2013	 6	 13	 0	 0	 0.000000
 22.81	 2013	 6	 14	 0	 0	 0.000000
 22.68	 2013	 6	 15	 0	 0	 0.000000
 22.49	 2013	 6	 16	 0	 0	 0.000000
 22.57	 2013	 6	 17	 0	 0	 0.000000
 23	 2013	 6	 18	 0	 0	 0.000000
 22.94	 2013	 6	 19	 0	 0	 0.000000
 22.49	 2013	 6	 20	 0	 0	 0.000000
 21.73	 2013	 6	 21	 0	 0	 0.000000
 21.63	 2013	 6	 22	 0	 0	 0.000000
 22.02	 2013	 6	 23	 0	 0	 0.000000
 22.27	 2013	 6	 24	 0	 0	 0.000000
 22.72	 2013	 6	 25	 0	 0	 0.000000
 23.11	 2013	 6	 26	 0	 0	 0.000000
 23.7	 2013	 6	 27	 0	 0	 0.000000
 24.22	 2013	 6	 28	 0	 0	 0.000000
 24.54	 2013	 6	 29	 0	 0	 0.000000
 24.56	 2013	 6	 30	 0	 0	 0.000000
 24.38	 2013	 7	 1	 0	 0	 0.000000
 24.31	 2013	 7	 2	 0	 0	 0.000000
 23.04	 2013	 7	 3	 0	 0	 0.000000
 22.33	 2013	 7	 4	 0	 0	 0.000000
 22.44	 2013	 7	 5	 0	 0	 0.000000
 22.64	 2013	 7	 6	 0	 0	 0.000000
 23.15	 2013	 7	 7	 0	 0	 0.000000
 23.95	 2013	 7	 8	 0	 0	 0.000000
 24.51	 2013	 7	 9	 0	 0	 0.000000
 24.6	 2013	 7	 10	 0	 0	 0.000000
 25.08	 2013	 7	 11	 0	 0	 0.000000
 25.13	 2013	 7	 12	 0	 0	 0.000000
 25.27	 2013	 7	 13	 0	 0	 0.000000
 25.39	 2013	 7	 14	 0	 0	 0.000000
 25.59	 2013	 7	 15	 0	 0	 0.000000
 25.69	 2013	 7	 16	 0	 0	 0.000000
 26.53	 2013	 7	 17	 0	 0	 0.000000
 26.71	 2013	 7	 18	 0	 0	 0.000000
 25.89	 2013	 7	 19	 0	 0	 0.000000
 25.75	 2013	 7	 20	 0	 0	 0.000000
 25.85	 2013	 7	 21	 0	 0	 0.000000
 25.64	 2013	 7	 22	 0	 0	 0.000000
 25.07	 2013	 7	 23	 0	 0	 0.000000
 25.28	 2013	 7	 24	 0	 0	 0.000000
 25.47	 2013	 7	 25	 0	 0	 0.000000
 25.99	 2013	 7	 26	 0	 0	 0.000000
 26.03	 2013	 7	 27	 0	 0	 0.000000
 25.07	 2013	 7	 28	 0	 0	 0.000000
 24.74	 2013	 7	 29	 0	 0	 0.000000
 24.46	 2013	 7	 30	 0	 0	 0.000000
 24.62	 2013	 7	 31	 0	 0	 0.000000
 24.93	 2013	 8	 1	 0	 0	 0.000000
 25	 2013	 8	 2	 0	 0	 0.000000
 25.03	 2013	 8	 3	 0	 0	 0.000000
 24.98	 2013	 8	 4	 0	 0	 0.000000
 24.84	 2013	 8	 5	 0	 0	 0.000000
 24.73	 2013	 8	 6	 0	 0	 0.000000
 24.88	 2013	 8	 7	 0	 0	 0.000000
 25.03	 2013	 8	 8	 0	 0	 0.000000
 24.95	 2013	 8	 9	 0	 0	 0.000000
 25.13	 2013	 8	 10	 0	 0	 0.000000
 25.33	 2013	 8	 11	 0	 0	 0.000000
 25.42	 2013	 8	 12	 0	 0	 0.000000
 25.65	 2013	 8	 13	 0	 0	 0.000000
 26.34	 2013	 8	 14	 0	 0	 0.000000
 26.39	 2013	 8	 15	 0	 0	 0.000000
 26.06	 2013	 8	 16	 0	 0	 0.000000
 26.04	 2013	 8	 17	 0	 0	 0.000000
 25.91	 2013	 8	 18	 0	 0	 0.000000
 26.03	 2013	 8	 19	 0	 0	 0.000000
 26.19	 2013	 8	 20	 0	 0	 0.000000
 26.28	 2013	 8	 21	 0	 0	 0.000000
 26.52	 2013	 8	 22	 0	 0	 0.000000
 26.26	 2013	 8	 23	 0	 0	 0.000000
 26.18	 2013	 8	 24	 0	 0	 0.000000
 26.26	 2013	 8	 25	 0	 0	 0.000000
 26.29	 2013	 8	 26	 0	 0	 0.000000
 26.34	 2013	 8	 27	 0	 0	 0.000000
 26.44	 2013	 8	 28	 0	 0	 0.000000
 26.4	 2013	 8	 29	 0	 0	 0.000000
 26.26	 2013	 8	 30	 0	 0	 0.000000
 26.05	 2013	 8	 31	 0	 0	 0.000000
 25.59	 2013	 9	 1	 0	 0	 0.000000
 25.78	 2013	 9	 2	 0	 0	 0.000000
 25.86	 2013	 9	 3	 0	 0	 0.000000
 25.69	 2013	 9	 4	 0	 0	 0.000000
 24.8	 2013	 9	 5	 0	 0	 0.000000
 24.63	 2013	 9	 6	 0	 0	 0.000000
 24.53	 2013	 9	 7	 0	 0	 0.000000
 24.55	 2013	 9	 8	 0	 0	 0.000000
 24.56	 2013	 9	 9	 0	 0	 0.000000
 24.65	 2013	 9	 10	 0	 0	 0.000000
 24.87	 2013	 9	 11	 0	 0	 0.000000
 25.03	 2013	 9	 12	 0	 0	 0.000000
 25.02	 2013	 9	 13	 0	 0	 0.000000
 24.86	 2013	 9	 14	 0	 0	 0.000000
 24.3	 2013	 9	 15	 0	 0	 0.000000
 24.26	 2013	 9	 16	 0	 0	 0.000000
 23.77	 2013	 9	 17	 0	 0	 0.000000
 23.59	 2013	 9	 18	 0	 0	 0.000000
 23.48	 2013	 9	 19	 0	 0	 0.000000
 23.49	 2013	 9	 20	 0	 0	 0.000000
 23.22	 2013	 9	 21	 0	 0	 0.000000
 22.38	 2013	 9	 22	 0	 0	 0.000000
 22.17	 2013	 9	 23	 0	 0	 0.000000
 21.26	 2013	 9	 24	 0	 0	 0.000000
 20.99	 2013	 9	 25	 0	 0	 0.000000
 21.22	 2013	 9	 26	 0	 0	 0.000000
 21.02	 2013	 9	 27	 0	 0	 0.000000
 20.72	 2013	 9	 28	 0	 0	 0.000000
 20.58	 2013	 9	 29	 0	 0	 0.000000
 20.45	 2013	 9	 30	 0	 0	 0.000000
 20.51	 2013	 10	 1	 0	 0	 0.000000
 20.48	 2013	 10	 2	 0	 0	 0.000000
 20.08	 2013	 10	 3	 0	 0	 0.000000
 19.89	 2013	 10	 4	 0	 0	 0.000000
 19.63	 2013	 10	 5	 0	 0	 0.000000
 19.51	 2013	 10	 6	 0	 0	 0.000000
 19.26	 2013	 10	 7	 0	 0	 0.000000
 19.44	 2013	 10	 8	 0	 0	 0.000000
 19.58	 2013	 10	 9	 0	 0	 0.000000
 19.63	 2013	 10	 10	 0	 0	 0.000000
 19.67	 2013	 10	 11	 0	 0	 0.000000
 19.71	 2013	 10	 12	 0	 0	 0.000000
 19.67	 2013	 10	 13	 0	 0	 0.000000
 19.68	 2013	 10	 14	 0	 0	 0.000000
 19.72	 2013	 10	 15	 0	 0	 0.000000
 19.74	 2013	 10	 16	 0	 0	 0.000000
 19.36	 2013	 10	 17	 0	 0	 0.000000
 19.2	 2013	 10	 18	 0	 0	 0.000000
 18.59	 2013	 10	 19	 0	 0	 0.000000
 18.73	 2013	 10	 20	 0	 0	 0.000000
 18.62	 2013	 10	 21	 0	 0	 0.000000
 18.47	 2013	 10	 22	 0	 0	 0.000000
 18.17	 2013	 10	 23	 0	 0	 0.000000
 18.24	 2013	 10	 24	 0	 0	 0.000000
 18.28	 2013	 10	 25	 0	 0	 0.000000
 18.11	 2013	 10	 26	 0	 0	 0.000000
 17.83	 2013	 10	 27	 0	 0	 0.000000
 17.88	 2013	 10	 28	 0	 0	 0.000000
 17.98	 2013	 10	 29	 0	 0	 0.000000
 18.13	 2013	 10	 30	 0	 0	 0.000000
 18.05	 2013	 10	 31	 0	 0	 0.000000
 17.66	 2013	 11	 1	 0	 0	 0.000000
 17.65	 2013	 11	 2	 0	 0	 0.000000
 17.67	 2013	 11	 3	 0	 0	 0.000000
 17.81	 2013	 11	 4	 0	 0	 0.000000
 17.87	 2013	 11	 5	 0	 0	 0.000000
 17.68	 2013	 11	 6	 0	 0	 0.000000
 17.16	 2013	 11	 7	 0	 0	 0.000000
 16.83	 2013	 11	 8	 0	 0	 0.000000
 16.75	 2013	 11	 9	 0	 0	 0.000000
 16.81	 2013	 11	 10	 0	 0	 0.000000
 16.76	 2013	 11	 11	 0	 0	 0.000000
 16.57	 2013	 11	 12	 0	 0	 0.000000
 16.24	 2013	 11	 13	 0	 0	 0.000000
 15.86	 2013	 11	 14	 0	 0	 0.000000
 15.9	 2013	 11	 15	 0	 0	 0.000000
 15.86	 2013	 11	 16	 0	 0	 0.000000
 15.67	 2013	 11	 17	 0	 0	 0.000000
 15.74	 2013	 11	 18	 0	 0	 0.000000
 15.71	 2013	 11	 19	 0	 0	 0.000000
 15.72	 2013	 11	 20	 0	 0	 0.000000
 15.83	 2013	 11	 21	 0	 0	 0.000000
 15.84	 2013	 11	 22	 0	 0	 0.000000
 15.94	 2013	 11	 23	 0	 0	 0.000000
 15.94	 2013	 11	 24	 0	 0	 0.000000
 16.13	 2013	 11	 25	 0	 0	 0.000000
 16.17	 2013	 11	 26	 0	 0	 0.000000
 15.73	 2013	 11	 27	 0	 0	 0.000000
 15.69	 2013	 11	 28	 0	 0	 0.000000
 15.5	 2013	 11	 29	 0	 0	 0.000000
 15.46	 2013	 11	 30	 0	 0	 0.000000
 15.53	 2013	 12	 1	 0	 0	 0.000000
 15.39	 2013	 12	 2	 0	 0	 0.000000
 14.47	 2013	 12	 3	 0	 0	 0.000000
 14.15	 2013	 12	 4	 0	 0	 0.000000
 13.99	 2013	 12	 5	 0	 0	 0.000000
 13.92	 2013	 12	 6	 0	 0	 0.000000
 13.9	 2013	 12	 7	 0	 0	 0.000000
 13.43	 2013	 12	 8	 0	 0	 0.000000
 13.06	 2013	 12	 9	 0	 0	 0.000000
 12.76	 2013	 12	 10	 0	 0	 0.000000
 12.42	 2013	 12	 11	 0	 0	 0.000000
 12.58	 2013	 12	 12	 0	 0	 0.000000
 12.53	 2013	 12	 13	 0	 0	 0.000000
 12.5	 2013	 12	 14	 0	 0	 0.000000
 12.44	 2013	 12	 15	 0	 0	 0.000000
 12.53	 2013	 12	 16	 0	 0	 0.000000
 12.55	 2013	 12	 17	 0	 0	 0.000000
 12.51	 2013	 12	 18	 0	 0	 0.000000
 12.5	 2013	 12	 19	 0	 0	 0.000000
 12.49	 2013	 12	 20	 0	 0	 0.000000
 12.37	 2013	 12	 21	 0	 0	 0.000000
 11.95	 2013	 12	 22	 0	 0	 0.000000
 11.99	 2013	 12	 23	 0	 0	 0.000000
 12.07	 2013	 12	 24	 0	 0	 0.000000
 12.11	 2013	 12	 25	 0	 0	 0.000000
 12.16	 2013	 12	 26	 0	 0	 0.000000
 12.21	 2013	 12	 27	 0	 0	 0.000000
 12.27	 2013	 12	 28	 0	 0	 0.000000
 12.2	 2013	 12	 29	 0	 0	 0.000000
 11.97	 2013	 12	 30	 0	 0	 0.000000
 11.92	 2013	 12	 31	 0	 0	 0.000000
 12.13	 2014	 1	 1	 0	 0	 0.000000
 11.98	 2014	 1	 2	 0	 0	 0.000000
 11.71	 2014	 1	 3	 0	 0	 0.000000
 11.64	 2014	 1	 4	 0	 0	 0.000000
 11.77	 2014	 1	 5	 0	 0	 0.000000
 11.94	 2014	 1	 6	 0	 0	 0.000000
 11.86	 2014	 1	 7	 0	 0	 0.000000
 11.91	 2014	 1	 8	 0	 0	 0.000000
 11.84	 2014	 1	 9	 0	 0	 0.000000
 11.92	 2014	 1	 10	 0	 0	 0.000000
 11.97	 2014	 1	 11	 0	 0	 0.000000
 11.65	 2014	 1	 12	 0	 0	 0.000000
 11.42	 2014	 1	 13	 0	 0	 0.000000
 11.53	 2014	 1	 14	 0	 0	 0.000000
 11.88	 2014	 1	 15	 0	 0	 0.000000
 11.94	 2014	 1	 16	 0	 0	 0.000000
 11.57	 2014	 1	 17	 0	 0	 0.000000
 11.44	 2014	 1	 18	 0	 0	 0.000000
 11.32	 2014	 1	 19	 0	 0	 0.000000
 11.13	 2014	 1	 20	 0	 0	 0.000000
 11.09	 2014	 1	 21	 0	 0	 0.000000
 11.13	 2014	 1	 22	 0	 0	 0.000000
 10.95	 2014	 1	 23	 0	 0	 0.000000
 10.66	 2014	 1	 24	 0	 0	 0.000000
 10.54	 2014	 1	 25	 0	 0	 0.000000
 10.32	 2014	 1	 26	 0	 0	 0.000000
 10.08	 2014	 1	 27	 0	 0	 0.000000
 9.95	 2014	 1	 28	 0	 0	 0.000000
 9.9	 2014	 1	 29	 0	 0	 0.000000
 9.65	 2014	 1	 30	 0	 0	 0.000000
 9.71	 2014	 1	 31	 0	 0	 0.000000
 9.69	 2014	 2	 1	 0	 0	 0.000000
 9.57	 2014	 2	 2	 0	 0	 0.000000
 9.58	 2014	 2	 3	 0	 0	 0.000000
 9.5	 2014	 2	 4	 0	 0	 0.000000
 9.22	 2014	 2	 5	 0	 0	 0.000000
 9.04	 2014	 2	 6	 0	 0	 0.000000
 9.04	 2014	 2	 7	 0	 0	 0.000000
 9.27	 2014	 2	 8	 0	 0	 0.000000
 9.57	 2014	 2	 9	 0	 0	 0.000000
 9.8	 2014	 2	 10	 0	 0	 0.000000
 9.88	 2014	 2	 11	 0	 0	 0.000000
 10.25	 2014	 2	 12	 0	 0	 0.000000
 10.65	 2014	 2	 13	 0	 0	 0.000000
 10.64	 2014	 2	 14	 0	 0	 0.000000
 10.66	 2014	 2	 15	 0	 0	 0.000000
 10.68	 2014	 2	 16	 0	 0	 0.000000
 9.83	 2014	 2	 17	 0	 0	 0.000000
 9.74	 2014	 2	 18	 0	 0	 0.000000
 9.72	 2014	 2	 19	 0	 0	 0.000000
 9.45	 2014	 2	 20	 0	 0	 0.000000
 9.41	 2014	 2	 21	 0	 0	 0.000000
 9.61	 2014	 2	 22	 0	 0	 0.000000
 9.74	 2014	 2	 23	 0	 0	 0.000000
 9.69	 2014	 2	 24	 0	 0	 0.000000
 9.92	 2014	 2	 25	 0	 0	 0.000000
 9.75	 2014	 2	 26	 0	 0	 0.000000
 9.64	 2014	 2	 27	 0	 0	 0.000000
 9.54	 2014	 2	 28	 0	 0	 0.000000
 9.4	 2014	 3	 1	 0	 0	 0.000000
 9.37	 2014	 3	 2	 0	 0	 0.000000
 9.44	 2014	 3	 3	 0	 0	 0.000000
 10.4	 2014	 3	 4	 0	 0	 0.000000
 10.46	 2014	 3	 5	 0	 0	 0.000000
 10.68	 2014	 3	 6	 0	 0	 0.000000
 10.43	 2014	 3	 7	 0	 0	 0.000000
 10.21	 2014	 3	 8	 0	 0	 0.000000
 10.16	 2014	 3	 9	 0	 0	 0.000000
 10.15	 2014	 3	 10	 0	 0	 0.000000
 10.09	 2014	 3	 11	 0	 0	 0.000000
 10.08	 2014	 3	 12	 0	 0	 0.000000
 10.27	 2014	 3	 13	 0	 0	 0.000000
 10.39	 2014	 3	 14	 0	 0	 0.000000
 10.44	 2014	 3	 15	 0	 0	 0.000000
 10.52	 2014	 3	 16	 0	 0	 0.000000
 9.92	 2014	 3	 17	 0	 0	 0.000000
 9.93	 2014	 3	 18	 0	 0	 0.000000
 9.63	 2014	 3	 19	 0	 0	 0.000000
 9.83	 2014	 3	 20	 0	 0	 0.000000
 10.3	 2014	 3	 21	 0	 0	 0.000000
 10.7	 2014	 3	 22	 0	 0	 0.000000
 11.51	 2014	 3	 23	 0	 0	 0.000000
 11.83	 2014	 3	 24	 0	 0	 0.000000
 11.62	 2014	 3	 25	 0	 0	 0.000000
 11.3	 2014	 3	 26	 0	 0	 0.000000
 10.82	 2014	 3	 27	 0	 0	 0.000000
 10.53	 2014	 3	 28	 0	 0	 0.000000
 10.19	 2014	 3	 29	 0	 0	 0.000000
 10.13	 2014	 3	 30	 0	 0	 0.000000
 9.95	 2014	 3	 31	 0	 0	 0.000000
 9.97	 2014	 4	 1	 0	 0	 0.000000
 9.94	 2014	 4	 2	 0	 0	 0.000000
 10.11	 2014	 4	 3	 0	 0	 0.000000
 10.28	 2014	 4	 4	 0	 0	 0.000000
 10.29	 2014	 4	 5	 0	 0	 0.000000
 10.25	 2014	 4	 6	 0	 0	 0.000000
 10.24	 2014	 4	 7	 0	 0	 0.000000
 10.74	 2014	 4	 8	 0	 0	 0.000000
 10.84	 2014	 4	 9	 0	 0	 0.000000
 11.43	 2014	 4	 10	 0	 0	 0.000000
 11.96	 2014	 4	 11	 0	 0	 0.000000
 11.97	 2014	 4	 12	 0	 0	 0.000000
 11.84	 2014	 4	 13	 0	 0	 0.000000
 11.09	 2014	 4	 14	 0	 0	 0.000000
 11.51	 2014	 4	 15	 0	 0	 0.000000
 12.25	 2014	 4	 16	 0	 0	 0.000000
 13.84	 2014	 4	 17	 0	 0	 0.000000
 14.1	 2014	 4	 18	 0	 0	 0.000000
 14.11	 2014	 4	 19	 0	 0	 0.000000
 13.79	 2014	 4	 20	 0	 0	 0.000000
 13.62	 2014	 4	 21	 0	 0	 0.000000
 13.36	 2014	 4	 22	 0	 0	 0.000000
 12.68	 2014	 4	 23	 0	 0	 0.000000
 12.61	 2014	 4	 24	 0	 0	 0.000000
 12.81	 2014	 4	 25	 0	 0	 0.000000
 13.19	 2014	 4	 26	 0	 0	 0.000000
 13.69	 2014	 4	 27	 0	 0	 0.000000
 13.88	 2014	 4	 28	 0	 0	 0.000000
 13.88	 2014	 4	 29	 0	 0	 0.000000
 13.91	 2014	 4	 30	 0	 0	 0.000000
 14.29	 2014	 5	 1	 0	 0	 0.000000
 14.9	 2014	 5	 2	 0	 0	 0.000000
 15.13	 2014	 5	 3	 0	 0	 0.000000
 15.34	 2014	 5	 4	 0	 0	 0.000000
 15.24	 2014	 5	 5	 0	 0	 0.000000
 14.56	 2014	 5	 6	 0	 0	 0.000000
 14.93	 2014	 5	 7	 0	 0	 0.000000
 15.1	 2014	 5	 8	 0	 0	 0.000000
 16.85	 2014	 5	 9	 0	 0	 0.000000
 17.47	 2014	 5	 10	 0	 0	 0.000000
 17.33	 2014	 5	 11	 0	 0	 0.000000
 17.28	 2014	 5	 12	 0	 0	 0.000000
 18.03	 2014	 5	 13	 0	 0	 0.000000
 18.35	 2014	 5	 14	 0	 0	 0.000000
 18.66	 2014	 5	 15	 0	 0	 0.000000
 20.28	 2014	 5	 16	 0	 0	 0.000000
 20.99	 2014	 5	 17	 0	 0	 0.000000
 20.6	 2014	 5	 18	 0	 0	 0.000000
 20.15	 2014	 5	 19	 0	 0	 0.000000
 19.84	 2014	 5	 20	 0	 0	 0.000000
 19.26	 2014	 5	 21	 0	 0	 0.000000
 19.19	 2014	 5	 22	 0	 0	 0.000000
 19.69	 2014	 5	 23	 0	 0	 0.000000
 20.17	 2014	 5	 24	 0	 0	 0.000000
 20.44	 2014	 5	 25	 0	 0	 0.000000
 20.1	 2014	 5	 26	 0	 0	 0.000000
 20.23	 2014	 5	 27	 0	 0	 0.000000
 20.46	 2014	 5	 28	 0	 0	 0.000000
 20.66	 2014	 5	 29	 0	 0	 0.000000
 20.86	 2014	 5	 30	 0	 0	 0.000000
 21.09	 2014	 5	 31	 0	 0	 0.000000
 20.77	 2014	 6	 1	 0	 0	 0.000000
 20.81	 2014	 6	 2	 0	 0	 0.000000
 20.65	 2014	 6	 3	 0	 0	 0.000000
 20.45	 2014	 6	 4	 0	 0	 0.000000
 20.37	 2014	 6	 5	 0	 0	 0.000000
 20.36	 2014	 6	 6	 0	 0	 0.000000
 20.64	 2014	 6	 7	 0	 0	 0.000000
 21.01	 2014	 6	 8	 0	 0	 0.000000
 21.57	 2014	 6	 9	 0	 0	 0.000000
 21.97	 2014	 6	 10	 0	 0	 0.000000
 21.75	 2014	 6	 11	 0	 0	 0.000000
 21.33	 2014	 6	 12	 0	 0	 0.000000
 21.22	 2014	 6	 13	 0	 0	 0.000000
 21.19	 2014	 6	 14	 0	 0	 0.000000
 21.44	 2014	 6	 15	 0	 0	 0.000000
 22.01	 2014	 6	 16	 0	 0	 0.000000
 22.31	 2014	 6	 17	 0	 0	 0.000000
 22.66	 2014	 6	 18	 0	 0	 0.000000
 22.82	 2014	 6	 19	 0	 0	 0.000000
 22.86	 2014	 6	 20	 0	 0	 0.000000
 23.2	 2014	 6	 21	 0	 0	 0.000000
 23.48	 2014	 6	 22	 0	 0	 0.000000
 23.21	 2014	 6	 23	 0	 0	 0.000000
 23.1	 2014	 6	 24	 0	 0	 0.000000
 23.51	 2014	 6	 25	 0	 0	 0.000000
 23.41	 2014	 6	 26	 0	 0	 0.000000
 23.53	 2014	 6	 27	 0	 0	 0.000000
 23.73	 2014	 6	 28	 0	 0	 0.000000
 24.02	 2014	 6	 29	 0	 0	 0.000000
 24.26	 2014	 6	 30	 0	 0	 0.000000
 24.71	 2014	 7	 1	 0	 0	 0.000000
 24.92	 2014	 7	 2	 0	 0	 0.000000
 25.16	 2014	 7	 3	 0	 0	 0.000000
 25.16	 2014	 7	 4	 0	 0	 0.000000
 24.68	 2014	 7	 5	 0	 0	 0.000000
 24.71	 2014	 7	 6	 0	 0	 0.000000
 24.79	 2014	 7	 7	 0	 0	 0.000000
 24.78	 2014	 7	 8	 0	 0	 0.000000
 24.94	 2014	 7	 9	 0	 0	 0.000000
 24.93	 2014	 7	 10	 0	 0	 0.000000
 24.77	 2014	 7	 11	 0	 0	 0.000000
 24.69	 2014	 7	 12	 0	 0	 0.000000
 24.72	 2014	 7	 13	 0	 0	 0.000000
 24.59	 2014	 7	 14	 0	 0	 0.000000
 24.9	 2014	 7	 15	 0	 0	 0.000000
 25.36	 2014	 7	 16	 0	 0	 0.000000
 25.45	 2014	 7	 17	 0	 0	 0.000000
 26.16	 2014	 7	 18	 0	 0	 0.000000
 26.52	 2014	 7	 19	 0	 0	 0.000000
 26.19	 2014	 7	 20	 0	 0	 0.000000
 25.62	 2014	 7	 21	 0	 0	 0.000000
 25.75	 2014	 7	 22	 0	 0	 0.000000
 26.1	 2014	 7	 23	 0	 0	 0.000000
 26.24	 2014	 7	 24	 0	 0	 0.000000
 26.31	 2014	 7	 25	 0	 0	 0.000000
 26.65	 2014	 7	 26	 0	 0	 0.000000
 26.22	 2014	 7	 27	 0	 0	 0.000000
 26.15	 2014	 7	 28	 0	 0	 0.000000
 26.43	 2014	 7	 29	 0	 0	 0.000000
 26.69	 2014	 7	 30	 0	 0	 0.000000
 26.64	 2014	 7	 31	 0	 0	 0.000000
 26.78	 2014	 8	 1	 0	 0	 0.000000
 26.69	 2014	 8	 2	 0	 0	 0.000000
 26.9	 2014	 8	 3	 0	 0	 0.000000
 27	 2014	 8	 4	 0	 0	 0.000000
 26.31	 2014	 8	 5	 0	 0	 0.000000
 25.38	 2014	 8	 6	 0	 0	 0.000000
 25.64	 2014	 8	 7	 0	 0	 0.000000
 25.84	 2014	 8	 8	 0	 0	 0.000000
 25.55	 2014	 8	 9	 0	 0	 0.000000
 25.41	 2014	 8	 10	 0	 0	 0.000000
 25.64	 2014	 8	 11	 0	 0	 0.000000
 26.06	 2014	 8	 12	 0	 0	 0.000000
 26.32	 2014	 8	 13	 0	 0	 0.000000
 26.64	 2014	 8	 14	 0	 0	 0.000000
 26.97	 2014	 8	 15	 0	 0	 0.000000
 27.1	 2014	 8	 16	 0	 0	 0.000000
 27.6	 2014	 8	 17	 0	 0	 0.000000
 27.39	 2014	 8	 18	 0	 0	 0.000000
 26.66	 2014	 8	 19	 0	 0	 0.000000
 26.45	 2014	 8	 20	 0	 0	 0.000000
 26.67	 2014	 8	 21	 0	 0	 0.000000
 26.92	 2014	 8	 22	 0	 0	 0.000000
 27.2	 2014	 8	 23	 0	 0	 0.000000
 27.32	 2014	 8	 24	 0	 0	 0.000000
 27.66	 2014	 8	 25	 0	 0	 0.000000
 27.85	 2014	 8	 26	 0	 0	 0.000000
 27.7	 2014	 8	 27	 0	 0	 0.000000
 27.12	 2014	 8	 28	 0	 0	 0.000000
 26.62	 2014	 8	 29	 0	 0	 0.000000
 26.53	 2014	 8	 30	 0	 0	 0.000000
 26.12	 2014	 8	 31	 0	 0	 0.000000
 25.96	 2014	 9	 1	 0	 0	 0.000000
 26.36	 2014	 9	 2	 0	 0	 0.000000
 26.82	 2014	 9	 3	 0	 0	 0.000000
 26.84	 2014	 9	 4	 0	 0	 0.000000
 26.88	 2014	 9	 5	 0	 0	 0.000000
 26.96	 2014	 9	 6	 0	 0	 0.000000
 26.58	 2014	 9	 7	 0	 0	 0.000000
 26.25	 2014	 9	 8	 0	 0	 0.000000
 26.38	 2014	 9	 9	 0	 0	 0.000000
 26.56	 2014	 9	 10	 0	 0	 0.000000
 26.08	 2014	 9	 11	 0	 0	 0.000000
 25.72	 2014	 9	 12	 0	 0	 0.000000
 25.82	 2014	 9	 13	 0	 0	 0.000000
 25.84	 2014	 9	 14	 0	 0	 0.000000
 25.7	 2014	 9	 15	 0	 0	 0.000000
 25.51	 2014	 9	 16	 0	 0	 0.000000
 25.53	 2014	 9	 17	 0	 0	 0.000000
 25.33	 2014	 9	 18	 0	 0	 0.000000
 24.95	 2014	 9	 19	 0	 0	 0.000000
 24.61	 2014	 9	 20	 0	 0	 0.000000
 24.56	 2014	 9	 21	 0	 0	 0.000000
 24.59	 2014	 9	 22	 0	 0	 0.000000
 24.62	 2014	 9	 23	 0	 0	 0.000000
 24.14	 2014	 9	 24	 0	 0	 0.000000
 23.38	 2014	 9	 25	 0	 0	 0.000000
 23.64	 2014	 9	 26	 0	 0	 0.000000
 23.6	 2014	 9	 27	 0	 0	 0.000000
 23.59	 2014	 9	 28	 0	 0	 0.000000
 23.74	 2014	 9	 29	 0	 0	 0.000000
 23.48	 2014	 9	 30	 0	 0	 0.000000
 22.96	 2014	 10	 1	 0	 0	 0.000000
 22.81	 2014	 10	 2	 0	 0	 0.000000
 22.73	 2014	 10	 3	 0	 0	 0.000000
 22.68	 2014	 10	 4	 0	 0	 0.000000
 21.99	 2014	 10	 5	 0	 0	 0.000000
 21.96	 2014	 10	 6	 0	 0	 0.000000
 22.09	 2014	 10	 7	 0	 0	 0.000000
 22.17	 2014	 10	 8	 0	 0	 0.000000
 22.08	 2014	 10	 9	 0	 0	 0.000000
 21.93	 2014	 10	 10	 0	 0	 0.000000
 21.73	 2014	 10	 11	 0	 0	 0.000000
 21.54	 2014	 10	 12	 0	 0	 0.000000
 21.01	 2014	 10	 13	 0	 0	 0.000000
 20.69	 2014	 10	 14	 0	 0	 0.000000
 21.03	 2014	 10	 15	 0	 0	 0.000000
 20.84	 2014	 10	 16	 0	 0	 0.000000
 20.64	 2014	 10	 17	 0	 0	 0.000000
 20.45	 2014	 10	 18	 0	 0	 0.000000
 19.11	 2014	 10	 19	 0	 0	 0.000000
 18.91	 2014	 10	 20	 0	 0	 0.000000
 18.84	 2014	 10	 21	 0	 0	 0.000000
 19.02	 2014	 10	 22	 0	 0	 0.000000
 18.6	 2014	 10	 23	 0	 0	 0.000000
 18.44	 2014	 10	 24	 0	 0	 0.000000
 18.79	 2014	 10	 25	 0	 0	 0.000000
 18.67	 2014	 10	 26	 0	 0	 0.000000
 18.79	 2014	 10	 27	 0	 0	 0.000000
 18.83	 2014	 10	 28	 0	 0	 0.000000
 18.67	 2014	 10	 29	 0	 0	 0.000000
 18.34	 2014	 10	 30	 0	 0	 0.000000
 18.23	 2014	 10	 31	 0	 0	 0.000000
 17.25	 2014	 11	 1	 0	 0	 0.000000
 17.18	 2014	 11	 2	 0	 0	 0.000000
 17.18	 2014	 11	 3	 0	 0	 0.000000
 17.24	 2014	 11	 4	 0	 0	 0.000000
 17.44	 2014	 11	 5	 0	 0	 0.000000
 17.56	 2014	 11	 6	 0	 0	 0.000000
 17.4	 2014	 11	 7	 0	 0	 0.000000
 17.11	 2014	 11	 8	 0	 0	 0.000000
 16.63	 2014	 11	 9	 0	 0	 0.000000
 16.51	 2014	 11	 10	 0	 0	 0.000000
 16.26	 2014	 11	 11	 0	 0	 0.000000
 16.02	 2014	 11	 12	 0	 0	 0.000000
 15.98	 2014	 11	 13	 0	 0	 0.000000
 15.82	 2014	 11	 14	 0	 0	 0.000000
 15.71	 2014	 11	 15	 0	 0	 0.000000
 15.87	 2014	 11	 16	 0	 0	 0.000000
 16.12	 2014	 11	 17	 0	 0	 0.000000
 15.8	 2014	 11	 18	 0	 0	 0.000000
 15.79	 2014	 11	 19	 0	 0	 0.000000
 15.71	 2014	 11	 20	 0	 0	 0.000000
 15.55	 2014	 11	 21	 0	 0	 0.000000
 15.54	 2014	 11	 22	 0	 0	 0.000000
 15.46	 2014	 11	 23	 0	 0	 0.000000
 15.38	 2014	 11	 24	 0	 0	 0.000000
 15.38	 2014	 11	 25	 0	 0	 0.000000
 15.43	 2014	 11	 26	 0	 0	 0.000000
 15.13	 2014	 11	 27	 0	 0	 0.000000
 14.92	 2014	 11	 28	 0	 0	 0.000000
 14.89	 2014	 11	 29	 0	 0	 0.000000
 14.7	 2014	 11	 30	 0	 0	 0.000000
 13.4	 2014	 12	 1	 0	 0	 0.000000
 13.55	 2014	 12	 2	 0	 0	 0.000000
 13.8	 2014	 12	 3	 0	 0	 0.000000
 13.82	 2014	 12	 4	 0	 0	 0.000000
 13.84	 2014	 12	 5	 0	 0	 0.000000
 13.87	 2014	 12	 6	 0	 0	 0.000000
 13.83	 2014	 12	 7	 0	 0	 0.000000
 13.72	 2014	 12	 8	 0	 0	 0.000000
 13.79	 2014	 12	 9	 0	 0	 0.000000
 13.76	 2014	 12	 10	 0	 0	 0.000000
 13.2	 2014	 12	 11	 0	 0	 0.000000
 13.12	 2014	 12	 12	 0	 0	 0.000000
 13.15	 2014	 12	 13	 0	 0	 0.000000
 13.09	 2014	 12	 14	 0	 0	 0.000000
 13.07	 2014	 12	 15	 0	 0	 0.000000
 13.06	 2014	 12	 16	 0	 0	 0.000000
 13.37	 2014	 12	 17	 0	 0	 0.000000
 13.48	 2014	 12	 18	 0	 0	 0.000000
 13.31	 2014	 12	 19	 0	 0	 0.000000
 13.36	 2014	 12	 20	 0	 0	 0.000000
 13.32	 2014	 12	 21	 0	 0	 0.000000
 13.09	 2014	 12	 22	 0	 0	 0.000000
 13.07	 2014	 12	 23	 0	 0	 0.000000
 13.12	 2014	 12	 24	 0	 0	 0.000000
 13.17	 2014	 12	 25	 0	 0	 0.000000
 13.29	 2014	 12	 26	 0	 0	 0.000000
 13.43	 2014	 12	 27	 0	 0	 0.000000
 13.05	 2014	 12	 28	 0	 0	 0.000000
 12.77	 2014	 12	 29	 0	 0	 0.000000
 12.65	 2014	 12	 30	 0	 0	 0.000000
 12.34	 2014	 12	 31	 0	 0	 0.000000
 12.28	 2015	 1	 1	 0	 0	 0.000000
 12.4	 2015	 1	 2	 0	 0	 0.000000
 12.33	 2015	 1	 3	 0	 0	 0.000000
 12.28	 2015	 1	 4	 0	 0	 0.000000
 12.16	 2015	 1	 5	 0	 0	 0.000000
 12.04	 2015	 1	 6	 0	 0	 0.000000
 11.92	 2015	 1	 7	 0	 0	 0.000000
 11.64	 2015	 1	 8	 0	 0	 0.000000
 11.44	 2015	 1	 9	 0	 0	 0.000000
 11.34	 2015	 1	 10	 0	 0	 0.000000
 11.22	 2015	 1	 11	 0	 0	 0.000000
 11.7	 2015	 1	 12	 0	 0	 0.000000
 11.81	 2015	 1	 13	 0	 0	 0.000000
 12.07	 2015	 1	 14	 0	 0	 0.000000
 12.11	 2015	 1	 15	 0	 0	 0.000000
 11.89	 2015	 1	 16	 0	 0	 0.000000
 11.7	 2015	 1	 17	 0	 0	 0.000000
 11.63	 2015	 1	 18	 0	 0	 0.000000
 11.55	 2015	 1	 19	 0	 0	 0.000000
 11.75	 2015	 1	 20	 0	 0	 0.000000
 11.55	 2015	 1	 21	 0	 0	 0.000000
 11.42	 2015	 1	 22	 0	 0	 0.000000
 11.44	 2015	 1	 23	 0	 0	 0.000000
 11.36	 2015	 1	 24	 0	 0	 0.000000
 11.38	 2015	 1	 25	 0	 0	 0.000000
 11.41	 2015	 1	 26	 0	 0	 0.000000
 11.03	 2015	 1	 27	 0	 0	 0.000000
 11.1	 2015	 1	 28	 0	 0	 0.000000
 11.16	 2015	 1	 29	 0	 0	 0.000000
 11.19	 2015	 1	 30	 0	 0	 0.000000
 11.2	 2015	 1	 31	 0	 0	 0.000000
 11.4	 2015	 2	 1	 0	 0	 0.000000
 11.25	 2015	 2	 2	 0	 0	 0.000000
 11.02	 2015	 2	 3	 0	 0	 0.000000
 10.96	 2015	 2	 4	 0	 0	 0.000000
 11.11	 2015	 2	 5	 0	 0	 0.000000
 11.08	 2015	 2	 6	 0	 0	 0.000000
 11.04	 2015	 2	 7	 0	 0	 0.000000
 10.65	 2015	 2	 8	 0	 0	 0.000000
 10.61	 2015	 2	 9	 0	 0	 0.000000
 10.37	 2015	 2	 10	 0	 0	 0.000000
 10.03	 2015	 2	 11	 0	 0	 0.000000
 9.69	 2015	 2	 12	 0	 0	 0.000000
 9.62	 2015	 2	 13	 0	 0	 0.000000
 9.63	 2015	 2	 14	 0	 0	 0.000000
 9.34	 2015	 2	 15	 0	 0	 0.000000
 9.12	 2015	 2	 16	 0	 0	 0.000000
 9.3	 2015	 2	 17	 0	 0	 0.000000
 9.53	 2015	 2	 18	 0	 0	 0.000000
 9.78	 2015	 2	 19	 0	 0	 0.000000
 9.76	 2015	 2	 20	 0	 0	 0.000000
 9.74	 2015	 2	 21	 0	 0	 0.000000
 9.99	 2015	 2	 22	 0	 0	 0.000000
 10.13	 2015	 2	 23	 0	 0	 0.000000
 10.03	 2015	 2	 24	 0	 0	 0.000000
 9.91	 2015	 2	 25	 0	 0	 0.000000
 10.03	 2015	 2	 26	 0	 0	 0.000000
 10.54	 2015	 2	 27	 0	 0	 0.000000
 10.63	 2015	 2	 28	 0	 0	 0.000000
 10.29	 2015	 3	 1	 0	 0	 0.000000
 10.3	 2015	 3	 2	 0	 0	 0.000000
 10.37	 2015	 3	 3	 0	 0	 0.000000
 10.49	 2015	 3	 4	 0	 0	 0.000000
 10.45	 2015	 3	 5	 0	 0	 0.000000
 10.51	 2015	 3	 6	 0	 0	 0.000000
 10.5	 2015	 3	 7	 0	 0	 0.000000
 10.44	 2015	 3	 8	 0	 0	 0.000000
 10.6	 2015	 3	 9	 0	 0	 0.000000
 10.78	 2015	 3	 10	 0	 0	 0.000000
 10.85	 2015	 3	 11	 0	 0	 0.000000
 10.53	 2015	 3	 12	 0	 0	 0.000000
 10.21	 2015	 3	 13	 0	 0	 0.000000
 10.07	 2015	 3	 14	 0	 0	 0.000000
 9.75	 2015	 3	 15	 0	 0	 0.000000
 9.65	 2015	 3	 16	 0	 0	 0.000000
 9.5	 2015	 3	 17	 0	 0	 0.000000
 9.49	 2015	 3	 18	 0	 0	 0.000000
 9.81	 2015	 3	 19	 0	 0	 0.000000
 9.98	 2015	 3	 20	 0	 0	 0.000000
 10.15	 2015	 3	 21	 0	 0	 0.000000
 10.17	 2015	 3	 22	 0	 0	 0.000000
 10.09	 2015	 3	 23	 0	 0	 0.000000
 10.17	 2015	 3	 24	 0	 0	 0.000000
 10.34	 2015	 3	 25	 0	 0	 0.000000
 10.75	 2015	 3	 26	 0	 0	 0.000000
 9.58	 2015	 3	 27	 0	 0	 0.000000
 9.23	 2015	 3	 28	 0	 0	 0.000000
 9.47	 2015	 3	 29	 0	 0	 0.000000
 9.55	 2015	 3	 30	 0	 0	 0.000000
 10.27	 2015	 3	 31	 0	 0	 0.000000
 10.65	 2015	 4	 1	 0	 0	 0.000000
 10.57	 2015	 4	 2	 0	 0	 0.000000
 10.44	 2015	 4	 3	 0	 0	 0.000000
 10.11	 2015	 4	 4	 0	 0	 0.000000
 9.74	 2015	 4	 5	 0	 0	 0.000000
 10.07	 2015	 4	 6	 0	 0	 0.000000
 10.06	 2015	 4	 7	 0	 0	 0.000000
 9.95	 2015	 4	 8	 0	 0	 0.000000
 9.87	 2015	 4	 9	 0	 0	 0.000000
 10.09	 2015	 4	 10	 0	 0	 0.000000
 10.11	 2015	 4	 11	 0	 0	 0.000000
 10.14	 2015	 4	 12	 0	 0	 0.000000
 10.44	 2015	 4	 13	 0	 0	 0.000000
 10.57	 2015	 4	 14	 0	 0	 0.000000
 10.95	 2015	 4	 15	 0	 0	 0.000000
 10.81	 2015	 4	 16	 0	 0	 0.000000
 10.94	 2015	 4	 17	 0	 0	 0.000000
 11.13	 2015	 4	 18	 0	 0	 0.000000
 10.87	 2015	 4	 19	 0	 0	 0.000000
 10.34	 2015	 4	 20	 0	 0	 0.000000
 10.47	 2015	 4	 21	 0	 0	 0.000000
 10.64	 2015	 4	 22	 0	 0	 0.000000
 10.93	 2015	 4	 23	 0	 0	 0.000000
 10.86	 2015	 4	 24	 0	 0	 0.000000
 11.07	 2015	 4	 25	 0	 0	 0.000000
 11.35	 2015	 4	 26	 0	 0	 0.000000
 11.51	 2015	 4	 27	 0	 0	 0.000000
 11.84	 2015	 4	 28	 0	 0	 0.000000
 12.12	 2015	 4	 29	 0	 0	 0.000000
 12.76	 2015	 4	 30	 0	 0	 0.000000
 13.04	 2015	 5	 1	 0	 0	 0.000000
 13.27	 2015	 5	 2	 0	 0	 0.000000
 13.5	 2015	 5	 3	 0	 0	 0.000000
 13.33	 2015	 5	 4	 0	 0	 0.000000
 13.47	 2015	 5	 5	 0	 0	 0.000000
 14.14	 2015	 5	 6	 0	 0	 0.000000
 14.67	 2015	 5	 7	 0	 0	 0.000000
 15.11	 2015	 5	 8	 0	 0	 0.000000
 15.5	 2015	 5	 9	 0	 0	 0.000000
 16.01	 2015	 5	 10	 0	 0	 0.000000
 16.23	 2015	 5	 11	 0	 0	 0.000000
 16.18	 2015	 5	 12	 0	 0	 0.000000
 16.27	 2015	 5	 13	 0	 0	 0.000000
 16.63	 2015	 5	 14	 0	 0	 0.000000
 17.01	 2015	 5	 15	 0	 0	 0.000000
 17	 2015	 5	 16	 0	 0	 0.000000
 17.25	 2015	 5	 17	 0	 0	 0.000000
 17.63	 2015	 5	 18	 0	 0	 0.000000
 17.97	 2015	 5	 19	 0	 0	 0.000000
 18.89	 2015	 5	 20	 0	 0	 0.000000
 19.68	 2015	 5	 21	 0	 0	 0.000000
 19.85	 2015	 5	 22	 0	 0	 0.000000
 19.9	 2015	 5	 23	 0	 0	 0.000000
 20.54	 2015	 5	 24	 0	 0	 0.000000
 20.26	 2015	 5	 25	 0	 0	 0.000000
 20.21	 2015	 5	 26	 0	 0	 0.000000
 20.19	 2015	 5	 27	 0	 0	 0.000000
 19.91	 2015	 5	 28	 0	 0	 0.000000
 19.77	 2015	 5	 29	 0	 0	 0.000000
 19.59	 2015	 5	 30	 0	 0	 0.000000
 19.78	 2015	 5	 31	 0	 0	 0.000000
 20.26	 2015	 6	 1	 0	 0	 0.000000
 20.53	 2015	 6	 2	 0	 0	 0.000000
 20.94	 2015	 6	 3	 0	 0	 0.000000
 21.2	 2015	 6	 4	 0	 0	 0.000000
 20.93	 2015	 6	 5	 0	 0	 0.000000
 21.31	 2015	 6	 6	 0	 0	 0.000000
 22.11	 2015	 6	 7	 0	 0	 0.000000
 22.14	 2015	 6	 8	 0	 0	 0.000000
 21.82	 2015	 6	 9	 0	 0	 0.000000
 21.37	 2015	 6	 10	 0	 0	 0.000000
 22	 2015	 6	 11	 0	 0	 0.000000
 22.87	 2015	 6	 12	 0	 0	 0.000000
 22.96	 2015	 6	 13	 0	 0	 0.000000
 23.04	 2015	 6	 14	 0	 0	 0.000000
 23.03	 2015	 6	 15	 0	 0	 0.000000
 22.88	 2015	 6	 16	 0	 0	 0.000000
 22.97	 2015	 6	 17	 0	 0	 0.000000
 23.38	 2015	 6	 18	 0	 0	 0.000000
 23.52	 2015	 6	 19	 0	 0	 0.000000
 23.7	 2015	 6	 20	 0	 0	 0.000000
 23.79	 2015	 6	 21	 0	 0	 0.000000
 23.55	 2015	 6	 22	 0	 0	 0.000000
 23.34	 2015	 6	 23	 0	 0	 0.000000
 23.9	 2015	 6	 24	 0	 0	 0.000000
 24.08	 2015	 6	 25	 0	 0	 0.000000
 23.37	 2015	 6	 26	 0	 0	 0.000000
 23.59	 2015	 6	 27	 0	 0	 0.000000
 23.57	 2015	 6	 28	 0	 0	 0.000000
 23.28	 2015	 6	 29	 0	 0	 0.000000
 22.89	 2015	 6	 30	 0	 0	 0.000000
 22.77	 2015	 7	 1	 0	 0	 0.000000
 22.67	 2015	 7	 2	 0	 0	 0.000000
 22.68	 2015	 7	 3	 0	 0	 0.000000
 22.68	 2015	 7	 4	 0	 0	 0.000000
 22.39	 2015	 7	 5	 0	 0	 0.000000
 22.83	 2015	 7	 6	 0	 0	 0.000000
 23.93	 2015	 7	 7	 0	 0	 0.000000
 24.3	 2015	 7	 8	 0	 0	 0.000000
 24.63	 2015	 7	 9	 0	 0	 0.000000
 24.66	 2015	 7	 10	 0	 0	 0.000000
 24.68	 2015	 7	 11	 0	 0	 0.000000
 24.53	 2015	 7	 12	 0	 0	 0.000000
 24.36	 2015	 7	 13	 0	 0	 0.000000
 24.48	 2015	 7	 14	 0	 0	 0.000000
 24.46	 2015	 7	 15	 0	 0	 0.000000
 24.52	 2015	 7	 16	 0	 0	 0.000000
 24.71	 2015	 7	 17	 0	 0	 0.000000
 24.8	 2015	 7	 18	 0	 0	 0.000000
 24.98	 2015	 7	 19	 0	 0	 0.000000
 25.42	 2015	 7	 20	 0	 0	 0.000000
 26.04	 2015	 7	 21	 0	 0	 0.000000
 25.93	 2015	 7	 22	 0	 0	 0.000000
 26.02	 2015	 7	 23	 0	 0	 0.000000
 26.1	 2015	 7	 24	 0	 0	 0.000000
 26.33	 2015	 7	 25	 0	 0	 0.000000
 26.58	 2015	 7	 26	 0	 0	 0.000000
 27.11	 2015	 7	 27	 0	 0	 0.000000
 27.05	 2015	 7	 28	 0	 0	 0.000000
 27.35	 2015	 7	 29	 0	 0	 0.000000
 27.5	 2015	 7	 30	 0	 0	 0.000000
 27.66	 2015	 7	 31	 0	 0	 0.000000
 27.4	 2015	 8	 1	 0	 0	 0.000000
 27.53	 2015	 8	 2	 0	 0	 0.000000
 27.71	 2015	 8	 3	 0	 0	 0.000000
 27.87	 2015	 8	 4	 0	 0	 0.000000
 27.98	 2015	 8	 5	 0	 0	 0.000000
 27.72	 2015	 8	 6	 0	 0	 0.000000
 27.6	 2015	 8	 7	 0	 0	 0.000000
 27.77	 2015	 8	 8	 0	 0	 0.000000
 27.72	 2015	 8	 9	 0	 0	 0.000000
 27.89	 2015	 8	 10	 0	 0	 0.000000
 27.91	 2015	 8	 11	 0	 0	 0.000000
 27.8	 2015	 8	 12	 0	 0	 0.000000
 28.01	 2015	 8	 13	 0	 0	 0.000000
 28.39	 2015	 8	 14	 0	 0	 0.000000
 28.26	 2015	 8	 15	 0	 0	 0.000000
 28.36	 2015	 8	 16	 0	 0	 0.000000
 28.55	 2015	 8	 17	 0	 0	 0.000000
 28.41	 2015	 8	 18	 0	 0	 0.000000
 28.17	 2015	 8	 19	 0	 0	 0.000000
 28	 2015	 8	 20	 0	 0	 0.000000
 28.03	 2015	 8	 21	 0	 0	 0.000000
 27.7	 2015	 8	 22	 0	 0	 0.000000
 27.51	 2015	 8	 23	 0	 0	 0.000000
 27.17	 2015	 8	 24	 0	 0	 0.000000
 25.97	 2015	 8	 25	 0	 0	 0.000000
 25.15	 2015	 8	 26	 0	 0	 0.000000
 25.4	 2015	 8	 27	 0	 0	 0.000000
 25.9	 2015	 8	 28	 0	 0	 0.000000
 26.5	 2015	 8	 29	 0	 0	 0.000000
 26.24	 2015	 8	 30	 0	 0	 0.000000
 25.81	 2015	 8	 31	 0	 0	 0.000000
 25.75	 2015	 9	 1	 0	 0	 0.000000
 25.7	 2015	 9	 2	 0	 0	 0.000000
 25.69	 2015	 9	 3	 0	 0	 0.000000
 25.64	 2015	 9	 4	 0	 0	 0.000000
 25.86	 2015	 9	 5	 0	 0	 0.000000
 26.34	 2015	 9	 6	 0	 0	 0.000000
 26.27	 2015	 9	 7	 0	 0	 0.000000
 26.19	 2015	 9	 8	 0	 0	 0.000000
 25.01	 2015	 9	 9	 0	 0	 0.000000
 25.03	 2015	 9	 10	 0	 0	 0.000000
 25.38	 2015	 9	 11	 0	 0	 0.000000
 25.18	 2015	 9	 12	 0	 0	 0.000000
 25.2	 2015	 9	 13	 0	 0	 0.000000
 25.1	 2015	 9	 14	 0	 0	 0.000000
 25.11	 2015	 9	 15	 0	 0	 0.000000
 25.17	 2015	 9	 16	 0	 0	 0.000000
 25.05	 2015	 9	 17	 0	 0	 0.000000
 24.94	 2015	 9	 18	 0	 0	 0.000000
 24.81	 2015	 9	 19	 0	 0	 0.000000
 24.96	 2015	 9	 20	 0	 0	 0.000000
 24.97	 2015	 9	 21	 0	 0	 0.000000
 24.96	 2015	 9	 22	 0	 0	 0.000000
 25.09	 2015	 9	 23	 0	 0	 0.000000
 25.27	 2015	 9	 24	 0	 0	 0.000000
 25	 2015	 9	 25	 0	 0	 0.000000
 24.85	 2015	 9	 26	 0	 0	 0.000000
 24.84	 2015	 9	 27	 0	 0	 0.000000
 24.74	 2015	 9	 28	 0	 0	 0.000000
 24.69	 2015	 9	 29	 0	 0	 0.000000
 24.65	 2015	 9	 30	 0	 0	 0.000000
 24.23	 2015	 10	 1	 0	 0	 0.000000
 24.22	 2015	 10	 2	 0	 0	 0.000000
 24.26	 2015	 10	 3	 0	 0	 0.000000
 24.18	 2015	 10	 4	 0	 0	 0.000000
 24.2	 2015	 10	 5	 0	 0	 0.000000
 24.11	 2015	 10	 6	 0	 0	 0.000000
 23.8	 2015	 10	 7	 0	 0	 0.000000
 23.68	 2015	 10	 8	 0	 0	 0.000000
 23.24	 2015	 10	 9	 0	 0	 0.000000
 23.06	 2015	 10	 10	 0	 0	 0.000000
 23.12	 2015	 10	 11	 0	 0	 0.000000
 22.94	 2015	 10	 12	 0	 0	 0.000000
 22.72	 2015	 10	 13	 0	 0	 0.000000
 21.94	 2015	 10	 14	 0	 0	 0.000000
 21.8	 2015	 10	 15	 0	 0	 0.000000
 21.48	 2015	 10	 16	 0	 0	 0.000000
 21.37	 2015	 10	 17	 0	 0	 0.000000
 21.44	 2015	 10	 18	 0	 0	 0.000000
 21.62	 2015	 10	 19	 0	 0	 0.000000
 21.47	 2015	 10	 20	 0	 0	 0.000000
 21.31	 2015	 10	 21	 0	 0	 0.000000
 21.26	 2015	 10	 22	 0	 0	 0.000000
 21.21	 2015	 10	 23	 0	 0	 0.000000
 20.87	 2015	 10	 24	 0	 0	 0.000000
 19.74	 2015	 10	 25	 0	 0	 0.000000
 19.67	 2015	 10	 26	 0	 0	 0.000000
 19.62	 2015	 10	 27	 0	 0	 0.000000
 19.29	 2015	 10	 28	 0	 0	 0.000000
 19.46	 2015	 10	 29	 0	 0	 0.000000
 19.69	 2015	 10	 30	 0	 0	 0.000000
 19.69	 2015	 10	 31	 0	 0	 0.000000
 19.69	 2015	 11	 1	 0	 0	 0.000000
 19.57	 2015	 11	 2	 0	 0	 0.000000
 19.36	 2015	 11	 3	 0	 0	 0.000000
 19.21	 2015	 11	 4	 0	 0	 0.000000
 19.37	 2015	 11	 5	 0	 0	 0.000000
 19.28	 2015	 11	 6	 0	 0	 0.000000
 18.98	 2015	 11	 7	 0	 0	 0.000000
 18.84	 2015	 11	 8	 0	 0	 0.000000
 18.48	 2015	 11	 9	 0	 0	 0.000000
 18.01	 2015	 11	 10	 0	 0	 0.000000
 18.03	 2015	 11	 11	 0	 0	 0.000000
 17.95	 2015	 11	 12	 0	 0	 0.000000
 17.4	 2015	 11	 13	 0	 0	 0.000000
 17.3	 2015	 11	 14	 0	 0	 0.000000
 17.31	 2015	 11	 15	 0	 0	 0.000000
 16.35	 2015	 11	 16	 0	 0	 0.000000
 15.58	 2015	 11	 17	 0	 0	 0.000000
 14.9	 2015	 11	 18	 0	 0	 0.000000
 14.74	 2015	 11	 19	 0	 0	 0.000000
 14.84	 2015	 11	 20	 0	 0	 0.000000
 14.93	 2015	 11	 21	 0	 0	 0.000000
 14.99	 2015	 11	 22	 0	 0	 0.000000
 15.06	 2015	 11	 23	 0	 0	 0.000000
 15.11	 2015	 11	 24	 0	 0	 0.000000
 15.07	 2015	 11	 25	 0	 0	 0.000000
 15.08	 2015	 11	 26	 0	 0	 0.000000
 15.18	 2015	 11	 27	 0	 0	 0.000000
 15	 2015	 11	 28	 0	 0	 0.000000
 14.9	 2015	 11	 29	 0	 0	 0.000000
 14.45	 2015	 11	 30	 0	 0	 0.000000
 14.2	 2015	 12	 1	 0	 0	 0.000000
 13.94	 2015	 12	 2	 0	 0	 0.000000
 13.77	 2015	 12	 3	 0	 0	 0.000000
 13.73	 2015	 12	 4	 0	 0	 0.000000
 13.94	 2015	 12	 5	 0	 0	 0.000000
 14.05	 2015	 12	 6	 0	 0	 0.000000
 13.84	 2015	 12	 7	 0	 0	 0.000000
 13.89	 2015	 12	 8	 0	 0	 0.000000
 13.88	 2015	 12	 9	 0	 0	 0.000000
 13.71	 2015	 12	 10	 0	 0	 0.000000
 13.54	 2015	 12	 11	 0	 0	 0.000000
 13.32	 2015	 12	 12	 0	 0	 0.000000
 13.23	 2015	 12	 13	 0	 0	 0.000000
 12.95	 2015	 12	 14	 0	 0	 0.000000
 12.98	 2015	 12	 15	 0	 0	 0.000000
 12.54	 2015	 12	 16	 0	 0	 0.000000
 12.38	 2015	 12	 17	 0	 0	 0.000000
 12.29	 2015	 12	 18	 0	 0	 0.000000
 12.33	 2015	 12	 19	 0	 0	 0.000000
 12.35	 2015	 12	 20	 0	 0	 0.000000
 12.33	 2015	 12	 21	 0	 0	 0.000000
 12.3	 2015	 12	 22	 0	 0	 0.000000
 12.45	 2015	 12	 23	 0	 0	 0.000000
 12.16	 2015	 12	 24	 0	 0	 0.000000
 11.92	 2015	 12	 25	 0	 0	 0.000000
 11.89	 2015	 12	 26	 0	 0	 0.000000
 11.84	 2015	 12	 27	 0	 0	 0.000000
 11.73	 2015	 12	 28	 0	 0	 0.000000
 11.44	 2015	 12	 29	 0	 0	 0.000000
 11.14	 2015	 12	 30	 0	 0	 0.000000
 10.9	 2015	 12	 31	 0	 0	 0.000000
 10.77	 2016	 1	 1	 0	 0	 0.000000
 